World,Room,File,Offset,Value,Character
Awakening,Disembark,dh01.ard,0x0003E180,xa_ex_0010.mdls,Sora
Awakening,Disembark,dh01.ard,0x0003E2C0,xa_dh_1010.mdls,Dream Sword
Awakening,Disembark,dh01.ard,0x0003E300,xa_dh_1020.mdls,Dream Shield
Awakening,Disembark,dh01.ard,0x0003E340,xa_dh_1030.mdls,Dream Wand
Awakening,Disembark,dh01.ard,0x0003E380,xa_ex_7010.mdls,Sora (High-Poly)
Awakening,[],dh02.ard,0x00000280,xa_ex_0010.mdls,Sora
Awakening,[],dh02.ard,0x00000300,xa_ex_2020.mdls,Heartless Shadow
Awakening,[],dh02.ard,0x00000340,xa_ex_7010.mdls,Sora (High-Poly)
Awakening,[],dh03.ard,0x00124400,xa_ex_0010.mdls,Sora
Awakening,[],dh03.ard,0x00124600,xa_ex_7010.mdls,Sora (High-Poly)
Awakening,[],dh03.ard,0x00124640,xa_ex_4050.mdls,Tinkerbell
Awakening,???,dh04.ard,0x00000180,xa_ex_0010.mdls,Sora
Awakening,???,dh04.ard,0x000001E0,xa_ex_2020.mdls,Heartless Shadow
Awakening,???,dh05.ard,0x0000FC80,xa_ex_0010.mdls,Sora
Awakening,???,dh05.ard,0x0000FD60,xa_di_3000.mdls,Darkside
Awakening,???,dh05.ard,0x0000FDA0,xa_ex_2020.mdls,Heartless Shadow
Awakening,???,dh05.ard,0x0000FFE0,xa_ex_7010.mdls,Sora (High-Poly)
Awakening,???,dh06.ard,0x0007E680,xa_ex_0010.mdls,Sora
Awakening,???,dh06.ard,0x0007E800,xa_di_1010.mdls,Tidus
Awakening,???,dh06.ard,0x0007E840,xa_di_1020.mdls,Selphie
Awakening,???,dh06.ard,0x0007E880,xa_di_1030.mdls,Wakka
Awakening,???,dh07.ard,0x00000180,xa_ex_0010.mdls,Sora
Destiny Islands,Seashore,di01.ard,0x0019DC00,xa_pc_0000.mdls,The Beast
Destiny Islands,Seashore,di01.ard,0x0019E180,xa_ex_0010.mdls,Sora
Destiny Islands,Seashore,di01.ard,0x0019E1C0,xa_ex_1590.mdls,Sora (Kid)
Destiny Islands,Seashore,di01.ard,0x0019E200,xa_ex_1600.mdls,Riku (Kid)
Destiny Islands,Seashore,di01.ard,0x0019E240,xa_ex_2020.mdls,Heartless Shadow
Destiny Islands,Seashore,di01.ard,0x0019E280,xa_ex_0040.mdls,Donald
Destiny Islands,Seashore,di01.ard,0x0019E2C0,xa_di_1010.mdls,Tidus
Destiny Islands,Seashore,di01.ard,0x0019E300,xa_di_1020.mdls,Selphie
Destiny Islands,Seashore,di01.ard,0x0019E340,xa_di_1030.mdls,Wakka
Destiny Islands,Seashore,di01.ard,0x0019E3A0,xa_ex_0050.mdls,Goofy
Destiny Islands,Seashore,di01.ard,0x0019E420,xa_ex_1010.mdls,Riku (Wooden Sword)
Destiny Islands,Seashore,di01.ard,0x0019E460,xa_tz_0030.mdls,Tarzan
Destiny Islands,Seashore,di01.ard,0x0019E4A0,xa_di_1000.mdls,Seagull
Destiny Islands,Seashore,di01.ard,0x0019E4E0,xa_di_1041.mdls,Fish
Destiny Islands,Seashore,di01.ard,0x0019E520,xa_ex_1020.mdls,Kairi
Destiny Islands,Seashore,di01.ard,0x0019E560,xa_ex_7010.mdls,Sora (High-Poly)
Destiny Islands,Seashore,di01.ard,0x0019E5A0,xa_ex_7140.mdls,Kairi (High-Poly)
Destiny Islands,Seashore,di01.ard,0x0019E5E0,xa_ex_7190.mdls,Riku (Wooden Sword) (High-Poly)
Destiny Islands,Seashore,di01.ard,0x0019E620,xa_al_0030.mdls,Aladdin
Destiny Islands,Seashore,di01.ard,0x0019E720,xa_nm_0030.mdls,Jack Skellington
Destiny Islands,Seaside Shack,di02.ard,0x000B8300,xa_ex_0010.mdls,Sora
Destiny Islands,Cove,di03.ard,0x000FB380,xa_ex_0010.mdls,Sora
Destiny Islands,Cove,di03.ard,0x000FB840,xa_ex_1010.mdls,Riku (Wooden Sword)
Destiny Islands,Cove,di03.ard,0x000FB880,xa_ex_1020.mdls,Kairi
Destiny Islands,Cove,di03.ard,0x000FB8C0,xa_ex_7010.mdls,Sora (High-Poly)
Destiny Islands,Cove,di03.ard,0x000FB900,xa_ex_7140.mdls,Kairi (High-Poly)
Destiny Islands,Cove,di03.ard,0x000FB940,xa_ex_7190.mdls,Riku (Wooden Sword) (High-Poly)
Destiny Islands,Cove,di03.ard,0x000FB980,xa_tw_1060.mdls,Kairi Good Luck Charm
Destiny Islands,???,di04.ard,0x000F2880,xa_ex_0010.mdls,Sora
Destiny Islands,???,di04.ard,0x000F2B40,xa_ex_1010.mdls,Riku (Wooden Sword)
Destiny Islands,???,di04.ard,0x000F2B80,xa_ex_1020.mdls,Kairi
Destiny Islands,???,di04.ard,0x000F2BC0,xa_ex_7010.mdls,Sora (High-Poly)
Destiny Islands,???,di04.ard,0x000F2C00,xa_ex_7140.mdls,Kairi (High-Poly)
Destiny Islands,???,di04.ard,0x000F2C40,xa_ex_7190.mdls,Riku (Wooden Sword) (High-Poly)
Destiny Islands,Seaside Shack,di05.ard,0x000A2600,xa_ex_0010.mdls,Sora
Destiny Islands,Seashore (Day 3),di06.ard,0x0010C580,xa_ex_0010.mdls,Sora
Destiny Islands,Seashore (Day 3),di06.ard,0x0010C880,xa_ex_1010.mdls,Riku (Wooden Sword)
Destiny Islands,Seashore (Day 3),di06.ard,0x0010C8C0,xa_ex_7010.mdls,Sora (High-Poly)
Destiny Islands,Seashore (Day 3),di06.ard,0x0010C900,xa_ex_7190.mdls,Riku (Wooden Sword) (High-Poly)
Destiny Islands,Seashore (Day 3),di06.ard,0x0010C940,xa_ex_2020.mdls,Heartless Shadow
Destiny Islands,Seashore (Day 3),di07.ard,0x000B3700,xa_ex_0010.mdls,Sora
Destiny Islands,Secret Place,di08.ard,0x0001B900,xa_ex_0010.mdls,Sora
Destiny Islands,Secret Place,di08.ard,0x0001B9C0,xa_ex_7010.mdls,Sora (High-Poly)
Destiny Islands,Secret Place,di08.ard,0x0001BA00,xa_ex_7140.mdls,Kairi (High-Poly)
Destiny Islands,Seashore (Darkside Fight),di09.ard,0x000FD080,xa_ex_0010.mdls,Sora
Destiny Islands,Seashore (Darkside Fight),di09.ard,0x000FD3C0,xa_ex_7010.mdls,Sora (High-Poly)
Destiny Islands,Seashore (Darkside Fight),di09.ard,0x000FD400,xa_di_3000.mdls,Darkside
Destiny Islands,Seashore (Darkside Fight),di09.ard,0x000FD440,xa_ex_2020.mdls,Heartless Shadow
Destiny Islands,Seashore (Day 3),di10.ard,0x0007AE00,xa_ex_0010.mdls,Sora
Destiny Islands,Seashore (Day 3),di10.ard,0x0007AF00,xa_ex_7010.mdls,Sora (High-Poly)
Destiny Islands,Secret Place,di11.ard,0x0002BB80,xa_ex_0010.mdls,Sora
Destiny Islands,Secret Place,di11.ard,0x0002BD00,xa_ex_1590.mdls,Sora (Kid)
Destiny Islands,Secret Place,di11.ard,0x0002BD40,xa_ex_1610.mdls,Kairi (Kid)
Destiny Islands,Secret Place,di11.ard,0x0002BD80,xa_ex_1640.mdls,Ansem (Brown Coat)
Destiny Islands,Secret Place,di11.ard,0x0002BDC0,xa_ex_7010.mdls,Sora (High-Poly)
Destiny Islands,???,di12.ard,0x0001B900,xa_ex_0010.mdls,Sora
Destiny Islands,???,di12.ard,0x0001B9C0,xa_ex_1590.mdls,Sora (Kid)
Destiny Islands,???,di12.ard,0x0001BA00,xa_ex_1600.mdls,Riku (Kid)
Disney Castle,???,dc01.ard,0x00034980,xa_dc_1000.mdls,Donald (Wizard)
Disney Castle,???,dc01.ard,0x000349C0,xa_dc_1060.mdls,Magic Broom
Disney Castle,???,dc01.ard,0x00034A00,xa_ex_1060.mdls,Pluto
Disney Castle,???,dc01.ard,0x00034A40,xa_ex_7080.mdls,Donald (Wizard) (High-Poly)
Disney Castle,???,dc01.ard,0x00034A80,xa_ex_0010.mdls,Sora
Traverse Town,1st District,tw01.ard,0x001F7D00,xa_ex_0010.mdls,Sora
Traverse Town,1st District,tw01.ard,0x001F7D40,xa_ex_0040.mdls,Donald
Traverse Town,1st District,tw01.ard,0x001F7D80,xa_ex_0050.mdls,Goofy
Traverse Town,1st District,tw01.ard,0x001F8380,xa_dc_1070.mdls,Jimminy Cricket
Traverse Town,1st District,tw01.ard,0x001F83C0,xa_ex_1031.mdls,Leon
Traverse Town,1st District,tw01.ard,0x001F8400,xa_ex_1041.mdls,Yuffie
Traverse Town,1st District,tw01.ard,0x001F8440,xa_ex_1140.mdls,Aerith
Traverse Town,1st District,tw01.ard,0x001F8480,xa_ex_2020.mdls,Heartless Shadow
Traverse Town,1st District,tw01.ard,0x001F84C0,xa_ex_1200.mdls,Moogle
Traverse Town,1st District,tw01.ard,0x001F8500,xa_ex_1540.mdls,Cid
Traverse Town,1st District,tw01.ard,0x001F8540,xa_tw_1000.mdls,Traverse Town NPC / Shopkeeper
Traverse Town,1st District,tw01.ard,0x001F8580,xa_tw_1010.mdls,Traverse Town NPC
Traverse Town,1st District,tw01.ard,0x001F85C0,xa_tw_1030.mdls,Traverse Town NPC
Traverse Town,1st District,tw01.ard,0x001F8600,xa_tw_1040.mdls,Traverse Town NPC
Traverse Town,1st District,tw01.ard,0x001F8840,xa_ex_1060.mdls,Pluto
Traverse Town,1st District,tw01.ard,0x001F8880,xa_ex_7010.mdls,Sora (High-Poly)
Traverse Town,1st District,tw01.ard,0x001F88C0,xa_ex_7230.mdls,Donald (High-Poly)
Traverse Town,1st District,tw01.ard,0x001F8900,xa_ex_7240.mdls,Goofy (High-Poly)
Traverse Town,1st District,tw01.ard,0x001F8940,xa_ex_1030.mdls,Leon
Traverse Town,2nd District,tw02.ard,0x00104000,xa_ex_0010.mdls,Sora
Traverse Town,2nd District,tw02.ard,0x00104040,xa_ex_0040.mdls,Donald
Traverse Town,2nd District,tw02.ard,0x00104080,xa_ex_0050.mdls,Goofy
Traverse Town,2nd District,tw02.ard,0x001040C0,xa_ex_2450.mdls,Heartless Sniperwild
Traverse Town,2nd District,tw02.ard,0x00104540,xa_tw_3010.mdls,Heartless Guard Armor
Traverse Town,2nd District,tw02.ard,0x00104580,xa_tw_3000.mdls,Heartless Guard Armor
Traverse Town,2nd District,tw02.ard,0x00104600,xa_ex_2020.mdls,Heartless Shadow
Traverse Town,2nd District,tw02.ard,0x00104640,xa_ex_2010.mdls,Heartless Soldier
Traverse Town,2nd District,tw02.ard,0x00104680,xa_ex_1031.mdls,Leon
Traverse Town,2nd District,tw02.ard,0x001046C0,xa_ex_2050.mdls,Heartless Large Body
Traverse Town,2nd District,tw02.ard,0x00104700,xa_ex_2110.mdls,Heartless Red Nocturne
Traverse Town,2nd District,tw02.ard,0x00104740,xa_ex_2120.mdls,Heartless Blue Rhapsody
Traverse Town,2nd District,tw02.ard,0x00104780,xa_ex_2130.mdls,Heartless Yellow Opera
Traverse Town,2nd District,tw02.ard,0x001047C0,xa_ex_2140.mdls,Heartless Green Requiem
Traverse Town,2nd District,tw02.ard,0x00104800,xa_ex_2230.mdls,Heartless Search Ghost
Traverse Town,2nd District,tw02.ard,0x00104840,xa_ex_2280.mdls,Heartless Darkball
Traverse Town,2nd District,tw02.ard,0x00104880,xa_ex_2320.mdls,Heartless Wyvern
Traverse Town,2nd District,tw02.ard,0x001048E0,xa_tw_1000.mdls,Traverse Town NPC / Shopkeeper
Traverse Town,3rd District,tw03.ard,0x00121E00,xa_ex_0010.mdls,Sora
Traverse Town,3rd District,tw03.ard,0x00121E40,xa_ex_0040.mdls,Donald
Traverse Town,3rd District,tw03.ard,0x00121E80,xa_ex_0050.mdls,Goofy
Traverse Town,3rd District,tw03.ard,0x00122280,xa_ex_1031.mdls,Leon
Traverse Town,3rd District,tw03.ard,0x001222C0,xa_ex_1041.mdls,Yuffie
Traverse Town,3rd District,tw03.ard,0x00122300,xa_ex_7010.mdls,Sora (High-Poly)
Traverse Town,3rd District,tw03.ard,0x00122340,xa_ex_7230.mdls,Donald (High-Poly)
Traverse Town,3rd District,tw03.ard,0x00122380,xa_ex_7240.mdls,Goofy (High-Poly)
Traverse Town,3rd District,tw03.ard,0x001223C0,xa_ex_1568.mdls,Riku (Soul Eater)
Traverse Town,3rd District,tw03.ard,0x00122400,xa_ex_1650.mdls,Donald (Angry)
Traverse Town,3rd District,tw03.ard,0x00122440,xa_ex_2010.mdls,Heartless Soldier
Traverse Town,3rd District,tw03.ard,0x00122480,xa_ex_2020.mdls,Heartless Shadow
Traverse Town,3rd District,tw03.ard,0x001224C0,xa_ex_7190.mdls,Riku (Wooden Sword) (High-Poly)
Traverse Town,3rd District,tw03.ard,0x00122520,xa_tw_3000.mdls,Heartless Guard Armor
Traverse Town,3rd District,tw03.ard,0x00122560,xa_ex_2110.mdls,Heartless Red Nocturne
Traverse Town,3rd District,tw03.ard,0x001225A0,xa_ex_2120.mdls,Heartless Blue Rhapsody
Traverse Town,3rd District,tw03.ard,0x001225E0,xa_ex_2160.mdls,Heartless Air Soldier
Traverse Town,Vacant House,tw04.ard,0x00030080,xa_ex_0010.mdls,Sora
Traverse Town,Vacant House,tw04.ard,0x000300C0,xa_ex_0040.mdls,Donald
Traverse Town,Vacant House,tw04.ard,0x00030100,xa_ex_0050.mdls,Goofy
Traverse Town,Vacant House,tw04.ard,0x000301C0,xa_ex_1031.mdls,Leon
Traverse Town,Vacant House,tw04.ard,0x00030200,xa_ex_1041.mdls,Yuffie
Traverse Town,Vacant House,tw04.ard,0x00030240,xa_ex_1140.mdls,Aerith
Traverse Town,Alleyway,tw05.ard,0x000E6B80,xa_ex_0010.mdls,Sora
Traverse Town,Alleyway,tw05.ard,0x000E6BC0,xa_ex_0040.mdls,Donald
Traverse Town,Alleyway,tw05.ard,0x000E6C00,xa_ex_0050.mdls,Goofy
Traverse Town,Alleyway,tw05.ard,0x000E6F40,xa_ex_2110.mdls,Heartless Red Nocturne
Traverse Town,Alleyway,tw05.ard,0x000E6F80,xa_ex_2120.mdls,Heartless Blue Rhapsody
Traverse Town,Alleyway,tw05.ard,0x000E6FC0,xa_ex_2130.mdls,Heartless Yellow Opera
Traverse Town,Alleyway,tw05.ard,0x000E7000,xa_ex_2140.mdls,Heartless Green Requiem
Traverse Town,Alleyway,tw05.ard,0x000E7040,xa_ex_2150.mdls,Heartless Wizard
Traverse Town,Alleyway,tw05.ard,0x000E7080,xa_ex_2230.mdls,Heartless Search Ghost
Traverse Town,Alleyway,tw05.ard,0x000E70C0,xa_ex_2280.mdls,Heartless Darkball
Traverse Town,Alleyway,tw05.ard,0x000E7140,xa_ex_1140.mdls,Aerith
Traverse Town,Alleyway,tw05.ard,0x000E7180,xa_ex_7230.mdls,Donald (High-Poly)
Traverse Town,Alleyway,tw05.ard,0x000E71C0,xa_ex_1031.mdls,Leon
Traverse Town,Alleyway,tw05.ard,0x000E7200,xa_ex_2010.mdls,Heartless Soldier
Traverse Town,Alleyway,tw05.ard,0x000E7240,xa_ex_2020.mdls,Heartless Shadow
Traverse Town,Green Room,tw06.ard,0x00112D00,xa_ex_0010.mdls,Sora
Traverse Town,Green Room,tw06.ard,0x00112D40,xa_ex_0040.mdls,Donald
Traverse Town,Green Room,tw06.ard,0x00112D80,xa_ex_0050.mdls,Goofy
Traverse Town,Green Room,tw06.ard,0x00113240,xa_ex_2120.mdls,Heartless Blue Rhapsody
Traverse Town,Green Room,tw06.ard,0x00113280,xa_ex_2230.mdls,Heartless Search Ghost
Traverse Town,Green Room,tw06.ard,0x00113300,xa_ex_1020.mdls,Kairi
Traverse Town,Green Room,tw06.ard,0x00113340,xa_ex_1031.mdls,Leon
Traverse Town,Green Room,tw06.ard,0x00113380,xa_ex_1041.mdls,Yuffie
Traverse Town,Green Room,tw06.ard,0x001133C0,xa_ex_1140.mdls,Aerith
Traverse Town,Green Room,tw06.ard,0x00113400,xa_ex_2010.mdls,Heartless Soldier
Traverse Town,Red Room,tw07.ard,0x00075500,xa_ex_0010.mdls,Sora
Traverse Town,Red Room,tw07.ard,0x00075540,xa_ex_0040.mdls,Donald
Traverse Town,Red Room,tw07.ard,0x00075580,xa_ex_0050.mdls,Goofy
Traverse Town,Red Room,tw07.ard,0x00075700,xa_ex_2110.mdls,Heartless Red Nocturne
Traverse Town,Red Room,tw07.ard,0x00075740,xa_ex_2280.mdls,Heartless Darkball
Traverse Town,Red Room,tw07.ard,0x00075780,xa_ex_1140.mdls,Aerith
Traverse Town,Red Room,tw07.ard,0x000757C0,xa_ex_2350.mdls,Heartless White Mushroom (Halloween Town)
Traverse Town,Red Room,tw07.ard,0x00075800,xa_ex_2020.mdls,Heartless Shadow
Traverse Town,Hallway,tw08.ard,0x00055900,xa_ex_0010.mdls,Sora
Traverse Town,Hallway,tw08.ard,0x00055940,xa_ex_0040.mdls,Donald
Traverse Town,Hallway,tw08.ard,0x00055980,xa_ex_0050.mdls,Goofy
Traverse Town,Hallway,tw08.ard,0x00055BC0,xa_ex_2010.mdls,Heartless Soldier
Traverse Town,Hallway,tw08.ard,0x00055C00,xa_ex_2020.mdls,Heartless Shadow
Traverse Town,Hallway,tw08.ard,0x00055C40,xa_ex_2110.mdls,Heartless Red Nocturne
Traverse Town,Hallway,tw08.ard,0x00055C80,xa_ex_2120.mdls,Heartless Blue Rhapsody
Traverse Town,Hallway,tw08.ard,0x00055CC0,xa_ex_2130.mdls,Heartless Yellow Opera
Traverse Town,Hallway,tw08.ard,0x00055D00,xa_ex_2150.mdls,Heartless Wizard
Traverse Town,Hallway,tw08.ard,0x00055D40,xa_ex_2340.mdls,Heartless Defender
Traverse Town,Mystical House,tw09.ard,0x000DD700,xa_ex_0010.mdls,Sora
Traverse Town,Mystical House,tw09.ard,0x000DD740,xa_ex_0040.mdls,Donald
Traverse Town,Mystical House,tw09.ard,0x000DD780,xa_ex_0050.mdls,Goofy
Traverse Town,Item Shop,tw10.ard,0x00052680,xa_ex_0010.mdls,Sora
Traverse Town,Item Shop,tw10.ard,0x000526C0,xa_ex_0040.mdls,Donald
Traverse Town,Item Shop,tw10.ard,0x00052700,xa_ex_0050.mdls,Goofy
Traverse Town,Item Shop,tw10.ard,0x00052900,xa_ex_1110.mdls,Huey
Traverse Town,Item Shop,tw10.ard,0x00052940,xa_ex_1120.mdls,Dewey
Traverse Town,Item Shop,tw10.ard,0x00052980,xa_ex_1130.mdls,Louie
Traverse Town,Accessory Shop,tw11.ard,0x000B9000,xa_ex_0010.mdls,Sora
Traverse Town,Accessory Shop,tw11.ard,0x000B9040,xa_ex_0040.mdls,Donald
Traverse Town,Accessory Shop,tw11.ard,0x000B9080,xa_ex_0050.mdls,Goofy
Traverse Town,Accessory Shop,tw11.ard,0x000B9340,xa_ex_1200.mdls,Moogle
Traverse Town,Accessory Shop,tw11.ard,0x000B9380,xa_tw_1000.mdls,Traverse Town NPC / Shopkeeper
Traverse Town,Accessory Shop,tw11.ard,0x000B93C0,xa_ex_1540.mdls,Cid
Traverse Town,Accessory Shop,tw11.ard,0x000B9400,xa_dc_1070.mdls,Jimminy Cricket
Traverse Town,Accessory Shop,tw11.ard,0x000B9440,xa_pi_1008.mdls,Pinocchio
Traverse Town,Accessory Shop,tw11.ard,0x000B9480,xa_pi_7000.mdls,Pinocchio (High-Poly)
Traverse Town,Item Workshop,tw12.ard,0x000BE880,xa_ex_0010.mdls,Sora
Traverse Town,Item Workshop,tw12.ard,0x000BE8C0,xa_ex_0040.mdls,Donald
Traverse Town,Item Workshop,tw12.ard,0x000BE900,xa_ex_0050.mdls,Goofy
Traverse Town,Item Workshop,tw12.ard,0x000BEB40,xa_ex_1200.mdls,Moogle
Traverse Town,Geppetto's House,tw13.ard,0x000CE180,xa_ex_0010.mdls,Sora
Traverse Town,Geppetto's House,tw13.ard,0x000CE1C0,xa_ex_0040.mdls,Donald
Traverse Town,Geppetto's House,tw13.ard,0x000CE200,xa_ex_0050.mdls,Goofy
Traverse Town,Geppetto's House,tw13.ard,0x000CEAC0,xa_pi_1000.mdls,Pinocchio
Traverse Town,Geppetto's House,tw13.ard,0x000CEB00,xa_pi_1010.mdls,Geppetto
Traverse Town,Geppetto's House,tw13.ard,0x000CEB40,xa_pi_1020.mdls,Pinocchio (Human)
Traverse Town,Dalmatian's Den,tw14.ard,0x00061700,xa_ex_0010.mdls,Sora
Traverse Town,Dalmatian's Den,tw14.ard,0x00061900,xa_ex_1260.mdls,Dalmation
Traverse Town,Dining Room,tw15.ard,0x00053680,xa_ex_0010.mdls,Sora
Traverse Town,Dining Room,tw15.ard,0x00053800,xa_ex_1260.mdls,Dalmation
Traverse Town,Living Room,tw16.ard,0x00053A80,xa_ex_0010.mdls,Sora
Traverse Town,Living Room,tw16.ard,0x00053BC0,xa_ex_1260.mdls,Dalmation
Traverse Town,Piano Room,tw17.ard,0x00061080,xa_ex_0010.mdls,Sora
Traverse Town,Piano Room,tw17.ard,0x00061280,xa_ex_1210.mdls,Pongo (Dalmation)
Traverse Town,Piano Room,tw17.ard,0x000612C0,xa_ex_1220.mdls,Perdita (Dalmation)
Traverse Town,Piano Room,tw17.ard,0x00061300,xa_ex_1230.mdls,Dalmation
Traverse Town,Piano Room,tw17.ard,0x00061340,xa_ex_1260.mdls,Dalmation
Traverse Town,Gizmo Shop,tw18.ard,0x0015DF80,xa_ex_0010.mdls,Sora
Traverse Town,Gizmo Shop,tw18.ard,0x0015DFC0,xa_ex_0040.mdls,Donald
Traverse Town,Gizmo Shop,tw18.ard,0x0015E000,xa_ex_0050.mdls,Goofy
Traverse Town,Gizmo Shop,tw18.ard,0x0015E640,xa_ex_2050.mdls,Heartless Large Body
Traverse Town,Gizmo Shop,tw18.ard,0x0015E680,xa_ex_2130.mdls,Heartless Yellow Opera
Traverse Town,Gizmo Shop,tw18.ard,0x0015E6C0,xa_ex_2140.mdls,Heartless Green Requiem
Traverse Town,Gizmo Shop,tw18.ard,0x0015E700,xa_ex_2160.mdls,Heartless Air Soldier
Traverse Town,Gizmo Shop,tw18.ard,0x0015E740,xa_ex_2150.mdls,Heartless Wizard
Traverse Town,Gizmo Shop,tw18.ard,0x0015E780,xa_ex_2230.mdls,Heartless Search Ghost
Traverse Town,Gizmo Shop,tw18.ard,0x0015E7C0,xa_ex_2280.mdls,Heartless Darkball
Traverse Town,Gizmo Shop,tw18.ard,0x0015E800,xa_ex_2320.mdls,Heartless Wyvern
Traverse Town,Gizmo Shop,tw18.ard,0x0015E840,xa_ex_2340.mdls,Heartless Defender
Traverse Town,Gizmo Shop,tw18.ard,0x0015E880,xa_ex_2020.mdls,Heartless Shadow
Traverse Town,Gizmo Shop,tw18.ard,0x0015E8C0,xa_ex_2010.mdls,Heartless Soldier
Traverse Town,Magician's Study (Pre Merlin),tw19.ard,0x00104400,xa_ex_0010.mdls,Sora
Traverse Town,Magician's Study (Pre Merlin),tw19.ard,0x00104440,xa_ex_0040.mdls,Donald
Traverse Town,Magician's Study (Pre Merlin),tw19.ard,0x00104480,xa_ex_0050.mdls,Goofy
Traverse Town,Magician's Study (Pre Merlin),tw19.ard,0x00104800,xa_ex_1020.mdls,Kairi
Traverse Town,Magician's Study (Pre Merlin),tw19.ard,0x00104840,xa_ex_7140.mdls,Kairi (High-Poly)
Traverse Town,Magician's Study (Pre Merlin),tw19.ard,0x00104880,xa_tw_1050.mdls,Merlin
Traverse Town,Magician's Study,tw20.ard,0x000D2500,xa_ex_0010.mdls,Sora
Traverse Town,Magician's Study,tw20.ard,0x000D2540,xa_ex_0040.mdls,Donald
Traverse Town,Magician's Study,tw20.ard,0x000D2580,xa_ex_0050.mdls,Goofy
Traverse Town,Magician's Study,tw20.ard,0x000D2880,xa_ex_1100.mdls,Fairy Godmother
Traverse Town,Magician's Study,tw20.ard,0x000D28C0,xa_tw_1050.mdls,Merlin
Traverse Town,Magician's Lab,tw21.ard,0x000D0180,xa_ex_0010.mdls,Sora
Traverse Town,Magician's Lab,tw21.ard,0x000D01C0,xa_ex_0040.mdls,Donald
Traverse Town,Magician's Lab,tw21.ard,0x000D0200,xa_ex_0050.mdls,Goofy
Traverse Town,Magician's Lab,tw21.ard,0x000D0480,xa_tw_1050.mdls,Merlin
Traverse Town,Magician's Lab,tw21.ard,0x000D04C0,xa_tw_2010.mdls,Magic Chair
Traverse Town,Magician's Lab,tw21.ard,0x000D0500,xa_tw_2020.mdls,Magic Table
Traverse Town,Magician's Lab,tw21.ard,0x000D0540,xa_tw_2030.mdls,Magic Dresser
Traverse Town,Magician's Lab,tw21.ard,0x000D0580,xa_tw_2040.mdls,Magic Teapot
Traverse Town,???,tw22.ard,0x00020780,xa_ex_0010.mdls,Sora
Traverse Town,???,tw22.ard,0x000207C0,xa_ex_0040.mdls,Donald
Traverse Town,???,tw22.ard,0x00020800,xa_ex_0050.mdls,Goofy
Traverse Town,Secret Waterway,tw23.ard,0x00072F80,xa_ex_0010.mdls,Sora
Traverse Town,Secret Waterway,tw23.ard,0x00072FC0,xa_ex_0040.mdls,Donald
Traverse Town,Secret Waterway,tw23.ard,0x00073000,xa_ex_0050.mdls,Goofy
Traverse Town,Secret Waterway,tw23.ard,0x00073200,xa_ex_1031.mdls,Leon
Traverse Town,Secret Waterway,tw23.ard,0x00073240,xa_ex_1140.mdls,Aerith
Traverse Town,Secret Waterway,tw23.ard,0x00073280,xa_ex_1020.mdls,Kairi
Traverse Town,Secret Waterway,tw23.ard,0x000732C0,xa_ex_7010.mdls,Sora (High-Poly)
Traverse Town,Secret Waterway,tw23.ard,0x00073300,xa_ex_7140.mdls,Kairi (High-Poly)
Traverse Town,???,tw24.ard,0x00020780,xa_ex_0010.mdls,Sora
Traverse Town,???,tw24.ard,0x000207C0,xa_ex_0040.mdls,Donald
Traverse Town,???,tw24.ard,0x00020800,xa_ex_0050.mdls,Goofy
Traverse Town,3rd District,tw25.ard,0x000ACF80,xa_ex_0010.mdls,Sora
Traverse Town,3rd District,tw25.ard,0x000ACFC0,xa_ex_0040.mdls,Donald
Traverse Town,3rd District,tw25.ard,0x000AD000,xa_ex_0050.mdls,Goofy
Traverse Town,3rd District,tw25.ard,0x000AD340,xa_ex_2010.mdls,Heartless Soldier
Traverse Town,3rd District,tw25.ard,0x000AD380,xa_ex_2020.mdls,Heartless Shadow
Traverse Town,3rd District,tw25.ard,0x000AD3C0,xa_ex_2110.mdls,Heartless Red Nocturne
Traverse Town,3rd District,tw25.ard,0x000AD400,xa_ex_2120.mdls,Heartless Blue Rhapsody
Traverse Town,3rd District,tw25.ard,0x000AD440,xa_ex_2160.mdls,Heartless Air Soldier
Traverse Town,3rd District,tw25.ard,0x000AD480,xa_ex_2280.mdls,Heartless Darkball
Traverse Town,3rd District,tw25.ard,0x000AD4C0,xa_ex_2340.mdls,Heartless Defender
Traverse Town,3rd District,tw25.ard,0x000AD500,xa_ex_1568.mdls,Riku (Soul Eater)
Traverse Town,3rd District,tw25.ard,0x000AD540,xa_ex_1650.mdls,Donald (Angry)
Traverse Town,3rd District,tw25.ard,0x000AD5A0,xa_ex_7190.mdls,Riku (Wooden Sword) (High-Poly)
Traverse Town,Small House,tw26.ard,0x00037480,xa_ex_0010.mdls,Sora
Traverse Town,Small House,tw26.ard,0x000374C0,xa_ex_0040.mdls,Donald
Traverse Town,Small House,tw26.ard,0x00037500,xa_ex_0050.mdls,Goofy
Traverse Town,Small House,tw26.ard,0x00037600,xa_ex_1031.mdls,Leon
Traverse Town,Small House,tw26.ard,0x00037640,xa_ex_1041.mdls,Yuffie
Traverse Town,Small House,tw26.ard,0x00037680,xa_ex_1140.mdls,Aerith
Traverse Town,Small House,tw26.ard,0x000376C0,xa_ex_1540.mdls,Cid
Traverse Town,Small House,tw26.ard,0x00037700,xa_ex_1091.mdls,Maleficent
Traverse Town,Small House,tw26.ard,0x00037740,xa_ex_1568.mdls,Riku (Soul Eater)
Traverse Town,Small House,tw26.ard,0x00037780,xa_ex_7170.mdls,Maleficent (High-Poly)
Traverse Town,Small House,tw26.ard,0x000377C0,xa_ex_7190.mdls,Riku (Wooden Sword) (High-Poly)
Traverse Town,Small House,tw26.ard,0x00037800,xa_ex_1020.mdls,Kairi
Traverse Town,Small House,tw26.ard,0x00037840,xa_ex_7010.mdls,Sora (High-Poly)
Wonderland,Rabbit Hole,aw01.ard,0x000B6280,xa_ex_0010.mdls,Sora
Wonderland,Rabbit Hole,aw01.ard,0x000B62C0,xa_ex_0040.mdls,Donald
Wonderland,Rabbit Hole,aw01.ard,0x000B6300,xa_ex_0050.mdls,Goofy
Wonderland,Rabbit Hole,aw01.ard,0x000B6800,xa_ex_2120.mdls,Heartless Blue Rhapsody
Wonderland,Rabbit Hole,aw01.ard,0x000B6840,xa_ex_2130.mdls,Heartless Yellow Opera
Wonderland,Rabbit Hole,aw01.ard,0x000B6880,xa_ex_2150.mdls,Heartless Wizard
Wonderland,Rabbit Hole,aw01.ard,0x000B68C0,xa_ex_2160.mdls,Heartless Air Soldier
Wonderland,Rabbit Hole,aw01.ard,0x000B6900,xa_ex_2280.mdls,Heartless Darkball
Wonderland,Rabbit Hole,aw01.ard,0x000B6940,xa_ex_2340.mdls,Heartless Defender
Wonderland,Rabbit Hole,aw01.ard,0x000B6980,xa_aw_1000.mdls,White Rabbit
Wonderland,Rabbit Hole,aw01.ard,0x000B69C0,xa_ex_2020.mdls,Heartless Shadow
Wonderland,Rabbit Hole,aw01.ard,0x000B6A00,xa_ex_2230.mdls,Heartless Search Ghost
Wonderland,Rabbit Hole,aw01.ard,0x000B6A40,xa_ex_2010.mdls,Heartless Soldier
Wonderland,Rabbit Hole,aw01.ard,0x000B6A80,xa_ex_2110.mdls,Heartless Red Nocturne
Wonderland,Rabbit Hole,aw01.ard,0x000B6AC0,xa_ex_2050.mdls,Heartless Large Body
Wonderland,Bizarre Room (Small),aw02.ard,0x00183F80,xa_ex_0010.mdls,Sora
Wonderland,Bizarre Room (Small),aw02.ard,0x00183FC0,xa_ex_0040.mdls,Donald
Wonderland,Bizarre Room (Small),aw02.ard,0x00184000,xa_ex_0050.mdls,Goofy
Wonderland,Bizarre Room (Small),aw02.ard,0x00184580,xa_aw_3000.mdls,Trickmaster
Wonderland,Bizarre Room (Small),aw02.ard,0x001845C0,xa_aw_1090.mdls,Door knob
Wonderland,Bizarre Room (Small),aw02.ard,0x00184600,xa_ex_2120.mdls,Heartless Blue Rhapsody
Wonderland,Bizarre Room (Small),aw02.ard,0x00184640,xa_ex_2130.mdls,Heartless Yellow Opera
Wonderland,Bizarre Room (Small),aw02.ard,0x00184680,xa_ex_2160.mdls,Heartless Air Soldier
Wonderland,Bizarre Room (Small),aw02.ard,0x001846C0,xa_ex_2280.mdls,Heartless Darkball
Wonderland,Bizarre Room (Small),aw02.ard,0x00184700,xa_ex_2340.mdls,Heartless Defender
Wonderland,Bizarre Room (Small),aw02.ard,0x00184740,xa_aw_1020.mdls,Cheshire Cat
Wonderland,Bizarre Room (Small),aw02.ard,0x00184780,xa_ex_2320.mdls,Heartless Wyvern
Wonderland,Bizarre Room (Small),aw02.ard,0x001847C0,xa_ex_2020.mdls,Heartless Shadow
Wonderland,Bizarre Room (Small),aw02.ard,0x00184800,xa_ex_2440.mdls,Heartless Shadow
Wonderland,Bizarre Room (Small),aw02.ard,0x00184840,xa_ex_2050.mdls,Heartless Large Body
Wonderland,Bizarre Room (Small),aw02.ard,0x00184880,xa_ex_2230.mdls,Heartless Search Ghost
Wonderland,Bizarre Room (Small),aw02.ard,0x001848C0,xa_ex_2010.mdls,Heartless Soldier
Wonderland,Bizarre Room (Small),aw02.ard,0x00184900,xa_ex_2110.mdls,Heartless Red Nocturne
Wonderland,Bizarre Room (Big),aw03.ard,0x00137D80,xa_ex_0010.mdls,Sora
Wonderland,Bizarre Room (Big),aw03.ard,0x00137DC0,xa_ex_0040.mdls,Donald
Wonderland,Bizarre Room (Big),aw03.ard,0x00137E00,xa_ex_0050.mdls,Goofy
Wonderland,Bizarre Room (Big),aw03.ard,0x00138280,xa_aw_1000.mdls,White Rabbit
Wonderland,Bizarre Room (Big),aw03.ard,0x001382C0,xa_aw_1090.mdls,Door knob
Wonderland,Bizarre Room (Big),aw03.ard,0x00138300,xa_ex_7010.mdls,Sora (High-Poly)
Wonderland,Bizarre Room (Big),aw03.ard,0x00138340,xa_ex_7230.mdls,Donald (High-Poly)
Wonderland,Bizarre Room (Big),aw03.ard,0x00138380,xa_ex_7240.mdls,Goofy (High-Poly)
Wonderland,Queen's Castle,aw04.ard,0x00274500,xa_ex_0010.mdls,Sora
Wonderland,Queen's Castle,aw04.ard,0x00274540,xa_ex_0040.mdls,Donald
Wonderland,Queen's Castle,aw04.ard,0x00274580,xa_ex_0050.mdls,Goofy
Wonderland,Queen's Castle,aw04.ard,0x002745C0,xa_ex_2020.mdls,Heartless Shadow
Wonderland,Queen's Castle,aw04.ard,0x00274600,xa_ex_2230.mdls,Heartless Search Ghost
Wonderland,Queen's Castle,aw04.ard,0x00274CC0,xa_ex_2010.mdls,Heartless Soldier
Wonderland,Queen's Castle,aw04.ard,0x00274D00,xa_ex_2050.mdls,Heartless Large Body
Wonderland,Queen's Castle,aw04.ard,0x00274D40,xa_ex_2110.mdls,Heartless Red Nocturne
Wonderland,Queen's Castle,aw04.ard,0x00274D80,xa_ex_2120.mdls,Heartless Blue Rhapsody
Wonderland,Queen's Castle,aw04.ard,0x00274DC0,xa_ex_2130.mdls,Heartless Yellow Opera
Wonderland,Queen's Castle,aw04.ard,0x00274E00,xa_ex_2140.mdls,Heartless Green Requiem
Wonderland,Queen's Castle,aw04.ard,0x00274E40,xa_aw_1000.mdls,White Rabbit
Wonderland,Queen's Castle,aw04.ard,0x00274E80,xa_aw_1011.mdls,Queen of Hearts
Wonderland,Queen's Castle,aw04.ard,0x00274EC0,xa_aw_1031.mdls,Ace of Spade Card
Wonderland,Queen's Castle,aw04.ard,0x00274F00,xa_aw_1061.mdls,Ace of Hearts Card
Wonderland,Queen's Castle,aw04.ard,0x00274F40,xa_aw_7000.mdls,Queen of Hearts (High-Poly)
Wonderland,Queen's Castle,aw04.ard,0x00274F80,xa_pc_1020.mdls,Alice
Wonderland,Queen's Castle,aw04.ard,0x00274FE0,xa_aw_1010.mdls,Queen of Hearts
Wonderland,Queen's Castle,aw04.ard,0x00275020,xa_aw_1030.mdls,Ace of Spade Card
Wonderland,Queen's Castle,aw04.ard,0x00275060,xa_aw_1060.mdls,Ace of Hearts Card
Wonderland,Queen's Castle,aw04.ard,0x002750A0,xa_ex_2160.mdls,Heartless Air Soldier
Wonderland,Queen's Castle,aw04.ard,0x002750E0,xa_ex_2280.mdls,Heartless Darkball
Wonderland,Queen's Castle,aw04.ard,0x00275120,xa_aw_1020.mdls,Cheshire Cat
Wonderland,Lotus Forest,aw05.ard,0x00090A00,xa_ex_0010.mdls,Sora
Wonderland,Lotus Forest,aw05.ard,0x00090A40,xa_ex_0040.mdls,Donald
Wonderland,Lotus Forest,aw05.ard,0x00090A80,xa_ex_0050.mdls,Goofy
Wonderland,Lotus Forest,aw05.ard,0x00090E00,xa_ex_2020.mdls,Heartless Shadow
Wonderland,Lotus Forest,aw05.ard,0x00090E40,xa_ex_2230.mdls,Heartless Search Ghost
Wonderland,Lotus Forest,aw05.ard,0x00090E80,xa_aw_1020.mdls,Cheshire Cat
Wonderland,Lotus Forest,aw05.ard,0x00090EC0,xa_ex_2010.mdls,Heartless Soldier
Wonderland,Lotus Forest,aw05.ard,0x00090F00,xa_ex_2050.mdls,Heartless Large Body
Wonderland,Lotus Forest,aw05.ard,0x00090F40,xa_ex_2110.mdls,Heartless Red Nocturne
Wonderland,Lotus Forest,aw05.ard,0x00090F80,xa_ex_2120.mdls,Heartless Blue Rhapsody
Wonderland,Lotus Forest,aw05.ard,0x00090FC0,xa_ex_2130.mdls,Heartless Yellow Opera
Wonderland,Lotus Forest,aw05.ard,0x00091000,xa_ex_2150.mdls,Heartless Wizard
Wonderland,Lotus Forest,aw05.ard,0x00091040,xa_ex_2160.mdls,Heartless Air Soldier
Wonderland,Lotus Forest,aw05.ard,0x00091080,xa_ex_2280.mdls,Heartless Darkball
Wonderland,Lotus Forest,aw05.ard,0x000910C0,xa_ex_2350.mdls,Heartless White Mushroom (Halloween Town)
Wonderland,???,aw06.ard,0x000B0800,xa_ex_0010.mdls,Sora
Wonderland,???,aw06.ard,0x000B0840,xa_ex_0040.mdls,Donald
Wonderland,???,aw06.ard,0x000B0880,xa_ex_0050.mdls,Goofy
Wonderland,Bizarre Room (Sideways 1),aw07.ard,0x000C5A80,xa_ex_0010.mdls,Sora
Wonderland,Bizarre Room (Sideways 1),aw07.ard,0x000C5AC0,xa_ex_0040.mdls,Donald
Wonderland,Bizarre Room (Sideways 1),aw07.ard,0x000C5B00,xa_ex_0050.mdls,Goofy
Wonderland,Bizarre Room (Sideways 1),aw07.ard,0x000C5B40,xa_ex_2020.mdls,Heartless Shadow
Wonderland,Bizarre Room (Sideways 1),aw07.ard,0x000C5B80,xa_ex_2160.mdls,Heartless Air Soldier
Wonderland,Bizarre Room (Sideways 1),aw07.ard,0x000C5F00,xa_ex_2280.mdls,Heartless Darkball
Wonderland,Bizarre Room (Sideways 1),aw07.ard,0x000C5F40,xa_ex_2320.mdls,Heartless Wyvern
Wonderland,Bizarre Room (Sideways 1),aw07.ard,0x000C5F80,xa_ex_2230.mdls,Heartless Search Ghost
Wonderland,Bizarre Room (Sideways 1),aw07.ard,0x000C5FC0,xa_aw_1020.mdls,Cheshire Cat
Wonderland,Bizarre Room (Sideways 1),aw07.ard,0x000C6000,xa_aw_1090.mdls,Door knob
Wonderland,Bizarre Room (Sideways 1),aw07.ard,0x000C6040,xa_ex_2010.mdls,Heartless Soldier
Wonderland,Bizarre Room (Sideways 1),aw07.ard,0x000C6080,xa_ex_2050.mdls,Heartless Large Body
Wonderland,Bizarre Room (Sideways 1),aw07.ard,0x000C60C0,xa_ex_2110.mdls,Heartless Red Nocturne
Wonderland,Bizarre Room (Sideways 1),aw07.ard,0x000C6100,xa_ex_2120.mdls,Heartless Blue Rhapsody
Wonderland,Bizarre Room (Sideways 1),aw07.ard,0x000C6140,xa_ex_2130.mdls,Heartless Yellow Opera
Wonderland,Bizarre Room (Sideways 1),aw07.ard,0x000C6180,xa_ex_2150.mdls,Heartless Wizard
Wonderland,Bizarre Room (Sideways 1),aw07.ard,0x000C61C0,xa_ex_2340.mdls,Heartless Defender
Wonderland,Bizarre Room (Sideways 2),aw08.ard,0x000A9B80,xa_ex_0010.mdls,Sora
Wonderland,Bizarre Room (Sideways 2),aw08.ard,0x000A9BC0,xa_ex_0040.mdls,Donald
Wonderland,Bizarre Room (Sideways 2),aw08.ard,0x000A9C00,xa_ex_0050.mdls,Goofy
Wonderland,Bizarre Room (Sideways 2),aw08.ard,0x000AA040,xa_ex_2020.mdls,Heartless Shadow
Wonderland,Bizarre Room (Sideways 2),aw08.ard,0x000AA080,xa_ex_2160.mdls,Heartless Air Soldier
Wonderland,Bizarre Room (Sideways 2),aw08.ard,0x000AA0C0,xa_ex_2280.mdls,Heartless Darkball
Wonderland,Bizarre Room (Sideways 2),aw08.ard,0x000AA100,xa_ex_2320.mdls,Heartless Wyvern
Wonderland,Bizarre Room (Sideways 2),aw08.ard,0x000AA140,xa_ex_2050.mdls,Heartless Large Body
Wonderland,Bizarre Room (Sideways 2),aw08.ard,0x000AA180,xa_ex_2230.mdls,Heartless Search Ghost
Wonderland,Bizarre Room (Sideways 2),aw08.ard,0x000AA1C0,xa_aw_1020.mdls,Cheshire Cat
Wonderland,Bizarre Room (Sideways 2),aw08.ard,0x000AA200,xa_aw_1090.mdls,Door knob
Wonderland,Bizarre Room (Sideways 2),aw08.ard,0x000AA240,xa_ex_2010.mdls,Heartless Soldier
Wonderland,Bizarre Room (Sideways 2),aw08.ard,0x000AA280,xa_ex_2110.mdls,Heartless Red Nocturne
Wonderland,Bizarre Room (Sideways 2),aw08.ard,0x000AA2C0,xa_ex_2120.mdls,Heartless Blue Rhapsody
Wonderland,Bizarre Room (Sideways 2),aw08.ard,0x000AA300,xa_ex_2150.mdls,Heartless Wizard
Wonderland,Bizarre Room (Sideways 2),aw08.ard,0x000AA340,xa_ex_2340.mdls,Heartless Defender
Wonderland,Bizarre Room (Upside Down),aw09.ard,0x00091A00,xa_ex_0010.mdls,Sora
Wonderland,Bizarre Room (Upside Down),aw09.ard,0x00091A40,xa_ex_0040.mdls,Donald
Wonderland,Bizarre Room (Upside Down),aw09.ard,0x00091A80,xa_ex_0050.mdls,Goofy
Wonderland,Bizarre Room (Upside Down),aw09.ard,0x00091CC0,xa_aw_1090.mdls,Door knob
Wonderland,Bizarre Room (Upside Down),aw09.ard,0x00091D00,xa_ex_2130.mdls,Heartless Yellow Opera
Wonderland,Bizarre Room (Upside Down),aw09.ard,0x00091D40,xa_ex_2150.mdls,Heartless Wizard
Wonderland,Bizarre Room (Upside Down),aw09.ard,0x00091D80,xa_ex_2160.mdls,Heartless Air Soldier
Wonderland,Bizarre Room (Upside Down),aw09.ard,0x00091DC0,xa_ex_2280.mdls,Heartless Darkball
Wonderland,Bizarre Room (Upside Down),aw09.ard,0x00091E00,xa_ex_2340.mdls,Heartless Defender
Wonderland,Bizarre Room (Upside Down),aw09.ard,0x00091E40,xa_ex_2020.mdls,Heartless Shadow
Wonderland,Bizarre Room (Upside Down),aw09.ard,0x00091E80,xa_ex_2320.mdls,Heartless Wyvern
Wonderland,Bizarre Room (Upside Down),aw09.ard,0x00091EC0,xa_ex_2050.mdls,Heartless Large Body
Wonderland,Bizarre Room (Upside Down),aw09.ard,0x00091F00,xa_ex_2230.mdls,Heartless Search Ghost
Wonderland,Bizarre Room (Upside Down),aw09.ard,0x00091F40,xa_aw_1020.mdls,Cheshire Cat
Wonderland,Bizarre Room (Upside Down),aw09.ard,0x00091F80,xa_ex_2010.mdls,Heartless Soldier
Wonderland,Bizarre Room (Upside Down),aw09.ard,0x00091FC0,xa_ex_2110.mdls,Heartless Red Nocturne
Wonderland,Teaparty Garden,aw10.ard,0x00179180,xa_ex_0010.mdls,Sora
Wonderland,Teaparty Garden,aw10.ard,0x001791C0,xa_ex_0040.mdls,Donald
Wonderland,Teaparty Garden,aw10.ard,0x00179200,xa_ex_0050.mdls,Goofy
Wonderland,Teaparty Garden,aw10.ard,0x00179780,xa_ex_2010.mdls,Heartless Soldier
Wonderland,Teaparty Garden,aw10.ard,0x001797C0,xa_ex_2020.mdls,Heartless Shadow
Wonderland,Teaparty Garden,aw10.ard,0x00179800,xa_ex_2110.mdls,Heartless Red Nocturne
Wonderland,Teaparty Garden,aw10.ard,0x00179840,xa_ex_2050.mdls,Heartless Large Body
Wonderland,Teaparty Garden,aw10.ard,0x00179880,xa_ex_2120.mdls,Heartless Blue Rhapsody
Wonderland,Teaparty Garden,aw10.ard,0x001798C0,xa_ex_2130.mdls,Heartless Yellow Opera
Wonderland,Teaparty Garden,aw10.ard,0x00179900,xa_ex_2150.mdls,Heartless Wizard
Wonderland,Teaparty Garden,aw10.ard,0x00179940,xa_ex_2160.mdls,Heartless Air Soldier
Wonderland,Teaparty Garden,aw10.ard,0x00179980,xa_ex_2280.mdls,Heartless Darkball
Wonderland,Teaparty Garden,aw10.ard,0x001799C0,xa_ex_2340.mdls,Heartless Defender
Deep Jungle,Treehouse,tz01.ard,0x0018C980,xa_ex_0010.mdls,Sora
Deep Jungle,Treehouse,tz01.ard,0x0018C9C0,xa_ex_0040.mdls,Donald
Deep Jungle,Treehouse,tz01.ard,0x0018CA00,xa_ex_0050.mdls,Goofy
Deep Jungle,Treehouse,tz01.ard,0x0018CA40,xa_tz_0030.mdls,Tarzan
Deep Jungle,Treehouse,tz01.ard,0x0018D140,xa_ex_2020.mdls,Heartless Shadow
Deep Jungle,Treehouse,tz01.ard,0x0018D180,xa_ex_2030.mdls,Heartless Powerwild
Deep Jungle,Treehouse,tz01.ard,0x0018D1C0,xa_ex_2040.mdls,Heartless Bouncywild
Deep Jungle,Treehouse,tz01.ard,0x0018D200,xa_tz_3000.mdls,Sabor
Deep Jungle,Treehouse,tz01.ard,0x0018D240,xa_ex_1020.mdls,Kairi
Deep Jungle,Treehouse,tz01.ard,0x0018D280,xa_ex_7010.mdls,Sora (High-Poly)
Deep Jungle,Treehouse,tz01.ard,0x0018D2C0,xa_tz_7000.mdls,Tarzan (High-Poly)
Deep Jungle,Treehouse,tz01.ard,0x0018D300,xa_ex_2280.mdls,Heartless Darkball
Deep Jungle,Treehouse,tz01.ard,0x0018D340,xa_ex_2320.mdls,Heartless Wyvern
Deep Jungle,Treehouse,tz01.ard,0x0018D3C0,xa_ex_7230.mdls,Donald (High-Poly)
Deep Jungle,Treehouse,tz01.ard,0x0018D420,xa_tz_1010.mdls,Terk
Deep Jungle,Treehouse,tz01.ard,0x0018D460,xa_tz_1040.mdls,Kerjack
Deep Jungle,Treehouse,tz01.ard,0x0018D4A0,xa_tz_3011.mdls,Clayton
Deep Jungle,Treehouse,tz01.ard,0x0018D4E0,xa_tz_1050.mdls,NPC Gorilla
Deep Jungle,Treehouse,tz01.ard,0x0018D520,xa_ex_2350.mdls,Heartless White Mushroom (Halloween Town)
Deep Jungle,Treehouse,tz01.ard,0x0018D560,xa_ex_2352.mdls,Heartless White Mushroom
Deep Jungle,Treehouse,tz01.ard,0x0018D580,xa_ex_2410.mdls,Heartless Pink Agaricus
Deep Jungle,Camp,tz02.ard,0x00102B00,xa_ex_0010.mdls,Sora
Deep Jungle,Camp,tz02.ard,0x00102B40,xa_ex_0040.mdls,Donald
Deep Jungle,Camp,tz02.ard,0x00102B80,xa_ex_0050.mdls,Goofy
Deep Jungle,Camp,tz02.ard,0x00102BC0,xa_tz_0030.mdls,Tarzan
Deep Jungle,Camp,tz02.ard,0x001033E0,xa_tz_1000.mdls,Jane
Deep Jungle,Camp,tz02.ard,0x00103420,xa_tz_7010.mdls,Clayton (High-Poly)
Deep Jungle,Camp,tz02.ard,0x00103460,xa_ex_2030.mdls,Heartless Powerwild
Deep Jungle,Camp,tz02.ard,0x001034A0,xa_tz_1010.mdls,Terk
Deep Jungle,Bamboo Thicket,tz03.ard,0x001B2180,xa_ex_0010.mdls,Sora
Deep Jungle,Bamboo Thicket,tz03.ard,0x001B21C0,xa_ex_0040.mdls,Donald
Deep Jungle,Bamboo Thicket,tz03.ard,0x001B2200,xa_ex_0050.mdls,Goofy
Deep Jungle,Bamboo Thicket,tz03.ard,0x001B2240,xa_tz_0030.mdls,Tarzan
Deep Jungle,Bamboo Thicket,tz03.ard,0x001B2440,xa_ex_2020.mdls,Heartless Shadow
Deep Jungle,Bamboo Thicket,tz03.ard,0x001B2480,xa_ex_2030.mdls,Heartless Powerwild
Deep Jungle,Bamboo Thicket,tz03.ard,0x001B24C0,xa_ex_2040.mdls,Heartless Bouncywild
Deep Jungle,Bamboo Thicket,tz03.ard,0x001B2500,xa_ex_2280.mdls,Heartless Darkball
Deep Jungle,Bamboo Thicket,tz03.ard,0x001B2540,xa_ex_2320.mdls,Heartless Wyvern
Deep Jungle,Bamboo Thicket,tz03.ard,0x001B2580,xa_ex_2460.mdls,Heartless Black Ballade
Deep Jungle,Bamboo Thicket,tz03.ard,0x001B25C0,xa_tz_3000.mdls,Sabor
Deep Jungle,Bamboo Thicket,tz03.ard,0x001B2600,xa_ex_7230.mdls,Donald (High-Poly)
Deep Jungle,Bamboo Thicket,tz03.ard,0x001B2640,xa_tz_1010.mdls,Terk
Deep Jungle,Bamboo Thicket,tz03.ard,0x001B2680,xa_tz_3011.mdls,Clayton
Deep Jungle,Bamboo Thicket,tz03.ard,0x001B29A0,xa_ex_2140.mdls,Heartless Green Requiem
Deep Jungle,Bamboo Thicket,tz03.ard,0x001B29E0,xa_ex_2150.mdls,Heartless Wizard
Deep Jungle,Bamboo Thicket,tz03.ard,0x001B2A20,xa_tz_1050.mdls,NPC Gorilla
Deep Jungle,Jungle: Vines,tz04.ard,0x0008E180,xa_ex_0010.mdls,Sora
Deep Jungle,Jungle: Vines,tz04.ard,0x0008E1C0,xa_ex_0040.mdls,Donald
Deep Jungle,Jungle: Vines,tz04.ard,0x0008E200,xa_ex_0050.mdls,Goofy
Deep Jungle,Jungle: Vines,tz04.ard,0x0008E240,xa_tz_0030.mdls,Tarzan
Deep Jungle,Jungle: Vines 2,tz05.ard,0x00087300,xa_ex_0010.mdls,Sora
Deep Jungle,Jungle: Vines 2,tz05.ard,0x00087340,xa_ex_0040.mdls,Donald
Deep Jungle,Jungle: Vines 2,tz05.ard,0x00087380,xa_ex_0050.mdls,Goofy
Deep Jungle,Jungle: Vines 2,tz05.ard,0x000873C0,xa_tz_0030.mdls,Tarzan
Deep Jungle,Jungle: Vines 2,tz05.ard,0x00087600,xa_tz_1030.mdls,Kala
Deep Jungle,Jungle: Vines 2,tz05.ard,0x00087640,xa_tz_1040.mdls,Kerjack
Deep Jungle,Jungle: Vines 2,tz05.ard,0x00087680,xa_tz_7000.mdls,Tarzan (High-Poly)
Deep Jungle,Hippo's Lagoon,tz06.ard,0x000C5E80,xa_ex_0010.mdls,Sora
Deep Jungle,Hippo's Lagoon,tz06.ard,0x000C5EC0,xa_ex_0040.mdls,Donald
Deep Jungle,Hippo's Lagoon,tz06.ard,0x000C5F00,xa_ex_0050.mdls,Goofy
Deep Jungle,Hippo's Lagoon,tz06.ard,0x000C5F40,xa_tz_0030.mdls,Tarzan
Deep Jungle,Climbing Trees,tz07.ard,0x00081200,xa_ex_0010.mdls,Sora
Deep Jungle,Climbing Trees,tz07.ard,0x00081240,xa_ex_0040.mdls,Donald
Deep Jungle,Climbing Trees,tz07.ard,0x00081280,xa_ex_0050.mdls,Goofy
Deep Jungle,Climbing Trees,tz07.ard,0x000812C0,xa_tz_0030.mdls,Tarzan
Deep Jungle,Climbing Trees,tz07.ard,0x00081620,xa_tz_1000.mdls,Jane
Deep Jungle,Climbing Trees,tz07.ard,0x00081660,xa_tz_1010.mdls,Terk
Deep Jungle,Climbing Trees,tz07.ard,0x000816A0,xa_ex_2030.mdls,Heartless Powerwild
Deep Jungle,Climbing Trees,tz07.ard,0x000816E0,xa_tz_1050.mdls,NPC Gorilla
Deep Jungle,Treetop,tz08.ard,0x00042A80,xa_ex_0010.mdls,Sora
Deep Jungle,Treetop,tz08.ard,0x00042AC0,xa_ex_0040.mdls,Donald
Deep Jungle,Treetop,tz08.ard,0x00042B00,xa_ex_0050.mdls,Goofy
Deep Jungle,Treetop,tz08.ard,0x00042B40,xa_tz_0030.mdls,Tarzan
Deep Jungle,Jungle: Tunnel,tz09.ard,0x0007E780,xa_ex_0010.mdls,Sora
Deep Jungle,Jungle: Tunnel,tz09.ard,0x0007E7C0,xa_ex_0040.mdls,Donald
Deep Jungle,Jungle: Tunnel,tz09.ard,0x0007E800,xa_ex_0050.mdls,Goofy
Deep Jungle,Jungle: Tunnel,tz09.ard,0x0007E840,xa_tz_0030.mdls,Tarzan
Deep Jungle,Jungle: Tunnel,tz09.ard,0x0007EA40,xa_pc_1000.mdls,Belle
Deep Jungle,Jungle: Tunnel,tz09.ard,0x0007EA80,xa_pc_1010.mdls,Aurora
Deep Jungle,Jungle: Tunnel,tz09.ard,0x0007EAC0,xa_pc_1020.mdls,Alice
Deep Jungle,Jungle: Tunnel,tz09.ard,0x0007EB00,xa_pc_1030.mdls,Cinderella
Deep Jungle,Jungle: Tunnel,tz09.ard,0x0007EB40,xa_pc_1040.mdls,Snow White
Deep Jungle,Waterfall Cavern,tz10.ard,0x0003ED80,xa_ex_0010.mdls,Sora
Deep Jungle,Waterfall Cavern,tz10.ard,0x0003EDC0,xa_ex_0040.mdls,Donald
Deep Jungle,Waterfall Cavern,tz10.ard,0x0003EE00,xa_ex_0050.mdls,Goofy
Deep Jungle,Waterfall Cavern,tz10.ard,0x0003EE40,xa_tz_0030.mdls,Tarzan
Deep Jungle,Cavern of Hearts,tz11.ard,0x0004C580,xa_ex_0010.mdls,Sora
Deep Jungle,Cavern of Hearts,tz11.ard,0x0004C5C0,xa_ex_0040.mdls,Donald
Deep Jungle,Cavern of Hearts,tz11.ard,0x0004C600,xa_ex_0050.mdls,Goofy
Deep Jungle,Cavern of Hearts,tz11.ard,0x0004C640,xa_tz_0030.mdls,Tarzan
Deep Jungle,Cavern of Hearts,tz11.ard,0x0004C7E0,xa_tz_1000.mdls,Jane
Deep Jungle,Cavern of Hearts,tz11.ard,0x0004C820,xa_tz_1010.mdls,Terk
Deep Jungle,Jungle: Cliff,tz12.ard,0x0009C800,xa_ex_0010.mdls,Sora
Deep Jungle,Jungle: Cliff,tz12.ard,0x0009C840,xa_ex_0040.mdls,Donald
Deep Jungle,Jungle: Cliff,tz12.ard,0x0009C880,xa_ex_0050.mdls,Goofy
Deep Jungle,Jungle: Cliff,tz12.ard,0x0009C8C0,xa_tz_0030.mdls,Tarzan
Deep Jungle,Jungle: Cliff,tz12.ard,0x0009CC00,xa_tz_3000.mdls,Sabor
Deep Jungle,Jungle: Cliff,tz12.ard,0x0009CCA0,xa_tz_1030.mdls,Kala
Deep Jungle,Jungle: Cliff,tz12.ard,0x0009CCE0,xa_tz_1040.mdls,Kerjack
Deep Jungle,Jungle: Cliff,tz12.ard,0x0009CD20,xa_tz_1050.mdls,NPC Gorilla
Deep Jungle,Jungle: Cliff,tz12.ard,0x0009CD80,xa_tz_3011.mdls,Clayton
Deep Jungle,Jungle: Cliff,tz12.ard,0x0009CDC0,xa_tz_7010.mdls,Clayton (High-Poly)
Deep Jungle,Jungle: Cliff,tz12.ard,0x0009CE00,xa_ex_2030.mdls,Heartless Powerwild
Deep Jungle,Jungle: Cliff,tz12.ard,0x0009CE40,xa_tz_3010.mdls,Clayton
Deep Jungle,Jungle: Cliff,tz12.ard,0x0009CE80,xa_tz_3020.mdls,Clayton and Stealth Sneak (Chameleon)
Deep Jungle,Jungle: Cliff,tz12.ard,0x0009CEC0,xa_ex_2140.mdls,Heartless Green Requiem
Deep Jungle,Jungle: Cliff,tz12.ard,0x0009CF00,xa_ex_2320.mdls,Heartless Wyvern
Deep Jungle,Jungle: Cliff,tz12.ard,0x0009CF40,xa_ex_2020.mdls,Heartless Shadow
Deep Jungle,Jungle: Cliff,tz12.ard,0x0009CF80,xa_ex_2040.mdls,Heartless Bouncywild
Deep Jungle,Jungle: Cliff,tz12.ard,0x0009CFC0,xa_ex_2280.mdls,Heartless Darkball
Deep Jungle,Camp,tz13.ard,0x00119180,xa_ex_0010.mdls,Sora
Deep Jungle,Camp,tz13.ard,0x001191C0,xa_ex_0040.mdls,Donald
Deep Jungle,Camp,tz13.ard,0x00119200,xa_ex_0050.mdls,Goofy
Deep Jungle,Camp,tz13.ard,0x00119240,xa_ex_2280.mdls,Heartless Darkball
Deep Jungle,Camp,tz13.ard,0x00119280,xa_ex_2320.mdls,Heartless Wyvern
Deep Jungle,Camp,tz13.ard,0x001192C0,xa_tz_0030.mdls,Tarzan
Deep Jungle,Camp,tz13.ard,0x00119AC0,xa_ex_2020.mdls,Heartless Shadow
Deep Jungle,Camp,tz13.ard,0x00119B00,xa_ex_2030.mdls,Heartless Powerwild
Deep Jungle,Camp,tz13.ard,0x00119B40,xa_ex_2040.mdls,Heartless Bouncywild
Deep Jungle,Camp,tz13.ard,0x00119B80,xa_tz_3000.mdls,Sabor
Deep Jungle,Camp,tz13.ard,0x00119BC0,xa_tz_3010.mdls,Clayton
Deep Jungle,Camp,tz13.ard,0x00119C00,xa_tz_1050.mdls,NPC Gorilla
Deep Jungle,Camp,tz13.ard,0x00119C40,xa_ex_2150.mdls,Heartless Wizard
Deep Jungle,Camp,tz13.ard,0x00119C80,xa_ex_2350.mdls,Heartless White Mushroom (Halloween Town)
Deep Jungle,Camp,tz13.ard,0x00119CC0,xa_ex_2380.mdls,Heartless Black Fungi
Deep Jungle,Camp,tz13.ard,0x00119D00,xa_ex_2390.mdls,Heartless Rare Truffles
Deep Jungle,???,tz14.ard,0x00042C00,xa_ex_0010.mdls,Sora
Deep Jungle,???,tz14.ard,0x00042C40,xa_ex_0040.mdls,Donald
Deep Jungle,???,tz14.ard,0x00042C80,xa_ex_0050.mdls,Goofy
Deep Jungle,???,tz14.ard,0x00042CC0,xa_tz_0030.mdls,Tarzan
Deep Jungle,Camp: Tent,tz15.ard,0x00073300,xa_ex_0010.mdls,Sora
Deep Jungle,Camp: Tent,tz15.ard,0x00073340,xa_ex_0040.mdls,Donald
Deep Jungle,Camp: Tent,tz15.ard,0x00073380,xa_ex_0050.mdls,Goofy
Deep Jungle,Camp: Tent,tz15.ard,0x000733C0,xa_tz_0030.mdls,Tarzan
Deep Jungle,Camp: Tent,tz15.ard,0x00073620,xa_tz_1000.mdls,Jane
Deep Jungle,Camp: Tent,tz15.ard,0x00073680,xa_tz_3011.mdls,Clayton
Deep Jungle,Green Serpent,tz16.ard,0x0008EE80,xa_ex_0010.mdls,Sora
Deep Jungle,Green Serpent,tz16.ard,0x0008EEC0,xa_tz_0030.mdls,Tarzan
Deep Jungle,Splash Tunnel,tz17.ard,0x00049F00,xa_ex_0010.mdls,Sora
Deep Jungle,Splash Tunnel,tz17.ard,0x00049F40,xa_tz_0030.mdls,Tarzan
Deep Jungle,Jade Spiral,tz18.ard,0x00068900,xa_ex_0010.mdls,Sora
Deep Jungle,Jade Spiral,tz18.ard,0x00068940,xa_tz_0030.mdls,Tarzan
Deep Jungle,Panic Fall,tz19.ard,0x0006F800,xa_ex_0010.mdls,Sora
Deep Jungle,Panic Fall,tz19.ard,0x0006F840,xa_tz_0030.mdls,Tarzan
Deep Jungle,Shadow Cavern,tz20.ard,0x0004D080,xa_ex_0010.mdls,Sora
Deep Jungle,Shadow Cavern,tz20.ard,0x0004D0C0,xa_tz_0030.mdls,Tarzan
100 Acre Wood,Pooh's House,po01.ard,0x00156700,xa_ex_0010.mdls,Sora
100 Acre Wood,Pooh's House,po01.ard,0x00156740,xa_ex_0040.mdls,Donald
100 Acre Wood,Pooh's House,po01.ard,0x00156780,xa_ex_0050.mdls,Goofy
100 Acre Wood,Pooh's House,po01.ard,0x00156CC0,xa_po_0000.mdls,Pooh Bear
100 Acre Wood,Pooh's House,po01.ard,0x00156D00,xa_po_1000.mdls,Tigger
100 Acre Wood,Pooh's House,po01.ard,0x00156D40,xa_po_1010.mdls,Piglet
100 Acre Wood,Pooh's House,po01.ard,0x00156D80,xa_po_1020.mdls,Eeyore
100 Acre Wood,Pooh's House,po01.ard,0x00156DC0,xa_po_1030.mdls,Rabbit
100 Acre Wood,Pooh's House,po01.ard,0x00156E00,xa_po_1040.mdls,Owl
100 Acre Wood,Pooh's House,po01.ard,0x00156E40,xa_po_1050.mdls,Roo
100 Acre Wood,Pooh's Room,po02.ard,0x00138300,xa_ex_0010.mdls,Sora
100 Acre Wood,Pooh's Room,po02.ard,0x00138340,xa_ex_0040.mdls,Donald
100 Acre Wood,Pooh's Room,po02.ard,0x00138380,xa_ex_0050.mdls,Goofy
100 Acre Wood,Pooh's Room,po02.ard,0x001387C0,xa_po_0000.mdls,Pooh Bear
100 Acre Wood,Pooh's Room,po02.ard,0x00138800,xa_po_1000.mdls,Tigger
100 Acre Wood,Pooh's Room,po02.ard,0x00138840,xa_po_1010.mdls,Piglet
100 Acre Wood,Pooh's Room,po02.ard,0x00138880,xa_po_1020.mdls,Eeyore
100 Acre Wood,Pooh's Room,po02.ard,0x001388C0,xa_po_1030.mdls,Rabbit
100 Acre Wood,Pooh's Room,po02.ard,0x00138900,xa_po_1040.mdls,Owl
100 Acre Wood,Pooh's Room,po02.ard,0x00138940,xa_po_1050.mdls,Roo
100 Acre Wood,Rabbit's House,po03.ard,0x000B1E00,xa_ex_0010.mdls,Sora
100 Acre Wood,Rabbit's House,po03.ard,0x000B1E40,xa_ex_0040.mdls,Donald
100 Acre Wood,Rabbit's House,po03.ard,0x000B1E80,xa_ex_0050.mdls,Goofy
100 Acre Wood,Rabbit's House,po03.ard,0x000B2200,xa_po_0000.mdls,Pooh Bear
100 Acre Wood,Rabbit's House,po03.ard,0x000B2240,xa_po_1000.mdls,Tigger
100 Acre Wood,Rabbit's House,po03.ard,0x000B2280,xa_po_1010.mdls,Piglet
100 Acre Wood,Rabbit's House,po03.ard,0x000B22C0,xa_po_1020.mdls,Eeyore
100 Acre Wood,Rabbit's House,po03.ard,0x000B2300,xa_po_1030.mdls,Rabbit
100 Acre Wood,Rabbit's House,po03.ard,0x000B2340,xa_po_1040.mdls,Owl
100 Acre Wood,Rabbit's Room,po04.ard,0x0009A600,xa_ex_0010.mdls,Sora
100 Acre Wood,Rabbit's Room,po04.ard,0x0009A640,xa_ex_0040.mdls,Donald
100 Acre Wood,Rabbit's Room,po04.ard,0x0009A680,xa_ex_0050.mdls,Goofy
100 Acre Wood,Rabbit's Room,po04.ard,0x0009A900,xa_po_0000.mdls,Pooh Bear
100 Acre Wood,Rabbit's Room,po04.ard,0x0009A940,xa_po_1000.mdls,Tigger
100 Acre Wood,Rabbit's Room,po04.ard,0x0009A980,xa_po_1010.mdls,Piglet
100 Acre Wood,Rabbit's Room,po04.ard,0x0009A9C0,xa_po_1020.mdls,Eeyore
100 Acre Wood,Rabbit's Room,po04.ard,0x0009AA00,xa_po_1030.mdls,Rabbit
100 Acre Wood,Rabbit's Room,po04.ard,0x0009AA40,xa_po_1040.mdls,Owl
100 Acre Wood,Rabbit's Room,po04.ard,0x0009AA80,xa_po_1050.mdls,Roo
100 Acre Wood,Hunny Tree,po05.ard,0x0005B780,xa_ex_0010.mdls,Sora
100 Acre Wood,Hunny Tree,po05.ard,0x0005B7C0,xa_ex_0040.mdls,Donald
100 Acre Wood,Hunny Tree,po05.ard,0x0005B800,xa_ex_0050.mdls,Goofy
100 Acre Wood,Hunny Tree,po05.ard,0x0005B980,xa_po_0000.mdls,Pooh Bear
100 Acre Wood,Hunny Tree,po05.ard,0x0005B9C0,xa_po_1000.mdls,Tigger
100 Acre Wood,Hunny Tree,po05.ard,0x0005BA00,xa_po_1010.mdls,Piglet
100 Acre Wood,Hunny Tree,po05.ard,0x0005BA40,xa_po_1020.mdls,Eeyore
100 Acre Wood,Hunny Tree,po05.ard,0x0005BA80,xa_po_1030.mdls,Rabbit
100 Acre Wood,Hunny Tree,po05.ard,0x0005BAC0,xa_po_1040.mdls,Owl
100 Acre Wood,Hunny Tree,po05.ard,0x0005BB00,xa_po_1050.mdls,Roo
100 Acre Wood,Wood: Hill,po06.ard,0x000A9E80,xa_ex_0010.mdls,Sora
100 Acre Wood,Wood: Hill,po06.ard,0x000A9EC0,xa_ex_0040.mdls,Donald
100 Acre Wood,Wood: Hill,po06.ard,0x000A9F00,xa_ex_0050.mdls,Goofy
100 Acre Wood,Wood: Hill,po06.ard,0x000AA100,xa_po_0000.mdls,Pooh Bear
100 Acre Wood,Wood: Hill,po06.ard,0x000AA140,xa_po_1000.mdls,Tigger
100 Acre Wood,Wood: Hill,po06.ard,0x000AA180,xa_po_1010.mdls,Piglet
100 Acre Wood,Wood: Hill,po06.ard,0x000AA1C0,xa_po_1020.mdls,Eeyore
100 Acre Wood,Wood: Hill,po06.ard,0x000AA200,xa_po_1030.mdls,Rabbit
100 Acre Wood,Wood: Hill,po06.ard,0x000AA240,xa_po_1040.mdls,Owl
100 Acre Wood,Wood: Meadow,po07.ard,0x000C9680,xa_ex_0010.mdls,Sora
100 Acre Wood,Wood: Meadow,po07.ard,0x000C96C0,xa_ex_0040.mdls,Donald
100 Acre Wood,Wood: Meadow,po07.ard,0x000C9700,xa_ex_0050.mdls,Goofy
100 Acre Wood,Wood: Meadow,po07.ard,0x000C9800,xa_ex_7010.mdls,Sora (High-Poly)
100 Acre Wood,Wood: Meadow,po07.ard,0x000C9840,xa_po_1020.mdls,Eeyore
100 Acre Wood,Wood: Meadow,po07.ard,0x000C9880,xa_po_1040.mdls,Owl
100 Acre Wood,Wood: Meadow,po07.ard,0x000C98C0,xa_po_7000.mdls,Pooh Bear (High-Poly)
100 Acre Wood,Bouncing Spot,po08.ard,0x0014F280,xa_ex_0010.mdls,Sora
100 Acre Wood,Bouncing Spot,po08.ard,0x0014F2C0,xa_ex_0040.mdls,Donald
100 Acre Wood,Bouncing Spot,po08.ard,0x0014F300,xa_ex_0050.mdls,Goofy
100 Acre Wood,Bouncing Spot,po08.ard,0x0014F780,xa_po_0000.mdls,Pooh Bear
100 Acre Wood,Bouncing Spot,po08.ard,0x0014F7C0,xa_po_1000.mdls,Tigger
100 Acre Wood,Bouncing Spot,po08.ard,0x0014F800,xa_po_1010.mdls,Piglet
100 Acre Wood,Bouncing Spot,po08.ard,0x0014F840,xa_po_1020.mdls,Eeyore
100 Acre Wood,Bouncing Spot,po08.ard,0x0014F880,xa_po_1030.mdls,Rabbit
100 Acre Wood,Bouncing Spot,po08.ard,0x0014F8C0,xa_po_1040.mdls,Owl
100 Acre Wood,Bouncing Spot,po08.ard,0x0014F900,xa_po_1050.mdls,Roo
100 Acre Wood,Muddy Path,po09.ard,0x00159880,xa_ex_0010.mdls,Sora
100 Acre Wood,Muddy Path,po09.ard,0x001598C0,xa_ex_0040.mdls,Donald
100 Acre Wood,Muddy Path,po09.ard,0x00159900,xa_ex_0050.mdls,Goofy
100 Acre Wood,Muddy Path,po09.ard,0x00159D80,xa_po_0000.mdls,Pooh Bear
100 Acre Wood,Muddy Path,po09.ard,0x00159DC0,xa_po_1000.mdls,Tigger
100 Acre Wood,Muddy Path,po09.ard,0x00159E00,xa_po_1010.mdls,Piglet
100 Acre Wood,Muddy Path,po09.ard,0x00159E40,xa_po_1020.mdls,Eeyore
100 Acre Wood,Muddy Path,po09.ard,0x00159E80,xa_po_1030.mdls,Rabbit
100 Acre Wood,Muddy Path,po09.ard,0x00159EC0,xa_po_1040.mdls,Owl
100 Acre Wood,Muddy Path,po09.ard,0x00159F00,xa_po_1050.mdls,Roo
100 Acre Wood,Ending,po10.ard,0x00099380,xa_ex_0010.mdls,Sora
100 Acre Wood,Ending,po10.ard,0x000993C0,xa_ex_0040.mdls,Donald
100 Acre Wood,Ending,po10.ard,0x00099400,xa_ex_0050.mdls,Goofy
100 Acre Wood,Ending,po10.ard,0x00099480,xa_po_0000.mdls,Pooh Bear
100 Acre Wood,Ending,po10.ard,0x000994C0,xa_po_1000.mdls,Tigger
100 Acre Wood,Ending,po10.ard,0x00099500,xa_po_1010.mdls,Piglet
100 Acre Wood,Ending,po10.ard,0x00099540,xa_po_1020.mdls,Eeyore
100 Acre Wood,Ending,po10.ard,0x00099580,xa_po_1030.mdls,Rabbit
100 Acre Wood,Ending,po10.ard,0x000995C0,xa_po_1040.mdls,Owl
100 Acre Wood,Ending,po10.ard,0x00099600,xa_po_1050.mdls,Roo
100 Acre Wood,100 Acre Wood,po11.ard,0x00007180,xa_ex_0010.mdls,Sora
100 Acre Wood,100 Acre Wood,po11.ard,0x000071C0,xa_ex_0040.mdls,Donald
100 Acre Wood,100 Acre Wood,po11.ard,0x00007200,xa_ex_0050.mdls,Goofy
100 Acre Wood,100 Acre Wood,po11.ard,0x00007280,xa_po_0000.mdls,Pooh Bear
100 Acre Wood,100 Acre Wood,po11.ard,0x000072C0,xa_po_1000.mdls,Tigger
100 Acre Wood,100 Acre Wood,po11.ard,0x00007300,xa_po_1010.mdls,Piglet
100 Acre Wood,100 Acre Wood,po11.ard,0x00007340,xa_po_1020.mdls,Eeyore
100 Acre Wood,100 Acre Wood,po11.ard,0x00007380,xa_po_1030.mdls,Rabbit
100 Acre Wood,100 Acre Wood,po11.ard,0x000073C0,xa_po_1040.mdls,Owl
100 Acre Wood,100 Acre Wood,po11.ard,0x00007400,xa_po_1050.mdls,Roo
Agrabah,Desert,al01.ard,0x00206700,xa_al_0030.mdls,Aladdin
Agrabah,Desert,al01.ard,0x00206740,xa_ex_0010.mdls,Sora
Agrabah,Desert,al01.ard,0x00206780,xa_ex_0040.mdls,Donald
Agrabah,Desert,al01.ard,0x002067C0,xa_ex_0050.mdls,Goofy
Agrabah,Desert,al01.ard,0x00206CC0,xa_al_3050.mdls,Kurt Zisa
Agrabah,Desert,al01.ard,0x00206D00,xa_al_1010.mdls,Magic Carpet
Agrabah,Desert,al01.ard,0x00206D40,xa_al_0038.mdls,Aladdin
Agrabah,Desert,al01.ard,0x00206D80,xa_al_7000.mdls,Aladdin (High-Poly)
Agrabah,Desert,al01.ard,0x00206DC0,xa_al_7020.mdls,Genie (High-Poly)
Agrabah,Desert,al01.ard,0x00206E00,xa_ex_0048.mdls,Donald
Agrabah,Desert,al01.ard,0x00206E40,xa_ex_0058.mdls,Goofy
Agrabah,Desert,al01.ard,0x00206E80,xa_ex_4041.mdls,Genie
Agrabah,Desert,al01.ard,0x00206EC0,xa_ex_7010.mdls,Sora (High-Poly)
Agrabah,Desert: Cave,al02.ard,0x000C2480,xa_al_0030.mdls,Aladdin
Agrabah,Desert: Cave,al02.ard,0x000C24C0,xa_ex_0010.mdls,Sora
Agrabah,Desert: Cave,al02.ard,0x000C2500,xa_ex_0040.mdls,Donald
Agrabah,Desert: Cave,al02.ard,0x000C2540,xa_ex_0050.mdls,Goofy
Agrabah,Desert: Cave,al02.ard,0x000C2600,xa_ex_2090.mdls,Heartless Bandit
Agrabah,Desert: Cave,al02.ard,0x000C2640,xa_ex_2060.mdls,Heartless Fat Bandit
Agrabah,Desert: Cave,al02.ard,0x000C2680,xa_ex_2160.mdls,Heartless Air Soldier
Agrabah,Desert: Cave,al02.ard,0x000C26C0,xa_al_3060.mdls,Cave of Wonders Guardian (Tiger Head)
Agrabah,Desert: Cave,al02.ard,0x000C2A00,xa_ex_2320.mdls,Heartless Wyvern
Agrabah,Desert: Cave,al02.ard,0x000C2A40,xa_al_0038.mdls,Aladdin
Agrabah,Desert: Cave,al02.ard,0x000C2A80,xa_al_1080.mdls,Abu
Agrabah,Desert: Cave,al02.ard,0x000C2AC0,xa_al_7000.mdls,Aladdin (High-Poly)
Agrabah,Desert: Cave,al02.ard,0x000C2B00,xa_al_7020.mdls,Genie (High-Poly)
Agrabah,Desert: Cave,al02.ard,0x000C2B40,xa_ex_0048.mdls,Donald
Agrabah,Desert: Cave,al02.ard,0x000C2B80,xa_ex_0058.mdls,Goofy
Agrabah,Desert: Cave,al02.ard,0x000C2BC0,xa_ex_4041.mdls,Genie
Agrabah,Desert: Cave,al02.ard,0x000C2C40,xa_al_1010.mdls,Magic Carpet
Agrabah,Agrabah: Plaza,al03.ard,0x001DBF80,xa_al_0030.mdls,Aladdin
Agrabah,Agrabah: Plaza,al03.ard,0x001DBFC0,xa_ex_0010.mdls,Sora
Agrabah,Agrabah: Plaza,al03.ard,0x001DC000,xa_ex_0040.mdls,Donald
Agrabah,Agrabah: Plaza,al03.ard,0x001DC040,xa_ex_0050.mdls,Goofy
Agrabah,Agrabah: Plaza,al03.ard,0x001DC580,xa_ex_2020.mdls,Heartless Shadow
Agrabah,Agrabah: Plaza,al03.ard,0x001DC5C0,xa_ex_2090.mdls,Heartless Bandit
Agrabah,Agrabah: Plaza,al03.ard,0x001DC600,xa_ex_2171.mdls,Red Pot (Hidden Pot Spider)
Agrabah,Agrabah: Plaza,al03.ard,0x001DC640,xa_ex_2172.mdls,Heartless Pot Spider (Darker Red)
Agrabah,Agrabah: Plaza,al03.ard,0x001DC680,xa_ex_2060.mdls,Heartless Fat Bandit
Agrabah,Agrabah: Plaza,al03.ard,0x001DC6C0,xa_ex_2130.mdls,Heartless Yellow Opera
Agrabah,Agrabah: Plaza,al03.ard,0x001DC700,xa_ex_2160.mdls,Heartless Air Soldier
Agrabah,Agrabah: Plaza,al03.ard,0x001DC740,xa_al_1030.mdls,Random NPC
Agrabah,Agrabah: Plaza,al03.ard,0x001DC780,xa_ex_2010.mdls,Heartless Soldier
Agrabah,Agrabah: Plaza,al03.ard,0x001DC7C0,xa_ex_2050.mdls,Heartless Large Body
Agrabah,Agrabah: Plaza,al03.ard,0x001DC800,xa_ex_2280.mdls,Heartless Darkball
Agrabah,Agrabah: Alley,al04.ard,0x000B5E00,xa_al_0030.mdls,Aladdin
Agrabah,Agrabah: Alley,al04.ard,0x000B5E40,xa_ex_0010.mdls,Sora
Agrabah,Agrabah: Alley,al04.ard,0x000B5E80,xa_ex_0040.mdls,Donald
Agrabah,Agrabah: Alley,al04.ard,0x000B5EC0,xa_ex_0050.mdls,Goofy
Agrabah,Agrabah: Alley,al04.ard,0x000B6180,xa_ex_2020.mdls,Heartless Shadow
Agrabah,Agrabah: Alley,al04.ard,0x000B61C0,xa_ex_2090.mdls,Heartless Bandit
Agrabah,Agrabah: Alley,al04.ard,0x000B6200,xa_ex_2171.mdls,Red Pot (Hidden Pot Spider)
Agrabah,Agrabah: Alley,al04.ard,0x000B6240,xa_ex_2172.mdls,Heartless Pot Spider (Darker Red)
Agrabah,Agrabah: Alley,al04.ard,0x000B6280,xa_ex_2130.mdls,Heartless Yellow Opera
Agrabah,Agrabah: Alley,al04.ard,0x000B62C0,xa_ex_2160.mdls,Heartless Air Soldier
Agrabah,Agrabah: Alley,al04.ard,0x000B6300,xa_al_1040.mdls,Random NPC
Agrabah,Agrabah: Alley,al04.ard,0x000B6340,xa_ex_2050.mdls,Heartless Large Body
Agrabah,Agrabah: Alley,al04.ard,0x000B6380,xa_ex_2150.mdls,Heartless Wizard
Agrabah,Agrabah: Alley,al04.ard,0x000B63C0,xa_ex_2280.mdls,Heartless Darkball
Agrabah,Agrabah: Alley,al04.ard,0x000B6400,xa_al_0038.mdls,Aladdin
Agrabah,Agrabah: Alley,al04.ard,0x000B6440,xa_al_1000.mdls,Jasmine
Agrabah,Agrabah: Alley,al04.ard,0x000B6480,xa_al_3018.mdls,Jafar
Agrabah,Agrabah: Alley,al04.ard,0x000B64C0,xa_al_7010.mdls,Jafar (High-Poly)
Agrabah,Agrabah: Alley,al04.ard,0x000B6500,xa_ex_0048.mdls,Donald
Agrabah,Agrabah: Alley,al04.ard,0x000B6540,xa_ex_0058.mdls,Goofy
Agrabah,Agrabah: Bazaar,al05.ard,0x00074780,xa_al_0030.mdls,Aladdin
Agrabah,Agrabah: Bazaar,al05.ard,0x000747C0,xa_ex_0010.mdls,Sora
Agrabah,Agrabah: Bazaar,al05.ard,0x00074800,xa_ex_0040.mdls,Donald
Agrabah,Agrabah: Bazaar,al05.ard,0x00074840,xa_ex_0050.mdls,Goofy
Agrabah,Agrabah: Bazaar,al05.ard,0x00074A80,xa_ex_2020.mdls,Heartless Shadow
Agrabah,Agrabah: Bazaar,al05.ard,0x00074AC0,xa_ex_2090.mdls,Heartless Bandit
Agrabah,Agrabah: Bazaar,al05.ard,0x00074B00,xa_ex_2140.mdls,Heartless Green Requiem
Agrabah,Agrabah: Bazaar,al05.ard,0x00074B40,xa_ex_2171.mdls,Red Pot (Hidden Pot Spider)
Agrabah,Agrabah: Bazaar,al05.ard,0x00074B80,xa_ex_2172.mdls,Heartless Pot Spider (Darker Red)
Agrabah,Agrabah: Bazaar,al05.ard,0x00074BC0,xa_ex_2380.mdls,Heartless Black Fungi
Agrabah,Agrabah: Bazaar,al05.ard,0x00074C00,xa_ex_2280.mdls,Heartless Darkball
Agrabah,Agrabah: Main Street,al06.ard,0x000AD400,xa_al_0030.mdls,Aladdin
Agrabah,Agrabah: Main Street,al06.ard,0x000AD440,xa_ex_0010.mdls,Sora
Agrabah,Agrabah: Main Street,al06.ard,0x000AD480,xa_ex_0040.mdls,Donald
Agrabah,Agrabah: Main Street,al06.ard,0x000AD4C0,xa_ex_0050.mdls,Goofy
Agrabah,Agrabah: Main Street,al06.ard,0x000AD700,xa_al_1000.mdls,Jasmine
Agrabah,Agrabah: Main Street,al06.ard,0x000AD740,xa_al_1028.mdls,Iago (Parrot)
Agrabah,Agrabah: Main Street,al06.ard,0x000AD780,xa_al_3018.mdls,Jafar
Agrabah,Agrabah: Main Street,al06.ard,0x000AD7C0,xa_al_7010.mdls,Jafar (High-Poly)
Agrabah,Agrabah: Main Street,al06.ard,0x000AD800,xa_ex_1091.mdls,Maleficent
Agrabah,Agrabah: Main Street,al06.ard,0x000AD840,xa_ex_2090.mdls,Heartless Bandit
Agrabah,Agrabah: Main Street,al06.ard,0x000AD880,xa_ex_2020.mdls,Heartless Shadow
Agrabah,Agrabah: Main Street,al06.ard,0x000AD8C0,xa_ex_2171.mdls,Red Pot (Hidden Pot Spider)
Agrabah,Agrabah: Main Street,al06.ard,0x000AD900,xa_ex_2172.mdls,Heartless Pot Spider (Darker Red)
Agrabah,Agrabah: Main Street,al06.ard,0x000AD940,xa_ex_2060.mdls,Heartless Fat Bandit
Agrabah,Agrabah: Main Street,al06.ard,0x000AD980,xa_ex_2140.mdls,Heartless Green Requiem
Agrabah,Agrabah: Main Street,al06.ard,0x000AD9C0,xa_ex_2130.mdls,Heartless Yellow Opera
Agrabah,Agrabah: Main Street,al06.ard,0x000ADA00,xa_ex_2160.mdls,Heartless Air Soldier
Agrabah,Agrabah: Main Street,al06.ard,0x000ADA40,xa_ex_2010.mdls,Heartless Soldier
Agrabah,Agrabah: Main Street,al06.ard,0x000ADA80,xa_ex_2050.mdls,Heartless Large Body
Agrabah,Agrabah: Main Street,al06.ard,0x000ADAC0,xa_ex_2150.mdls,Heartless Wizard
Agrabah,Palace Gates,al07.ard,0x000B1F00,xa_al_0030.mdls,Aladdin
Agrabah,Palace Gates,al07.ard,0x000B1F40,xa_ex_0010.mdls,Sora
Agrabah,Palace Gates,al07.ard,0x000B1F80,xa_ex_0040.mdls,Donald
Agrabah,Palace Gates,al07.ard,0x000B1FC0,xa_ex_0050.mdls,Goofy
Agrabah,Palace Gates,al07.ard,0x000B21C0,xa_ex_2190.mdls,Heartless Pot Scorpion
Agrabah,Palace Gates,al07.ard,0x000B2200,xa_ex_2191.mdls,Red Pot (Hidden Pot Scorpion?)
Agrabah,Palace Gates,al07.ard,0x000B2240,xa_ex_2020.mdls,Heartless Shadow
Agrabah,Palace Gates,al07.ard,0x000B2280,xa_ex_2090.mdls,Heartless Bandit
Agrabah,Palace Gates,al07.ard,0x000B22C0,xa_ex_2130.mdls,Heartless Yellow Opera
Agrabah,Palace Gates,al07.ard,0x000B2300,xa_ex_2140.mdls,Heartless Green Requiem
Agrabah,Palace Gates,al07.ard,0x000B2340,xa_ex_2171.mdls,Red Pot (Hidden Pot Spider)
Agrabah,Palace Gates,al07.ard,0x000B2360,xa_ex_2172.mdls,Heartless Pot Spider (Darker Red)
Agrabah,Palace Gates,al07.ard,0x000B23A0,xa_ex_2060.mdls,Heartless Fat Bandit
Agrabah,Palace Gates,al07.ard,0x000B23E0,xa_ex_2160.mdls,Heartless Air Soldier
Agrabah,Palace Gates,al07.ard,0x000B2420,xa_ex_2050.mdls,Heartless Large Body
Agrabah,Palace Gates,al07.ard,0x000B2460,xa_ex_2150.mdls,Heartless Wizard
Agrabah,Palace Gates,al07.ard,0x000B24A0,xa_ex_2280.mdls,Heartless Darkball
Agrabah,Palace Gates,al07.ard,0x000B24E0,xa_al_1050.mdls,Random NPC
Agrabah,Palace Gates,al07.ard,0x000B2520,xa_al_1070.mdls,Random NPC
Agrabah,Agrabah: Storage,al08.ard,0x000A1900,xa_al_0030.mdls,Aladdin
Agrabah,Agrabah: Storage,al08.ard,0x000A1940,xa_ex_0010.mdls,Sora
Agrabah,Agrabah: Storage,al08.ard,0x000A1980,xa_ex_0040.mdls,Donald
Agrabah,Agrabah: Storage,al08.ard,0x000A19C0,xa_ex_0050.mdls,Goofy
Agrabah,Cave: Entrance,al09.ard,0x000C7180,xa_al_0030.mdls,Aladdin
Agrabah,Cave: Entrance,al09.ard,0x000C71C0,xa_ex_0010.mdls,Sora
Agrabah,Cave: Entrance,al09.ard,0x000C7200,xa_ex_0040.mdls,Donald
Agrabah,Cave: Entrance,al09.ard,0x000C7240,xa_ex_0050.mdls,Goofy
Agrabah,Cave: Entrance,al09.ard,0x000C7500,xa_ex_2060.mdls,Heartless Fat Bandit
Agrabah,Cave: Entrance,al09.ard,0x000C7540,xa_ex_2090.mdls,Heartless Bandit
Agrabah,Cave: Entrance,al09.ard,0x000C7580,xa_ex_2160.mdls,Heartless Air Soldier
Agrabah,Cave: Entrance,al09.ard,0x000C75C0,xa_ex_2150.mdls,Heartless Wizard
Agrabah,Cave: Entrance,al09.ard,0x000C7600,xa_ex_2280.mdls,Heartless Darkball
Agrabah,Cave: Hall,al10.ard,0x000C0980,xa_al_0030.mdls,Aladdin
Agrabah,Cave: Hall,al10.ard,0x000C09C0,xa_ex_0010.mdls,Sora
Agrabah,Cave: Hall,al10.ard,0x000C0A00,xa_ex_0040.mdls,Donald
Agrabah,Cave: Hall,al10.ard,0x000C0A40,xa_ex_0050.mdls,Goofy
Agrabah,Cave: Hall,al10.ard,0x000C0DC0,xa_ex_2020.mdls,Heartless Shadow
Agrabah,Cave: Hall,al10.ard,0x000C0E00,xa_ex_2060.mdls,Heartless Fat Bandit
Agrabah,Cave: Hall,al10.ard,0x000C0E40,xa_ex_2130.mdls,Heartless Yellow Opera
Agrabah,Cave: Hall,al10.ard,0x000C0E80,xa_ex_2140.mdls,Heartless Green Requiem
Agrabah,Cave: Hall,al10.ard,0x000C0EC0,xa_ex_2160.mdls,Heartless Air Soldier
Agrabah,Cave: Hall,al10.ard,0x000C0F00,xa_ex_2150.mdls,Heartless Wizard
Agrabah,Cave: Hall,al10.ard,0x000C0F40,xa_ex_2280.mdls,Heartless Darkball
Agrabah,Cave: Hall,al10.ard,0x000C0F80,xa_ex_2320.mdls,Heartless Wyvern
Agrabah,Bottomless Hall,al11.ard,0x00086C00,xa_al_0030.mdls,Aladdin
Agrabah,Bottomless Hall,al11.ard,0x00086C40,xa_ex_0010.mdls,Sora
Agrabah,Bottomless Hall,al11.ard,0x00086C80,xa_ex_0040.mdls,Donald
Agrabah,Bottomless Hall,al11.ard,0x00086CC0,xa_ex_0050.mdls,Goofy
Agrabah,Bottomless Hall,al11.ard,0x00086EC0,xa_ex_2020.mdls,Heartless Shadow
Agrabah,Bottomless Hall,al11.ard,0x00086F00,xa_ex_2060.mdls,Heartless Fat Bandit
Agrabah,Bottomless Hall,al11.ard,0x00086F40,xa_ex_2090.mdls,Heartless Bandit
Agrabah,Bottomless Hall,al11.ard,0x00086F80,xa_ex_2171.mdls,Red Pot (Hidden Pot Spider)
Agrabah,Bottomless Hall,al11.ard,0x00086FC0,xa_ex_2172.mdls,Heartless Pot Spider (Darker Red)
Agrabah,Bottomless Hall,al11.ard,0x00087000,xa_ex_2280.mdls,Heartless Darkball
Agrabah,Bottomless Hall,al11.ard,0x00087040,xa_ex_2320.mdls,Heartless Wyvern
Agrabah,Treasure Room,al12.ard,0x00065400,xa_al_1080.mdls,Abu
Agrabah,Treasure Room,al12.ard,0x00065440,xa_al_0030.mdls,Aladdin
Agrabah,Treasure Room,al12.ard,0x00065480,xa_ex_0010.mdls,Sora
Agrabah,Treasure Room,al12.ard,0x000654C0,xa_ex_0040.mdls,Donald
Agrabah,Treasure Room,al12.ard,0x00065500,xa_ex_0050.mdls,Goofy
Agrabah,Treasure Room,al12.ard,0x00065540,xa_ex_2350.mdls,Heartless White Mushroom (Halloween Town)
Agrabah,Treasure Room,al12.ard,0x00065840,xa_ex_2060.mdls,Heartless Fat Bandit
Agrabah,Treasure Room,al12.ard,0x00065880,xa_ex_2090.mdls,Heartless Bandit
Agrabah,Treasure Room,al12.ard,0x000658C0,xa_ex_2150.mdls,Heartless Wizard
Agrabah,Treasure Room,al12.ard,0x00065900,xa_ex_2280.mdls,Heartless Darkball
Agrabah,Treasure Room,al12.ard,0x00065940,xa_ex_2020.mdls,Heartless Shadow
Agrabah,Relic Chamber,al13.ard,0x00053B00,xa_al_0030.mdls,Aladdin
Agrabah,Relic Chamber,al13.ard,0x00053B40,xa_ex_0010.mdls,Sora
Agrabah,Relic Chamber,al13.ard,0x00053B80,xa_ex_0040.mdls,Donald
Agrabah,Relic Chamber,al13.ard,0x00053BC0,xa_ex_0050.mdls,Goofy
Agrabah,Relic Chamber,al13.ard,0x00053D40,xa_al_1080.mdls,Abu
Agrabah,Dark Chamber,al14.ard,0x0007C800,xa_al_0030.mdls,Aladdin
Agrabah,Dark Chamber,al14.ard,0x0007C840,xa_ex_0010.mdls,Sora
Agrabah,Dark Chamber,al14.ard,0x0007C880,xa_ex_0040.mdls,Donald
Agrabah,Dark Chamber,al14.ard,0x0007C8C0,xa_ex_0050.mdls,Goofy
Agrabah,Dark Chamber,al14.ard,0x0007CB00,xa_al_1080.mdls,Abu
Agrabah,Silent Chamber,al15.ard,0x00056C80,xa_al_0030.mdls,Aladdin
Agrabah,Silent Chamber,al15.ard,0x00056CC0,xa_ex_0010.mdls,Sora
Agrabah,Silent Chamber,al15.ard,0x00056D00,xa_ex_0040.mdls,Donald
Agrabah,Silent Chamber,al15.ard,0x00056D40,xa_ex_0050.mdls,Goofy
Agrabah,Silent Chamber,al15.ard,0x00056F00,xa_al_1080.mdls,Abu
Agrabah,Hidden Room,al16.ard,0x000A7A80,xa_al_0030.mdls,Aladdin
Agrabah,Hidden Room,al16.ard,0x000A7AC0,xa_ex_0010.mdls,Sora
Agrabah,Hidden Room,al16.ard,0x000A7B00,xa_ex_0040.mdls,Donald
Agrabah,Hidden Room,al16.ard,0x000A7B40,xa_ex_0050.mdls,Goofy
Agrabah,Hidden Room,al16.ard,0x000A7D80,xa_al_1080.mdls,Abu
Agrabah,Lamp Chamber,al17.ard,0x00072200,xa_al_0030.mdls,Aladdin
Agrabah,Lamp Chamber,al17.ard,0x00072240,xa_ex_0010.mdls,Sora
Agrabah,Lamp Chamber,al17.ard,0x00072280,xa_ex_0040.mdls,Donald
Agrabah,Lamp Chamber,al17.ard,0x000722C0,xa_ex_0050.mdls,Goofy
Agrabah,Lamp Chamber,al17.ard,0x00072540,xa_al_0038.mdls,Aladdin
Agrabah,Lamp Chamber,al17.ard,0x00072580,xa_al_1000.mdls,Jasmine
Agrabah,Lamp Chamber,al17.ard,0x000725C0,xa_al_1010.mdls,Magic Carpet
Agrabah,Lamp Chamber,al17.ard,0x00072600,xa_al_7000.mdls,Aladdin (High-Poly)
Agrabah,Lamp Chamber,al17.ard,0x00072640,xa_ex_0048.mdls,Donald
Agrabah,Lamp Chamber,al17.ard,0x00072680,xa_ex_0058.mdls,Goofy
Agrabah,Lamp Chamber,al17.ard,0x000726C0,xa_al_3018.mdls,Jafar
Agrabah,Lamp Chamber,al17.ard,0x00072700,xa_al_7010.mdls,Jafar (High-Poly)
Agrabah,Lamp Chamber,al17.ard,0x00072740,xa_ex_4041.mdls,Genie
Agrabah,Lamp Chamber,al17.ard,0x00072780,xa_al_7020.mdls,Genie (High-Poly)
Agrabah,Lamp Chamber,al17.ard,0x000727C0,xa_al_3010.mdls,Jafar
Agrabah,Lamp Chamber,al17.ard,0x00072800,xa_ex_4040.mdls,Genie
Agrabah,Lamp Chamber,al17.ard,0x00072840,xa_ex_2060.mdls,Heartless Fat Bandit
Agrabah,Lamp Chamber,al17.ard,0x00072880,xa_ex_2090.mdls,Heartless Bandit
Agrabah,Lamp Chamber,al17.ard,0x000728C0,xa_ex_2160.mdls,Heartless Air Soldier
Agrabah,Lamp Chamber,al17.ard,0x00072900,xa_ex_2050.mdls,Heartless Large Body
Agrabah,Lamp Chamber,al17.ard,0x00072940,xa_ex_2320.mdls,Heartless Wyvern
Agrabah,Lamp Chamber,al17.ard,0x00072980,xa_ex_1091.mdls,Maleficent
Agrabah,Cave: Core,al18.ard,0x00092C00,xa_al_0030.mdls,Aladdin
Agrabah,Cave: Core,al18.ard,0x00092C40,xa_ex_0010.mdls,Sora
Agrabah,Cave: Core,al18.ard,0x00092C80,xa_ex_0040.mdls,Donald
Agrabah,Cave: Core,al18.ard,0x00092CC0,xa_ex_0050.mdls,Goofy
Agrabah,Cave: Core,al18.ard,0x00092F40,xa_al_1020.mdls,Iago (Parrot)
Agrabah,Cave: Core,al18.ard,0x00092F80,xa_al_2010.mdls,Dark Lamp (Jafar’s Lamp)
Agrabah,Cave: Core,al18.ard,0x00092FC0,xa_al_3020.mdls,Jafar Genie
Agrabah,Cave: Core,al18.ard,0x00093000,xa_al_0038.mdls,Aladdin
Agrabah,Aladdin's House,al19.ard,0x00063380,xa_al_1060.mdls,The Peddler
Agrabah,Aladdin's House,al19.ard,0x000633C0,xa_al_0030.mdls,Aladdin
Agrabah,Aladdin's House,al19.ard,0x00063400,xa_ex_0010.mdls,Sora
Agrabah,Aladdin's House,al19.ard,0x00063440,xa_ex_0040.mdls,Donald
Agrabah,Aladdin's House,al19.ard,0x00063480,xa_ex_0050.mdls,Goofy
Agrabah,Aladdin's House,al19.ard,0x00063640,xa_al_1010.mdls,Magic Carpet
Agrabah,Aladdin's House,al19.ard,0x00063680,xa_al_0038.mdls,Aladdin
Agrabah,Aladdin's House,al19.ard,0x000636C0,xa_ex_0048.mdls,Donald
Agrabah,Aladdin's House,al19.ard,0x00063700,xa_ex_0058.mdls,Goofy
Agrabah,Aladdin's House,al19.ard,0x00063740,xa_ex_4041.mdls,Genie
Agrabah,Aladdin's House,al19.ard,0x00063780,xa_al_7000.mdls,Aladdin (High-Poly)
Agrabah,Aladdin's House,al19.ard,0x000637C0,xa_al_7020.mdls,Genie (High-Poly)
Agrabah,Aladdin's House,al19.ard,0x00063800,xa_ex_4098.mdls,Genie (With Legs)
Agrabah,Aladdin's House,al19.ard,0x00063860,xa_al_1000.mdls,Jasmine
Agrabah,Aladdin's House,al19.ard,0x000638A0,xa_al_1080.mdls,Abu
Agrabah,???,al20.ard,0x0011DC00,xa_al_0030.mdls,Aladdin
Agrabah,???,al20.ard,0x0011DC40,xa_ex_0010.mdls,Sora
Agrabah,???,al20.ard,0x0011DC80,xa_ex_0040.mdls,Donald
Agrabah,???,al20.ard,0x0011DCC0,xa_ex_0050.mdls,Goofy
Agrabah,???,al20.ard,0x0011E100,xa_al_0038.mdls,Aladdin
Agrabah,???,al20.ard,0x0011E140,xa_al_1000.mdls,Jasmine
Agrabah,???,al20.ard,0x0011E180,xa_al_1028.mdls,Iago (Parrot)
Agrabah,???,al20.ard,0x0011E1C0,xa_al_7010.mdls,Jafar (High-Poly)
Agrabah,???,al20.ard,0x0011E200,xa_al_7020.mdls,Genie (High-Poly)
Agrabah,???,al20.ard,0x0011E240,xa_ex_0048.mdls,Donald
Agrabah,???,al20.ard,0x0011E280,xa_ex_0058.mdls,Goofy
Agrabah,???,al20.ard,0x0011E2C0,xa_ex_2171.mdls,Red Pot (Hidden Pot Spider)
Agrabah,???,al20.ard,0x0011E340,xa_al_3030.mdls,Pot Centipede (Piece 1)
Agrabah,???,al20.ard,0x0011E380,xa_al_3040.mdls,Pot Centipede (Piece 2)
Agrabah,???,al20.ard,0x0011E3C0,xa_ex_2172.mdls,Heartless Pot Spider (Darker Red)
Agrabah,Cave: Escape,al21.ard,0x0004B980,xa_al_0030.mdls,Aladdin
Agrabah,Cave: Escape,al21.ard,0x0004B9C0,xa_ex_0010.mdls,Sora
Agrabah,Cave: Escape,al21.ard,0x0004BA00,xa_ex_0040.mdls,Donald
Agrabah,Cave: Escape,al21.ard,0x0004BA40,xa_ex_0050.mdls,Goofy
Agrabah,Cave: Escape,al21.ard,0x0004BCA0,xa_al_1010.mdls,Magic Carpet
Atlantica,Atlantica (Undersea Valley),lm01.ard,0x0008CD00,xa_lm_0000.mdls,Sora (Atlantica)
Atlantica,Atlantica (Undersea Valley),lm01.ard,0x0008CD40,xa_lm_0010.mdls,Donald (Atlantica)
Atlantica,Atlantica (Undersea Valley),lm01.ard,0x0008CD80,xa_lm_0020.mdls,Goofy (Atlantica)
Atlantica,Atlantica (Undersea Valley),lm01.ard,0x0008CDC0,xa_lm_0030.mdls,Ariel
Atlantica,Atlantica (Undersea Valley),lm01.ard,0x0008D0C0,xa_ex_2070.mdls,Heartless Sea Neon
Atlantica,Atlantica (Undersea Valley),lm01.ard,0x0008D100,xa_ex_2080.mdls,Heartless Sea Neon
Atlantica,Atlantica (Undersea Valley),lm01.ard,0x0008D140,xa_ex_2250.mdls,Heartless Screwdiver
Atlantica,Atlantica (Undersea Valley),lm01.ard,0x0008D180,xa_ex_2230.mdls,Heartless Search Ghost
Atlantica,Atlantica (Undersea Valley),lm01.ard,0x0008D1C0,xa_ex_2240.mdls,Heartless Aquatank
Atlantica,Atlantica (Undersea Valley),lm01.ard,0x0008D200,xa_lm_3030.mdls,Shark
Atlantica,Atlantica (Undersea Valley),lm01.ard,0x0008D240,xa_ex_2280.mdls,Heartless Darkball
Atlantica,Tranquil Grotto,lm02.ard,0x00093A00,xa_lm_0000.mdls,Sora (Atlantica)
Atlantica,Tranquil Grotto,lm02.ard,0x00093A40,xa_lm_0010.mdls,Donald (Atlantica)
Atlantica,Tranquil Grotto,lm02.ard,0x00093A80,xa_lm_0020.mdls,Goofy (Atlantica)
Atlantica,Tranquil Grotto,lm02.ard,0x00093AC0,xa_lm_0030.mdls,Ariel
Atlantica,Tranquil Grotto,lm02.ard,0x00093E00,xa_ex_2230.mdls,Heartless Search Ghost
Atlantica,Tranquil Grotto,lm02.ard,0x00093E40,xa_ex_7050.mdls,Sora (Atlantica) (High-Poly)
Atlantica,Tranquil Grotto,lm02.ard,0x00093E80,xa_ex_7090.mdls,Donald (Atlantica) (High-Poly)
Atlantica,Tranquil Grotto,lm02.ard,0x00093EE0,xa_lm_1010.mdls,Sebastian
Atlantica,Tranquil Grotto,lm02.ard,0x00093F20,xa_lm_1020.mdls,Flounder
Atlantica,Tranquil Grotto,lm02.ard,0x00093F60,xa_lm_1040.mdls,Fish
Atlantica,Tranquil Grotto,lm02.ard,0x00093FA0,xa_lm_7000.mdls,Ariel (High-Poly)
Atlantica,Tranquil Grotto,lm02.ard,0x00093FE0,xa_ex_2070.mdls,Heartless Sea Neon
Atlantica,Calm Depths,lm03.ard,0x00059E00,xa_lm_0000.mdls,Sora (Atlantica)
Atlantica,Calm Depths,lm03.ard,0x00059E40,xa_lm_0010.mdls,Donald (Atlantica)
Atlantica,Calm Depths,lm03.ard,0x00059E80,xa_lm_0020.mdls,Goofy (Atlantica)
Atlantica,Calm Depths,lm03.ard,0x00059EC0,xa_lm_0030.mdls,Ariel
Atlantica,Calm Depths,lm03.ard,0x0005A0C0,xa_ex_2230.mdls,Heartless Search Ghost
Atlantica,Calm Depths,lm03.ard,0x0005A100,xa_ex_2250.mdls,Heartless Screwdiver
Atlantica,Calm Depths,lm03.ard,0x0005A140,xa_ex_2070.mdls,Heartless Sea Neon
Atlantica,Calm Depths,lm03.ard,0x0005A180,xa_ex_2080.mdls,Heartless Sea Neon
Atlantica,Calm Depths,lm03.ard,0x0005A1C0,xa_ex_2240.mdls,Heartless Aquatank
Atlantica,Calm Depths,lm03.ard,0x0005A200,xa_ex_2280.mdls,Heartless Darkball
Atlantica,Undersea Gorge,lm04.ard,0x000C8600,xa_lm_0000.mdls,Sora (Atlantica)
Atlantica,Undersea Gorge,lm04.ard,0x000C8640,xa_lm_0010.mdls,Donald (Atlantica)
Atlantica,Undersea Gorge,lm04.ard,0x000C8680,xa_lm_0020.mdls,Goofy (Atlantica)
Atlantica,Undersea Gorge,lm04.ard,0x000C86C0,xa_lm_0030.mdls,Ariel
Atlantica,Undersea Gorge,lm04.ard,0x000C8A40,xa_ex_2070.mdls,Heartless Sea Neon
Atlantica,Undersea Gorge,lm04.ard,0x000C8A80,xa_ex_2230.mdls,Heartless Search Ghost
Atlantica,Undersea Gorge,lm04.ard,0x000C8B20,xa_ex_2080.mdls,Heartless Sea Neon
Atlantica,Undersea Gorge,lm04.ard,0x000C8B60,xa_ex_2250.mdls,Heartless Screwdiver
Atlantica,Undersea Gorge,lm04.ard,0x000C8BA0,xa_ex_2240.mdls,Heartless Aquatank
Atlantica,Undersea Gorge,lm04.ard,0x000C8BE0,xa_lm_3030.mdls,Shark
Atlantica,Undersea Gorge,lm04.ard,0x000C8C20,xa_ex_2280.mdls,Heartless Darkball
Atlantica,Undersea Cave,lm05.ard,0x0001A580,xa_lm_0000.mdls,Sora (Atlantica)
Atlantica,Undersea Cave,lm05.ard,0x0001A5C0,xa_lm_0010.mdls,Donald (Atlantica)
Atlantica,Undersea Cave,lm05.ard,0x0001A600,xa_lm_0020.mdls,Goofy (Atlantica)
Atlantica,Undersea Cave,lm05.ard,0x0001A640,xa_lm_0030.mdls,Ariel
Atlantica,Undersea Cave,lm05.ard,0x0001A740,xa_ex_2350.mdls,Heartless White Mushroom (Halloween Town)
Atlantica,Undersea Cave,lm05.ard,0x0001A780,xa_ex_2352.mdls,Heartless White Mushroom
Atlantica,Undersea Cave,lm05.ard,0x0001A7A0,xa_ex_2410.mdls,Heartless Pink Agaricus
Atlantica,Undersea Cave,lm05.ard,0x0001A7E0,xa_ex_2070.mdls,Heartless Sea Neon
Atlantica,Undersea Cave,lm05.ard,0x0001A820,xa_ex_2230.mdls,Heartless Search Ghost
Atlantica,Undersea Cave,lm05.ard,0x0001A860,xa_ex_2080.mdls,Heartless Sea Neon
Atlantica,Undersea Cave,lm05.ard,0x0001A8A0,xa_ex_2240.mdls,Heartless Aquatank
Atlantica,Undersea Cave,lm05.ard,0x0001A8E0,xa_ex_2250.mdls,Heartless Screwdiver
Atlantica,Undersea Cave,lm05.ard,0x0001A920,xa_ex_2280.mdls,Heartless Darkball
Atlantica,Undersea Garden,lm06.ard,0x0002A780,xa_lm_0000.mdls,Sora (Atlantica)
Atlantica,Undersea Garden,lm06.ard,0x0002A7C0,xa_lm_0010.mdls,Donald (Atlantica)
Atlantica,Undersea Garden,lm06.ard,0x0002A800,xa_lm_0020.mdls,Goofy (Atlantica)
Atlantica,Undersea Garden,lm06.ard,0x0002A840,xa_lm_0030.mdls,Ariel
Atlantica,Undersea Garden,lm06.ard,0x0002A980,xa_ex_2230.mdls,Heartless Search Ghost
Atlantica,Undersea Garden,lm06.ard,0x0002A9C0,xa_ex_2070.mdls,Heartless Sea Neon
Atlantica,Undersea Garden,lm06.ard,0x0002AA20,xa_lm_1050.mdls,Ursula
Atlantica,Undersea Garden,lm06.ard,0x0002AA60,xa_lm_3020.mdls,Flotsam / Jetsam
Atlantica,Undersea Garden,lm06.ard,0x0002AAC0,xa_lm_7000.mdls,Ariel (High-Poly)
Atlantica,Undersea Garden,lm06.ard,0x0002AB00,xa_lm_7020.mdls,Ursula (High-Poly)
Atlantica,Sunken Ship,lm08.ard,0x0009B280,xa_lm_0000.mdls,Sora (Atlantica)
Atlantica,Sunken Ship,lm08.ard,0x0009B2C0,xa_lm_0010.mdls,Donald (Atlantica)
Atlantica,Sunken Ship,lm08.ard,0x0009B300,xa_lm_0020.mdls,Goofy (Atlantica)
Atlantica,Sunken Ship,lm08.ard,0x0009B340,xa_lm_0030.mdls,Ariel
Atlantica,Sunken Ship,lm08.ard,0x0009B5C0,xa_ex_2250.mdls,Heartless Screwdiver
Atlantica,Sunken Ship,lm08.ard,0x0009B600,xa_lm_3030.mdls,Shark
Atlantica,Sunken Ship,lm08.ard,0x0009B640,xa_ex_2280.mdls,Heartless Darkball
Atlantica,Sunken Ship,lm08.ard,0x0009B6A0,xa_ex_2350.mdls,Heartless White Mushroom (Halloween Town)
Atlantica,Sunken Ship,lm08.ard,0x0009B6E0,xa_ex_2230.mdls,Heartless Search Ghost
Atlantica,Sunken Ship,lm08.ard,0x0009B720,xa_ex_2070.mdls,Heartless Sea Neon
Atlantica,???,lm09.ard,0x00000100,xa_lm_0000.mdls,Sora (Atlantica)
Atlantica,???,lm09.ard,0x00000140,xa_lm_0010.mdls,Donald (Atlantica)
Atlantica,???,lm09.ard,0x00000180,xa_lm_0020.mdls,Goofy (Atlantica)
Atlantica,???,lm09.ard,0x000001C0,xa_lm_0030.mdls,Ariel
Atlantica,Den of Tides,lm10.ard,0x0003C780,xa_lm_0000.mdls,Sora (Atlantica)
Atlantica,Den of Tides,lm10.ard,0x0003C7C0,xa_lm_0010.mdls,Donald (Atlantica)
Atlantica,Den of Tides,lm10.ard,0x0003C800,xa_lm_0020.mdls,Goofy (Atlantica)
Atlantica,Den of Tides,lm10.ard,0x0003C840,xa_lm_0030.mdls,Ariel
Atlantica,Den of Tides,lm10.ard,0x0003C9C0,xa_ex_2230.mdls,Heartless Search Ghost
Atlantica,Den of Tides,lm10.ard,0x0003CA00,xa_ex_2280.mdls,Heartless Darkball
Atlantica,Cavern Nook,lm11.ard,0x00064400,xa_lm_0000.mdls,Sora (Atlantica)
Atlantica,Cavern Nook,lm11.ard,0x00064440,xa_lm_0010.mdls,Donald (Atlantica)
Atlantica,Cavern Nook,lm11.ard,0x00064480,xa_lm_0020.mdls,Goofy (Atlantica)
Atlantica,Cavern Nook,lm11.ard,0x000644C0,xa_lm_0030.mdls,Ariel
Atlantica,Cavern Nook,lm11.ard,0x00064700,xa_ex_2230.mdls,Heartless Search Ghost
Atlantica,Tidal Abyss,lm12.ard,0x00015A00,xa_lm_0000.mdls,Sora (Atlantica)
Atlantica,Tidal Abyss,lm12.ard,0x00015A40,xa_lm_0010.mdls,Donald (Atlantica)
Atlantica,Tidal Abyss,lm12.ard,0x00015A80,xa_lm_0020.mdls,Goofy (Atlantica)
Atlantica,Tidal Abyss,lm12.ard,0x00015AC0,xa_lm_0030.mdls,Ariel
Atlantica,Tidal Abyss,lm12.ard,0x00015B80,xa_ex_2280.mdls,Heartless Darkball
Atlantica,Tidal Abyss,lm12.ard,0x00015BC0,xa_ex_2230.mdls,Heartless Search Ghost
Atlantica,Undersea Gorge,lm13.ard,0x00086680,xa_lm_0000.mdls,Sora (Atlantica)
Atlantica,Undersea Gorge,lm13.ard,0x000866C0,xa_lm_0010.mdls,Donald (Atlantica)
Atlantica,Undersea Gorge,lm13.ard,0x00086700,xa_lm_0020.mdls,Goofy (Atlantica)
Atlantica,Undersea Gorge,lm13.ard,0x00086740,xa_lm_0030.mdls,Ariel
Atlantica,Undersea Gorge,lm13.ard,0x000869E0,xa_lm_7020.mdls,Ursula (High-Poly)
Atlantica,Undersea Gorge,lm13.ard,0x00086A20,xa_ex_7090.mdls,Donald (Atlantica) (High-Poly)
Atlantica,Undersea Gorge,lm13.ard,0x00086A60,xa_lm_1010.mdls,Sebastian
Atlantica,Undersea Gorge,lm13.ard,0x00086AA0,xa_lm_1050.mdls,Ursula
Atlantica,Undersea Gorge,lm13.ard,0x00086AE0,xa_lm_3020.mdls,Flotsam / Jetsam
Atlantica,Undersea Gorge,lm13.ard,0x00086B60,xa_ex_2230.mdls,Heartless Search Ghost
Atlantica,Ariel's Grotto,lm14.ard,0x000A9580,xa_lm_0000.mdls,Sora (Atlantica)
Atlantica,Ariel's Grotto,lm14.ard,0x000A95C0,xa_lm_0010.mdls,Donald (Atlantica)
Atlantica,Ariel's Grotto,lm14.ard,0x000A9600,xa_lm_0020.mdls,Goofy (Atlantica)
Atlantica,Ariel's Grotto,lm14.ard,0x000A9640,xa_lm_0030.mdls,Ariel
Atlantica,Ariel's Grotto,lm14.ard,0x000A9920,xa_lm_1010.mdls,Sebastian
Atlantica,Ariel's Grotto,lm14.ard,0x000A9960,xa_lm_1020.mdls,Flounder
Atlantica,Ariel's Grotto,lm14.ard,0x000A99A0,xa_lm_3020.mdls,Flotsam / Jetsam
Atlantica,Ariel's Grotto,lm14.ard,0x000A9A00,xa_ex_7050.mdls,Sora (Atlantica) (High-Poly)
Atlantica,Ariel's Grotto,lm14.ard,0x000A9A40,xa_lm_1000.mdls,King Triton
Atlantica,Ariel's Grotto,lm14.ard,0x000A9A80,xa_lm_7000.mdls,Ariel (High-Poly)
Atlantica,Ariel's Grotto,lm14.ard,0x000A9AC0,xa_lm_7010.mdls,King Triton (High-Poly)
Atlantica,Triton's Palace,lm15.ard,0x0005E400,xa_lm_0000.mdls,Sora (Atlantica)
Atlantica,Triton's Palace,lm15.ard,0x0005E440,xa_lm_0010.mdls,Donald (Atlantica)
Atlantica,Triton's Palace,lm15.ard,0x0005E480,xa_lm_0020.mdls,Goofy (Atlantica)
Atlantica,Triton's Palace,lm15.ard,0x0005E4C0,xa_lm_0030.mdls,Ariel
Atlantica,Triton's Palace,lm15.ard,0x0005E700,xa_ex_2230.mdls,Heartless Search Ghost
Atlantica,Triton's Palace,lm15.ard,0x0005E740,xa_ex_2250.mdls,Heartless Screwdiver
Atlantica,Triton's Palace,lm15.ard,0x0005E780,xa_ex_2070.mdls,Heartless Sea Neon
Atlantica,Triton's Palace,lm15.ard,0x0005E7C0,xa_ex_2080.mdls,Heartless Sea Neon
Atlantica,Triton's Palace,lm15.ard,0x0005E800,xa_ex_2240.mdls,Heartless Aquatank
Atlantica,Triton's Palace,lm15.ard,0x0005E840,xa_ex_2280.mdls,Heartless Darkball
Atlantica,Triton's Throne (1),lm16.ard,0x0004F180,xa_lm_0000.mdls,Sora (Atlantica)
Atlantica,Triton's Throne (1),lm16.ard,0x0004F1C0,xa_lm_0010.mdls,Donald (Atlantica)
Atlantica,Triton's Throne (1),lm16.ard,0x0004F200,xa_lm_0020.mdls,Goofy (Atlantica)
Atlantica,Triton's Throne (1),lm16.ard,0x0004F240,xa_lm_0030.mdls,Ariel
Atlantica,Triton's Throne (1),lm16.ard,0x0004F3C0,xa_ex_2250.mdls,Heartless Screwdiver
Atlantica,Triton's Throne (1),lm16.ard,0x0004F400,xa_ex_7050.mdls,Sora (Atlantica) (High-Poly)
Atlantica,Triton's Throne (1),lm16.ard,0x0004F440,xa_ex_7090.mdls,Donald (Atlantica) (High-Poly)
Atlantica,Triton's Throne (1),lm16.ard,0x0004F4C0,xa_lm_1000.mdls,King Triton
Atlantica,Triton's Throne (1),lm16.ard,0x0004F500,xa_lm_1010.mdls,Sebastian
Atlantica,Triton's Throne (1),lm16.ard,0x0004F540,xa_lm_7000.mdls,Ariel (High-Poly)
Atlantica,Triton's Throne (1),lm16.ard,0x0004F580,xa_lm_7010.mdls,King Triton (High-Poly)
Atlantica,Triton's Throne (1),lm16.ard,0x0004F5E0,xa_lm_1050.mdls,Ursula
Atlantica,Triton's Throne (1),lm16.ard,0x0004F640,xa_lm_3020.mdls,Flotsam / Jetsam
Atlantica,Triton's Throne (1),lm16.ard,0x0004F6A0,xa_lm_7020.mdls,Ursula (High-Poly)
Atlantica,Triton's Throne (2),lm17.ard,0x000A5300,xa_lm_0000.mdls,Sora (Atlantica)
Atlantica,Triton's Throne (2),lm17.ard,0x000A5340,xa_lm_0010.mdls,Donald (Atlantica)
Atlantica,Triton's Throne (2),lm17.ard,0x000A5380,xa_lm_0020.mdls,Goofy (Atlantica)
Atlantica,Triton's Throne (2),lm17.ard,0x000A53C0,xa_lm_0030.mdls,Ariel
Atlantica,Triton's Throne (2),lm17.ard,0x000A5440,xa_ex_7050.mdls,Sora (Atlantica) (High-Poly)
Atlantica,Triton's Throne (2),lm17.ard,0x000A5480,xa_lm_1050.mdls,Ursula
Atlantica,Triton's Throne (2),lm17.ard,0x000A54C0,xa_lm_7020.mdls,Ursula (High-Poly)
Atlantica,Triton's Throne (2),lm17.ard,0x000A5500,xa_lm_3000.mdls,Ursula Big (Boss)
Atlantica,Triton's Throne (2),lm17.ard,0x000A5540,xa_lm_3040.mdls,Ursula Big (Tenticles) (Boss)
Halloween Town,Guillotine Square,nm01.ard,0x00191200,xa_nm_0000.mdls,Sora (Halloween Town)
Halloween Town,Guillotine Square,nm01.ard,0x00191240,xa_nm_0010.mdls,Donald (Halloween Town)
Halloween Town,Guillotine Square,nm01.ard,0x00191280,xa_nm_0020.mdls,Goofy (Halloween Town)
Halloween Town,Guillotine Square,nm01.ard,0x001912C0,xa_nm_0030.mdls,Jack Skellington
Halloween Town,Guillotine Square,nm01.ard,0x00191A80,xa_ex_2351.mdls,NO_MAP_MATCH
Halloween Town,Guillotine Square,nm01.ard,0x00191AC0,xa_ex_2381.mdls,Heartless Mushroom (Halloween Town)
Halloween Town,Guillotine Square,nm01.ard,0x00191B00,xa_ex_2021.mdls,Heartless Shadow (Halloween Town)
Halloween Town,Guillotine Square,nm01.ard,0x00191B40,xa_ex_2231.mdls,Heartless Search Ghost (Halloween Town)
Halloween Town,Guillotine Square,nm01.ard,0x00191B80,xa_ex_2201.mdls,Heartless Wight Knight (Halloween Town)
Halloween Town,Guillotine Square,nm01.ard,0x00191BC0,xa_ex_2221.mdls,Heartless Gargoyle (Halloween Town)
Halloween Town,Guillotine Square,nm01.ard,0x00191C00,xa_nm_0031.mdls,Jack Skellington
Halloween Town,Guillotine Square,nm01.ard,0x00191C40,xa_nm_1010.mdls,Zero
Halloween Town,Guillotine Square,nm01.ard,0x00191C80,xa_ex_2238.mdls,Heartless Search Ghost (Halloween Town)
Halloween Town,Guillotine Square,nm01.ard,0x00191CC0,xa_nm_1060.mdls,Mayor of Halloween Town
Halloween Town,Guillotine Square,nm01.ard,0x00191D00,xa_nm_7000.mdls,Jack Skellington (High-Poly)
Halloween Town,Lab Entryway,nm02.ard,0x00049F00,xa_nm_0000.mdls,Sora (Halloween Town)
Halloween Town,Lab Entryway,nm02.ard,0x00049F40,xa_nm_0010.mdls,Donald (Halloween Town)
Halloween Town,Lab Entryway,nm02.ard,0x00049F80,xa_nm_0020.mdls,Goofy (Halloween Town)
Halloween Town,Lab Entryway,nm02.ard,0x00049FC0,xa_nm_0030.mdls,Jack Skellington
Halloween Town,Lab Entryway,nm02.ard,0x0004A180,xa_nm_0018.mdls,Donald (Halloween Town)
Halloween Town,Lab Entryway,nm02.ard,0x0004A1C0,xa_nm_0028.mdls,Goofy (Halloween Town)
Halloween Town,Lab Entryway,nm02.ard,0x0004A200,xa_nm_0038.mdls,Jack Skellington
Halloween Town,Lab Entryway,nm02.ard,0x0004A240,xa_nm_1068.mdls,Mayor of Halloween Town
Halloween Town,Graveyard,nm03.ard,0x0010FC00,xa_nm_0000.mdls,Sora (Halloween Town)
Halloween Town,Graveyard,nm03.ard,0x0010FC40,xa_nm_0010.mdls,Donald (Halloween Town)
Halloween Town,Graveyard,nm03.ard,0x0010FC80,xa_nm_0020.mdls,Goofy (Halloween Town)
Halloween Town,Graveyard,nm03.ard,0x0010FCC0,xa_nm_0030.mdls,Jack Skellington
Halloween Town,Graveyard,nm03.ard,0x00110080,xa_nm_1010.mdls,Zero
Halloween Town,Graveyard,nm03.ard,0x001100C0,xa_nm_1031.mdls,Lock
Halloween Town,Graveyard,nm03.ard,0x00110100,xa_nm_1041.mdls,Shock
Halloween Town,Graveyard,nm03.ard,0x00110140,xa_nm_1051.mdls,Barrel
Halloween Town,Graveyard,nm03.ard,0x00110180,xa_ex_2201.mdls,Heartless Wight Knight (Halloween Town)
Halloween Town,Graveyard,nm03.ard,0x001101C0,xa_ex_2221.mdls,Heartless Gargoyle (Halloween Town)
Halloween Town,Graveyard,nm03.ard,0x00110200,xa_ex_2351.mdls,NO_MAP_MATCH
Halloween Town,Graveyard,nm03.ard,0x00110240,xa_ex_2381.mdls,Heartless Mushroom (Halloween Town)
Halloween Town,Graveyard,nm03.ard,0x00110280,xa_ex_2021.mdls,Heartless Shadow (Halloween Town)
Halloween Town,Graveyard,nm03.ard,0x001102C0,xa_ex_2231.mdls,Heartless Search Ghost (Halloween Town)
Halloween Town,Graveyard,nm03.ard,0x00110300,xa_ex_2151.mdls,Heartless Wizard (Halloween Town)
Halloween Town,Graveyard,nm03.ard,0x00110340,xa_nm_0031.mdls,Jack Skellington
Halloween Town,Graveyard,nm03.ard,0x00110380,xa_nm_1000.mdls,Sally
Halloween Town,Moonlight Hill,nm04.ard,0x00130180,xa_nm_0000.mdls,Sora (Halloween Town)
Halloween Town,Moonlight Hill,nm04.ard,0x001301C0,xa_nm_0010.mdls,Donald (Halloween Town)
Halloween Town,Moonlight Hill,nm04.ard,0x00130200,xa_nm_0020.mdls,Goofy (Halloween Town)
Halloween Town,Moonlight Hill,nm04.ard,0x00130240,xa_nm_0030.mdls,Jack Skellington
Halloween Town,Moonlight Hill,nm04.ard,0x00130640,xa_nm_1031.mdls,Lock
Halloween Town,Moonlight Hill,nm04.ard,0x00130680,xa_nm_1041.mdls,Shock
Halloween Town,Moonlight Hill,nm04.ard,0x001306C0,xa_nm_1051.mdls,Barrel
Halloween Town,Moonlight Hill,nm04.ard,0x00130700,xa_nm_1000.mdls,Sally
Halloween Town,Moonlight Hill,nm04.ard,0x00130740,xa_ex_2351.mdls,NO_MAP_MATCH
Halloween Town,Moonlight Hill,nm04.ard,0x00130780,xa_ex_2381.mdls,Heartless Mushroom (Halloween Town)
Halloween Town,Moonlight Hill,nm04.ard,0x001307C0,xa_ex_2021.mdls,Heartless Shadow (Halloween Town)
Halloween Town,Moonlight Hill,nm04.ard,0x00130800,xa_ex_2201.mdls,Heartless Wight Knight (Halloween Town)
Halloween Town,Moonlight Hill,nm04.ard,0x00130840,xa_ex_2231.mdls,Heartless Search Ghost (Halloween Town)
Halloween Town,Moonlight Hill,nm04.ard,0x00130880,xa_ex_2221.mdls,Heartless Gargoyle (Halloween Town)
Halloween Town,Moonlight Hill,nm04.ard,0x001308C0,xa_ex_2281.mdls,Heartless Darkball (Halloween Town)
Halloween Town,Bridge,nm05.ard,0x000B6300,xa_ex_2391.mdls,Heartless Rare Truffles (Halloween Town)
Halloween Town,Bridge,nm05.ard,0x000B6340,xa_nm_0000.mdls,Sora (Halloween Town)
Halloween Town,Bridge,nm05.ard,0x000B6380,xa_nm_0010.mdls,Donald (Halloween Town)
Halloween Town,Bridge,nm05.ard,0x000B63C0,xa_nm_0020.mdls,Goofy (Halloween Town)
Halloween Town,Bridge,nm05.ard,0x000B6400,xa_nm_0030.mdls,Jack Skellington
Halloween Town,Bridge,nm05.ard,0x000B6700,xa_ex_2151.mdls,Heartless Wizard (Halloween Town)
Halloween Town,Bridge,nm05.ard,0x000B6740,xa_ex_2201.mdls,Heartless Wight Knight (Halloween Town)
Halloween Town,Bridge,nm05.ard,0x000B6780,xa_ex_2221.mdls,Heartless Gargoyle (Halloween Town)
Halloween Town,Bridge,nm05.ard,0x000B67C0,xa_ex_2231.mdls,Heartless Search Ghost (Halloween Town)
Halloween Town,Bridge,nm05.ard,0x000B6800,xa_ex_2281.mdls,Heartless Darkball (Halloween Town)
Halloween Town,Bridge,nm05.ard,0x000B6840,xa_ex_2320.mdls,Heartless Wyvern
Halloween Town,Bridge,nm05.ard,0x000B6880,xa_ex_2021.mdls,Heartless Shadow (Halloween Town)
Halloween Town,Bridge,nm05.ard,0x000B68C0,xa_ex_2351.mdls,NO_MAP_MATCH
Halloween Town,Bridge,nm05.ard,0x000B6900,xa_ex_2381.mdls,Heartless Mushroom (Halloween Town)
Halloween Town,???,nm06.ard,0x000DC400,xa_nm_0000.mdls,Sora (Halloween Town)
Halloween Town,???,nm06.ard,0x000DC440,xa_nm_0010.mdls,Donald (Halloween Town)
Halloween Town,???,nm06.ard,0x000DC480,xa_nm_0020.mdls,Goofy (Halloween Town)
Halloween Town,???,nm06.ard,0x000DC4C0,xa_nm_0030.mdls,Jack Skellington
Halloween Town,???,nm06.ard,0x000DCB40,xa_nm_1090.mdls,Ghost Prop?
Halloween Town,???,nm06.ard,0x000DCB80,xa_nm_1060.mdls,Mayor of Halloween Town
Halloween Town,Oogie's Manor,nm07.ard,0x00193280,xa_nm_0000.mdls,Sora (Halloween Town)
Halloween Town,Oogie's Manor,nm07.ard,0x001932C0,xa_nm_0010.mdls,Donald (Halloween Town)
Halloween Town,Oogie's Manor,nm07.ard,0x00193300,xa_nm_0020.mdls,Goofy (Halloween Town)
Halloween Town,Oogie's Manor,nm07.ard,0x00193340,xa_nm_0030.mdls,Jack Skellington
Halloween Town,Oogie's Manor,nm07.ard,0x00193D00,xa_ex_2021.mdls,Heartless Shadow (Halloween Town)
Halloween Town,Oogie's Manor,nm07.ard,0x00193D40,xa_ex_2201.mdls,Heartless Wight Knight (Halloween Town)
Halloween Town,Oogie's Manor,nm07.ard,0x00193D80,xa_ex_2221.mdls,Heartless Gargoyle (Halloween Town)
Halloween Town,Oogie's Manor,nm07.ard,0x00193DC0,xa_ex_2231.mdls,Heartless Search Ghost (Halloween Town)
Halloween Town,Oogie's Manor,nm07.ard,0x00193E00,xa_nm_0018.mdls,Donald (Halloween Town)
Halloween Town,Oogie's Manor,nm07.ard,0x00193E40,xa_nm_0028.mdls,Goofy (Halloween Town)
Halloween Town,Oogie's Manor,nm07.ard,0x00193E80,xa_nm_0038.mdls,Jack Skellington
Halloween Town,Oogie's Manor,nm07.ard,0x00193EC0,xa_nm_1031.mdls,Lock
Halloween Town,Oogie's Manor,nm07.ard,0x00193F00,xa_nm_1041.mdls,Shock
Halloween Town,Oogie's Manor,nm07.ard,0x00193F40,xa_nm_1051.mdls,Barrel
Halloween Town,Oogie's Manor,nm07.ard,0x00193F80,xa_ex_2351.mdls,NO_MAP_MATCH
Halloween Town,Oogie's Manor,nm07.ard,0x00193FC0,xa_ex_2381.mdls,Heartless Mushroom (Halloween Town)
Halloween Town,Torture Chamber,nm08.ard,0x00224200,xa_nm_0000.mdls,Sora (Halloween Town)
Halloween Town,Torture Chamber,nm08.ard,0x00224240,xa_nm_0010.mdls,Donald (Halloween Town)
Halloween Town,Torture Chamber,nm08.ard,0x00224280,xa_nm_0020.mdls,Goofy (Halloween Town)
Halloween Town,Torture Chamber,nm08.ard,0x002242C0,xa_nm_0030.mdls,Jack Skellington
Halloween Town,Torture Chamber,nm08.ard,0x00224740,xa_ex_2201.mdls,Heartless Wight Knight (Halloween Town)
Halloween Town,Torture Chamber,nm08.ard,0x00224780,xa_ex_2221.mdls,Heartless Gargoyle (Halloween Town)
Halloween Town,Torture Chamber,nm08.ard,0x002247C0,xa_ex_2231.mdls,Heartless Search Ghost (Halloween Town)
Halloween Town,Torture Chamber,nm08.ard,0x00224800,xa_nm_3000.mdls,Oogie Boogie
Halloween Town,Torture Chamber,nm08.ard,0x00224840,xa_nm_0038.mdls,Jack Skellington
Halloween Town,Torture Chamber,nm08.ard,0x00224880,xa_nm_7000.mdls,Jack Skellington (High-Poly)
Halloween Town,Torture Chamber,nm08.ard,0x002248C0,xa_nm_7010.mdls,Ooogie Boogie (High-Poly) (Dice in hands)
Halloween Town,Torture Chamber,nm08.ard,0x00224900,xa_nm_1038.mdls,Lock
Halloween Town,Torture Chamber,nm08.ard,0x00224940,xa_nm_1048.mdls,Shock
Halloween Town,Torture Chamber,nm08.ard,0x00224980,xa_nm_1058.mdls,Barrel
Halloween Town,Manor Ruins,nm09.ard,0x0007D380,xa_nm_0000.mdls,Sora (Halloween Town)
Halloween Town,Manor Ruins,nm09.ard,0x0007D3C0,xa_nm_0010.mdls,Donald (Halloween Town)
Halloween Town,Manor Ruins,nm09.ard,0x0007D400,xa_nm_0020.mdls,Goofy (Halloween Town)
Halloween Town,Manor Ruins,nm09.ard,0x0007D440,xa_nm_0030.mdls,Jack Skellington
Halloween Town,Manor Ruins,nm09.ard,0x0007D640,xa_ex_2200.mdls,Heartless Wight Knight
Halloween Town,Manor Ruins,nm09.ard,0x0007D680,xa_ex_2220.mdls,Heartless Gargoyle
Halloween Town,Manor Ruins,nm09.ard,0x0007D6C0,xa_nm_3010.mdls,Oogie Boogie (Boss from Manor)
Halloween Town,Manor Ruins,nm09.ard,0x0007D700,xa_nm_3020.mdls,Oogie Boogie Piece (Boss from Manor?)
Halloween Town,Manor Ruins,nm09.ard,0x0007D740,xa_nm_3030.mdls,Oogie Boogie Piece (Boss from Manor?)
Halloween Town,Manor Ruins,nm09.ard,0x0007DE80,xa_ex_2021.mdls,Heartless Shadow (Halloween Town)
Halloween Town,Manor Ruins,nm09.ard,0x0007DEC0,xa_ex_2201.mdls,Heartless Wight Knight (Halloween Town)
Halloween Town,Manor Ruins,nm09.ard,0x0007DEE0,xa_ex_2151.mdls,Heartless Wizard (Halloween Town)
Halloween Town,Manor Ruins,nm09.ard,0x0007DF20,xa_ex_2221.mdls,Heartless Gargoyle (Halloween Town)
Halloween Town,Manor Ruins,nm09.ard,0x0007DF40,xa_ex_2231.mdls,Heartless Search Ghost (Halloween Town)
Halloween Town,Manor Ruins,nm09.ard,0x0007DF80,xa_ex_2281.mdls,Heartless Darkball (Halloween Town)
Halloween Town,Manor Ruins,nm09.ard,0x0007DFC0,xa_nm_0018.mdls,Donald (Halloween Town)
Halloween Town,Manor Ruins,nm09.ard,0x0007E000,xa_nm_0028.mdls,Goofy (Halloween Town)
Halloween Town,Manor Ruins,nm09.ard,0x0007E040,xa_nm_0038.mdls,Jack Skellington
Halloween Town,Manor Ruins,nm09.ard,0x0007E080,xa_nm_7000.mdls,Jack Skellington (High-Poly)
Halloween Town,Manor Ruins,nm09.ard,0x0007E0C0,xa_ex_2260.mdls,Heartless Chimera
Halloween Town,Evil Playroom,nm10.ard,0x00117C00,xa_nm_0000.mdls,Sora (Halloween Town)
Halloween Town,Evil Playroom,nm10.ard,0x00117C40,xa_nm_0010.mdls,Donald (Halloween Town)
Halloween Town,Evil Playroom,nm10.ard,0x00117C80,xa_nm_0020.mdls,Goofy (Halloween Town)
Halloween Town,Evil Playroom,nm10.ard,0x00117CC0,xa_nm_0030.mdls,Jack Skellington
Halloween Town,Evil Playroom,nm10.ard,0x00118100,xa_nm_1038.mdls,Lock
Halloween Town,Evil Playroom,nm10.ard,0x00118140,xa_nm_1048.mdls,Shock
Halloween Town,Evil Playroom,nm10.ard,0x00118180,xa_nm_1058.mdls,Barrel
Halloween Town,Evil Playroom,nm10.ard,0x001181C0,xa_nm_1030.mdls,Lock
Halloween Town,Evil Playroom,nm10.ard,0x00118200,xa_nm_1040.mdls,Shock
Halloween Town,Evil Playroom,nm10.ard,0x00118240,xa_nm_1050.mdls,Barrel
Halloween Town,Evil Playroom,nm10.ard,0x00118280,xa_ex_2231.mdls,Heartless Search Ghost (Halloween Town)
Halloween Town,Research Lab,nm11.ard,0x000FDC00,xa_nm_0000.mdls,Sora (Halloween Town)
Halloween Town,Research Lab,nm11.ard,0x000FDC40,xa_nm_0010.mdls,Donald (Halloween Town)
Halloween Town,Research Lab,nm11.ard,0x000FDC80,xa_nm_0020.mdls,Goofy (Halloween Town)
Halloween Town,Research Lab,nm11.ard,0x000FDCC0,xa_nm_0030.mdls,Jack Skellington
Halloween Town,Research Lab,nm11.ard,0x000FE000,xa_nm_0018.mdls,Donald (Halloween Town)
Halloween Town,Research Lab,nm11.ard,0x000FE040,xa_nm_0028.mdls,Goofy (Halloween Town)
Halloween Town,Research Lab,nm11.ard,0x000FE080,xa_nm_0038.mdls,Jack Skellington
Halloween Town,Research Lab,nm11.ard,0x000FE0C0,xa_nm_1008.mdls,Sally
Halloween Town,Research Lab,nm11.ard,0x000FE100,xa_nm_1028.mdls,Dr. Finkelstein
Halloween Town,Research Lab,nm11.ard,0x000FE140,xa_nm_7000.mdls,Jack Skellington (High-Poly)
Halloween Town,Research Lab,nm11.ard,0x000FE180,xa_ex_2238.mdls,Heartless Search Ghost (Halloween Town)
Halloween Town,Research Lab,nm11.ard,0x000FE1C0,xa_nm_1031.mdls,Lock
Halloween Town,Research Lab,nm11.ard,0x000FE200,xa_nm_1041.mdls,Shock
Halloween Town,Research Lab,nm11.ard,0x000FE240,xa_nm_1051.mdls,Barrel
Halloween Town,Guillotine Gate,nm12.ard,0x0010DF00,xa_nm_0000.mdls,Sora (Halloween Town)
Halloween Town,Guillotine Gate,nm12.ard,0x0010DF40,xa_nm_0010.mdls,Donald (Halloween Town)
Halloween Town,Guillotine Gate,nm12.ard,0x0010DF80,xa_nm_0020.mdls,Goofy (Halloween Town)
Halloween Town,Guillotine Gate,nm12.ard,0x0010DFC0,xa_nm_0030.mdls,Jack Skellington
Halloween Town,Guillotine Gate,nm12.ard,0x0010E680,xa_nm_1010.mdls,Zero
Halloween Town,Guillotine Gate,nm12.ard,0x0010E6C0,xa_nm_1031.mdls,Lock
Halloween Town,Guillotine Gate,nm12.ard,0x0010E700,xa_nm_1041.mdls,Shock
Halloween Town,Guillotine Gate,nm12.ard,0x0010E740,xa_nm_1051.mdls,Barrel
Halloween Town,Guillotine Gate,nm12.ard,0x0010E780,xa_nm_1060.mdls,Mayor of Halloween Town
Halloween Town,Guillotine Gate,nm12.ard,0x0010E7C0,xa_nm_1090.mdls,Ghost Prop?
Halloween Town,Cemetary,nm13.ard,0x000FEB00,xa_nm_0000.mdls,Sora (Halloween Town)
Halloween Town,Cemetary,nm13.ard,0x000FEB40,xa_nm_0010.mdls,Donald (Halloween Town)
Halloween Town,Cemetary,nm13.ard,0x000FEB80,xa_nm_0020.mdls,Goofy (Halloween Town)
Halloween Town,Cemetary,nm13.ard,0x000FEBC0,xa_nm_0030.mdls,Jack Skellington
Olympus Coliseum,???,he01.ard,0x001B4880,xa_ex_0010.mdls,Sora
Olympus Coliseum,???,he01.ard,0x001B48C0,xa_ex_0040.mdls,Donald
Olympus Coliseum,???,he01.ard,0x001B4900,xa_ex_0050.mdls,Goofy
Olympus Coliseum,???,he01.ard,0x001B5180,xa_ex_1151.mdls,Cloud
Olympus Coliseum,???,he01.ard,0x001B51C0,xa_ex_4011.mdls,Hercules
Olympus Coliseum,???,he01.ard,0x001B5200,xa_ex_1650.mdls,Donald (Angry)
Olympus Coliseum,???,he01.ard,0x001B5240,xa_he_7000.mdls,NO_MAP_MATCH
Olympus Coliseum,Coliseum Lobby,he02.ard,0x0010BF80,xa_ex_0010.mdls,Sora
Olympus Coliseum,Coliseum Lobby,he02.ard,0x0010BFC0,xa_ex_0040.mdls,Donald
Olympus Coliseum,Coliseum Lobby,he02.ard,0x0010C000,xa_ex_0050.mdls,Goofy
Olympus Coliseum,Coliseum Lobby,he02.ard,0x0010C440,xa_ex_4011.mdls,Hercules
Olympus Coliseum,Coliseum Lobby,he02.ard,0x0010C480,xa_ex_7010.mdls,Sora (High-Poly)
Olympus Coliseum,Coliseum Lobby,he02.ard,0x0010C4C0,xa_he_1000.mdls,Phil
Olympus Coliseum,Coliseum Lobby,he02.ard,0x0010C500,xa_ex_7230.mdls,Donald (High-Poly)
Olympus Coliseum,Coliseum Lobby,he02.ard,0x0010C540,xa_ex_1650.mdls,Donald (Angry)
Olympus Coliseum,Coliseum (Preliminaries),he03.ard,0x002DF480,xa_ex_0010.mdls,Sora
Olympus Coliseum,Coliseum (Preliminaries),he03.ard,0x002DF4C0,xa_ex_0040.mdls,Donald
Olympus Coliseum,Coliseum (Preliminaries),he03.ard,0x002DF500,xa_ex_0050.mdls,Goofy
Olympus Coliseum,Coliseum (Preliminaries),he03.ard,0x002DF540,xa_ex_2060.mdls,Heartless Fat Bandit
Olympus Coliseum,Coliseum (Preliminaries),he03.ard,0x002DF580,xa_ex_2090.mdls,Heartless Bandit
Olympus Coliseum,Coliseum (Preliminaries),he03.ard,0x002DF5C0,xa_ex_2160.mdls,Heartless Air Soldier
Olympus Coliseum,Coliseum (Preliminaries),he03.ard,0x002DF600,xa_ex_2180.mdls,Heartless Barrel Spider (Lighter Brown)
Olympus Coliseum,Coliseum (Preliminaries),he03.ard,0x002DF640,xa_ex_2200.mdls,Heartless Wight Knight
Olympus Coliseum,Coliseum (Preliminaries),he03.ard,0x002DF680,xa_ex_2320.mdls,Heartless Wyvern
Olympus Coliseum,Coliseum (Preliminaries),he03.ard,0x002DF980,xa_ex_1151.mdls,Cloud
Olympus Coliseum,Coliseum (Preliminaries),he03.ard,0x002DF9C0,xa_ex_4011.mdls,Hercules
Olympus Coliseum,Coliseum (Preliminaries),he03.ard,0x002DFA00,xa_he_1000.mdls,Phil
Olympus Coliseum,Coliseum (Preliminaries),he03.ard,0x002DFA40,xa_he_1011.mdls,Hades
Olympus Coliseum,Coliseum (Preliminaries),he03.ard,0x002DFA80,xa_he_3021.mdls,Cerberus
Olympus Coliseum,Coliseum (Preliminaries),he03.ard,0x002DFAC0,xa_ex_1150.mdls,Cloud
Olympus Coliseum,Coliseum (Preliminaries),he03.ard,0x002DFB00,xa_ex_2010.mdls,Heartless Soldier
Olympus Coliseum,Coliseum (Preliminaries),he03.ard,0x002DFB40,xa_ex_2020.mdls,Heartless Shadow
Olympus Coliseum,Coliseum (Preliminaries),he03.ard,0x002DFB80,xa_ex_2050.mdls,Heartless Large Body
Olympus Coliseum,Coliseum (Preliminaries),he03.ard,0x002DFBC0,xa_ex_2110.mdls,Heartless Red Nocturne
Olympus Coliseum,Coliseum (Preliminaries),he03.ard,0x002DFC00,xa_ex_2120.mdls,Heartless Blue Rhapsody
Olympus Coliseum,Coliseum (Preliminaries),he03.ard,0x002DFC40,xa_ex_2100.mdls,Heartless Pirate
Olympus Coliseum,Coliseum (Preliminaries),he03.ard,0x002DFC80,xa_ex_2210.mdls,Heartless Air Pirate
Olympus Coliseum,Coliseum (Preliminaries),he03.ard,0x002DFCC0,xa_ex_2220.mdls,Heartless Gargoyle
Olympus Coliseum,Coliseum (Preliminaries),he03.ard,0x002DFD00,xa_ex_2270.mdls,Heartless Battleship
Olympus Coliseum,Coliseum (Preliminaries),he03.ard,0x002DFD40,xa_ex_2390.mdls,Heartless Rare Truffles
Olympus Coliseum,Coliseum (Preliminaries),he03.ard,0x002DFD80,xa_ex_4010.mdls,Hercules
Olympus Coliseum,Coliseum (Preliminaries),he03.ard,0x002DFE20,xa_he_3020.mdls,Cerberus
Olympus Coliseum,Coliseum (Preliminaries),he03.ard,0x002E0EE0,xa_ex_2130.mdls,Heartless Yellow Opera
Olympus Coliseum,Coliseum (Preliminaries),he03.ard,0x002E0F20,xa_ex_2140.mdls,Heartless Green Requiem
Olympus Coliseum,Coliseum (Preliminaries),he03.ard,0x002E0F60,xa_ex_2150.mdls,Heartless Wizard
Olympus Coliseum,Coliseum (Preliminaries),he03.ard,0x002E0FA0,xa_ex_2170.mdls,Heartless Pot Spider (Ligher Red)
Olympus Coliseum,Coliseum (Preliminaries),he03.ard,0x002E0FE0,xa_ex_2230.mdls,Heartless Search Ghost
Olympus Coliseum,Coliseum (Preliminaries),he03.ard,0x002E1020,xa_ex_2330.mdls,Heartless Angel Star
Olympus Coliseum,Coliseum (Preliminaries),he03.ard,0x002E1060,xa_ex_2380.mdls,Heartless Black Fungi
Olympus Coliseum,Coliseum (Preliminaries),he03.ard,0x002E10A0,xa_tw_3020.mdls,Heartless Guard Armor (Pink)
Olympus Coliseum,Coliseum (Preliminaries),he03.ard,0x002E10E0,xa_tz_3040.mdls,Clayton and Stealth Sneak (Chameleon) (Black)
Olympus Coliseum,Coliseum (Preliminaries),he03.ard,0x002E1120,xa_ex_2280.mdls,Heartless Darkball
Olympus Coliseum,Coliseum (Preliminaries),he03.ard,0x002E1160,xa_ex_2290.mdls,Heartless Invisible
Olympus Coliseum,Coliseum (Preliminaries),he03.ard,0x002E11A0,xa_ex_2030.mdls,Heartless Powerwild
Olympus Coliseum,Main Gates,he04.ard,0x001CC380,xa_ex_0010.mdls,Sora
Olympus Coliseum,Main Gates,he04.ard,0x001CC3C0,xa_ex_0040.mdls,Donald
Olympus Coliseum,Main Gates,he04.ard,0x001CC400,xa_ex_0050.mdls,Goofy
Olympus Coliseum,Main Gates,he04.ard,0x001CC440,xa_ex_2020.mdls,Heartless Shadow
Olympus Coliseum,Main Gates,he04.ard,0x001CC480,xa_ex_2100.mdls,Heartless Pirate
Olympus Coliseum,Main Gates,he04.ard,0x001CC4C0,xa_ex_2210.mdls,Heartless Air Pirate
Olympus Coliseum,Main Gates,he04.ard,0x001CCD40,xa_ex_2380.mdls,Heartless Black Fungi
Olympus Coliseum,Main Gates,he04.ard,0x001CCD80,xa_ex_2160.mdls,Heartless Air Soldier
Olympus Coliseum,Main Gates,he04.ard,0x001CCDC0,xa_ex_2180.mdls,Heartless Barrel Spider (Lighter Brown)
Olympus Coliseum,Main Gates,he04.ard,0x001CCE00,xa_ex_1090.mdls,Maleficent
Olympus Coliseum,Main Gates,he04.ard,0x001CCE40,xa_ex_4011.mdls,Hercules
Olympus Coliseum,Main Gates,he04.ard,0x001CCE80,xa_he_7000.mdls,NO_MAP_MATCH
Olympus Coliseum,Main Gates,he04.ard,0x001CCEC0,xa_ex_2350.mdls,Heartless White Mushroom (Halloween Town)
Olympus Coliseum,Main Gates,he04.ard,0x001CCF00,xa_ex_2200.mdls,Heartless Wight Knight
Olympus Coliseum,Main Gates,he04.ard,0x001CCF40,xa_ex_2320.mdls,Heartless Wyvern
Olympus Coliseum,Main Gates,he04.ard,0x001CCF80,xa_ex_2060.mdls,Heartless Fat Bandit
Olympus Coliseum,Main Gates,he04.ard,0x001CCFC0,xa_ex_2090.mdls,Heartless Bandit
Olympus Coliseum,Main Gates,he04.ard,0x001CD000,xa_ex_2230.mdls,Heartless Search Ghost
Olympus Coliseum,Main Gates,he04.ard,0x001CD040,xa_ex_2280.mdls,Heartless Darkball
Olympus Coliseum,Main Gates,he04.ard,0x001CD080,xa_ex_2290.mdls,Heartless Invisible
Olympus Coliseum,Main Gates,he04.ard,0x001CD0C0,xa_ex_2030.mdls,Heartless Powerwild
Olympus Coliseum,Main Gates,he04.ard,0x001CD100,xa_ex_2050.mdls,Heartless Large Body
Olympus Coliseum,Main Gates,he04.ard,0x001CD140,xa_ex_2110.mdls,Heartless Red Nocturne
Olympus Coliseum,Main Gates,he04.ard,0x001CD180,xa_ex_2140.mdls,Heartless Green Requiem
Olympus Coliseum,Main Gates,he04.ard,0x001CD1C0,xa_ex_2390.mdls,Heartless Rare Truffles
Olympus Coliseum,???,he05.ard,0x00000100,xa_ex_0010.mdls,Sora
Olympus Coliseum,???,he05.ard,0x00000140,xa_ex_0040.mdls,Donald
Olympus Coliseum,???,he05.ard,0x00000180,xa_ex_0050.mdls,Goofy
Olympus Coliseum,Coliseum (Cups),he06.ard,0x001D1400,xa_ex_0010.mdls,Sora
Olympus Coliseum,Coliseum (Cups),he06.ard,0x001D1440,xa_ex_0040.mdls,Donald
Olympus Coliseum,Coliseum (Cups),he06.ard,0x001D1480,xa_ex_0050.mdls,Goofy
Olympus Coliseum,Coliseum (Cups),he06.ard,0x001D14C0,xa_ex_2010.mdls,Heartless Soldier
Olympus Coliseum,Coliseum (Cups),he06.ard,0x001D1500,xa_ex_2090.mdls,Heartless Bandit
Olympus Coliseum,Coliseum (Cups),he06.ard,0x001D1540,xa_ex_2100.mdls,Heartless Pirate
Olympus Coliseum,Coliseum (Cups),he06.ard,0x001D1580,xa_ex_2200.mdls,Heartless Wight Knight
Olympus Coliseum,Coliseum (Cups),he06.ard,0x001D15C0,xa_ex_2340.mdls,Heartless Defender
Olympus Coliseum,Coliseum (Cups),he06.ard,0x001D1880,xa_he_3000.mdls,Rock Titan
Olympus Coliseum,Coliseum (Cups),he06.ard,0x001D1F40,xa_ex_1150.mdls,Cloud
Olympus Coliseum,Coliseum (Cups),he06.ard,0x001D1F80,xa_ex_2020.mdls,Heartless Shadow
Olympus Coliseum,Coliseum (Cups),he06.ard,0x001D1FC0,xa_ex_2230.mdls,Heartless Search Ghost
Olympus Coliseum,Coliseum (Cups),he06.ard,0x001D2000,xa_ex_2280.mdls,Heartless Darkball
Olympus Coliseum,Coliseum (Cups),he06.ard,0x001D2040,xa_ex_2290.mdls,Heartless Invisible
Olympus Coliseum,Coliseum (Cups),he06.ard,0x001D2080,xa_ex_2330.mdls,Heartless Angel Star
Olympus Coliseum,Coliseum (Cups),he06.ard,0x001D20C0,xa_ex_2030.mdls,Heartless Powerwild
Olympus Coliseum,Coliseum (Cups),he06.ard,0x001D2100,xa_tw_3010.mdls,Heartless Guard Armor
Olympus Coliseum,Coliseum (Cups),he06.ard,0x001D2140,xa_ex_2050.mdls,Heartless Large Body
Olympus Coliseum,Coliseum (Cups),he06.ard,0x001D2180,xa_ex_2110.mdls,Heartless Red Nocturne
Olympus Coliseum,Coliseum (Cups),he06.ard,0x001D21C0,xa_ex_2140.mdls,Heartless Green Requiem
Olympus Coliseum,Coliseum (Cups),he06.ard,0x001D2200,xa_ex_2210.mdls,Heartless Air Pirate
Olympus Coliseum,Coliseum (Cups),he06.ard,0x001D2240,xa_ex_1030.mdls,Leon
Olympus Coliseum,Coliseum (Cups),he06.ard,0x001D2280,xa_ex_2390.mdls,Heartless Rare Truffles
Olympus Coliseum,Coliseum (Cups),he06.ard,0x001D22C0,xa_tw_3020.mdls,Heartless Guard Armor (Pink)
Olympus Coliseum,Coliseum (Cups),he06.ard,0x001D2300,xa_ex_1040.mdls,Yuffie
Olympus Coliseum,Coliseum (Cups),he06.ard,0x001D2340,xa_ex_2060.mdls,Heartless Fat Bandit
Olympus Coliseum,Coliseum (Cups),he06.ard,0x001D2380,xa_ex_2130.mdls,Heartless Yellow Opera
Olympus Coliseum,Coliseum (Cups),he06.ard,0x001D23C0,xa_ex_2160.mdls,Heartless Air Soldier
Olympus Coliseum,Coliseum (Cups),he06.ard,0x001D2400,xa_ex_2170.mdls,Heartless Pot Spider (Ligher Red)
Olympus Coliseum,Coliseum (Cups),he06.ard,0x001D2440,xa_ex_2180.mdls,Heartless Barrel Spider (Lighter Brown)
Olympus Coliseum,Coliseum (Cups),he06.ard,0x001D2480,xa_ex_2380.mdls,Heartless Black Fungi
Olympus Coliseum,Coliseum (Cups),he06.ard,0x001D24C0,xa_ex_2320.mdls,Heartless Wyvern
Olympus Coliseum,Coliseum (Cups),he06.ard,0x001D2500,xa_ex_2311.mdls,Heartless Behemoth (Different Color 1)
Olympus Coliseum,Coliseum (Cups),he06.ard,0x001D2B40,xa_ex_2220.mdls,Heartless Gargoyle
Olympus Coliseum,Coliseum (Cups),he06.ard,0x001D2B80,xa_ex_2270.mdls,Heartless Battleship
Olympus Coliseum,Coliseum: Arena,he07.ard,0x00045880,xa_ex_0010.mdls,Sora
Olympus Coliseum,Coliseum: Arena,he07.ard,0x000458C0,xa_ex_0040.mdls,Donald
Olympus Coliseum,Coliseum: Arena,he07.ard,0x00045900,xa_ex_0050.mdls,Goofy
Olympus Coliseum,Coliseum: Arena,he07.ard,0x00045940,xa_tw_3020.mdls,Heartless Guard Armor (Pink)
Olympus Coliseum,Coliseum: Arena,he07.ard,0x00045980,xa_tz_3040.mdls,Clayton and Stealth Sneak (Chameleon) (Black)
Olympus Coliseum,Coliseum: Arena,he07.ard,0x00045A80,xa_ex_2020.mdls,Heartless Shadow
Olympus Coliseum,Coliseum: Arena,he07.ard,0x00045AC0,xa_ex_2050.mdls,Heartless Large Body
Olympus Coliseum,Coliseum: Arena,he07.ard,0x00045B00,xa_ex_2060.mdls,Heartless Fat Bandit
Olympus Coliseum,Coliseum: Arena,he07.ard,0x00045B40,xa_ex_2110.mdls,Heartless Red Nocturne
Olympus Coliseum,Coliseum: Arena,he07.ard,0x00045B80,xa_ex_2120.mdls,Heartless Blue Rhapsody
Olympus Coliseum,Coliseum: Arena,he07.ard,0x00045BC0,xa_ex_2130.mdls,Heartless Yellow Opera
Olympus Coliseum,Coliseum: Arena,he07.ard,0x00045C00,xa_ex_2150.mdls,Heartless Wizard
Olympus Coliseum,Coliseum: Arena,he07.ard,0x00045C40,xa_ex_2160.mdls,Heartless Air Soldier
Olympus Coliseum,Coliseum: Arena,he07.ard,0x00045C80,xa_ex_2200.mdls,Heartless Wight Knight
Olympus Coliseum,Coliseum: Arena,he07.ard,0x00045CC0,xa_ex_2210.mdls,Heartless Air Pirate
Olympus Coliseum,Coliseum: Arena,he07.ard,0x00045D00,xa_ex_2220.mdls,Heartless Gargoyle
Olympus Coliseum,Coliseum: Arena,he07.ard,0x00045D40,xa_ex_2230.mdls,Heartless Search Ghost
Olympus Coliseum,Coliseum: Arena,he07.ard,0x00045D80,xa_ex_2280.mdls,Heartless Darkball
Olympus Coliseum,Coliseum: Arena,he07.ard,0x00045DC0,xa_ex_2290.mdls,Heartless Invisible
Olympus Coliseum,Coliseum: Arena,he07.ard,0x00045E00,xa_ex_2320.mdls,Heartless Wyvern
Olympus Coliseum,Coliseum: Arena,he07.ard,0x00045E40,xa_ex_2330.mdls,Heartless Angel Star
Olympus Coliseum,Coliseum: Arena,he07.ard,0x00045E80,xa_ex_2340.mdls,Heartless Defender
Olympus Coliseum,Coliseum: Arena,he07.ard,0x00045EC0,xa_ex_2350.mdls,Heartless White Mushroom (Halloween Town)
Olympus Coliseum,Coliseum: Arena,he07.ard,0x00045F00,xa_he_1010.mdls,Hades
Olympus Coliseum,Coliseum: Arena,he07.ard,0x00045F40,xa_ex_2270.mdls,Heartless Battleship
Olympus Coliseum,Coliseum: Arena,he07.ard,0x00045F80,xa_he_3010.mdls,Ice Titan
Olympus Coliseum,Coliseum: Arena,he07.ard,0x000462C0,xa_ex_3000.mdls,Sephiroth
Olympus Coliseum,Coliseum: Arena,he07.ard,0x00046300,xa_ex_2030.mdls,Heartless Powerwild
Olympus Coliseum,Coliseum: Arena,he07.ard,0x00046340,xa_ex_2100.mdls,Heartless Pirate
Olympus Coliseum,Coliseum: Arena,he07.ard,0x00046380,xa_ex_2140.mdls,Heartless Green Requiem
Olympus Coliseum,Coliseum: Arena,he07.ard,0x000463C0,xa_ex_2090.mdls,Heartless Bandit
Olympus Coliseum,Coliseum: Arena,he07.ard,0x00046400,xa_ex_2180.mdls,Heartless Barrel Spider (Lighter Brown)
Olympus Coliseum,Coliseum: Arena,he07.ard,0x00046440,xa_ex_1151.mdls,Cloud
Olympus Coliseum,Coliseum: Arena,he07.ard,0x00046480,xa_ex_3008.mdls,Sephiroth
Olympus Coliseum,Coliseum: Arena,he07.ard,0x000464C0,xa_he_1030.mdls,Sephiroth Feather
Olympus Coliseum,Coliseum: Arena,he07.ard,0x00046500,xa_he_1040.mdls,Unknown Object
Monstro,Monstro: Mouth,pi01.ard,0x000E1480,xa_ex_0010.mdls,Sora
Monstro,Monstro: Mouth,pi01.ard,0x000E14C0,xa_ex_0040.mdls,Donald
Monstro,Monstro: Mouth,pi01.ard,0x000E1500,xa_ex_0050.mdls,Goofy
Monstro,Monstro: Mouth,pi01.ard,0x000E1800,xa_dc_1070.mdls,Jimminy Cricket
Monstro,Monstro: Mouth,pi01.ard,0x000E1840,xa_ex_1011.mdls,Riku (Wooden Sword)
Monstro,Monstro: Mouth,pi01.ard,0x000E1880,xa_ex_7010.mdls,Sora (High-Poly)
Monstro,Monstro: Mouth,pi01.ard,0x000E18C0,xa_pi_1000.mdls,Pinocchio
Monstro,Monstro: Mouth,pi01.ard,0x000E1900,xa_pi_1010.mdls,Geppetto
Monstro,Monstro: Mouth,pi02.ard,0x000E6B80,xa_ex_0010.mdls,Sora
Monstro,Monstro: Mouth,pi02.ard,0x000E6BC0,xa_ex_0040.mdls,Donald
Monstro,Monstro: Mouth,pi02.ard,0x000E6C00,xa_ex_0050.mdls,Goofy
Monstro,Monstro: Mouth,pi02.ard,0x000E6F40,xa_ex_1011.mdls,Riku (Wooden Sword)
Monstro,Monstro: Mouth,pi02.ard,0x000E6F80,xa_ex_7010.mdls,Sora (High-Poly)
Monstro,Monstro: Mouth,pi02.ard,0x000E6FC0,xa_pi_1000.mdls,Pinocchio
Monstro,Monstro: Mouth,pi02.ard,0x000E7000,xa_pi_1010.mdls,Geppetto
Monstro,Monstro: Stomach,pi03.ard,0x00037A00,xa_ex_0010.mdls,Sora
Monstro,Monstro: Stomach,pi03.ard,0x00037A40,xa_ex_0040.mdls,Donald
Monstro,Monstro: Stomach,pi03.ard,0x00037A80,xa_ex_0050.mdls,Goofy
Monstro,Monstro: Stomach,pi03.ard,0x00037B80,xa_pi_3000.mdls,Parasite Cage
Monstro,Monstro: Stomach,pi03.ard,0x00037BC0,xa_ex_2050.mdls,Heartless Large Body
Monstro,Monstro: Stomach,pi03.ard,0x00037C00,xa_ex_2160.mdls,Heartless Air Soldier
Monstro,Monstro: Stomach,pi03.ard,0x00037C40,xa_ex_2470.mdls,Heartless Grand Ghost
Monstro,Monstro: Stomach,pi03.ard,0x00037C80,xa_ex_2030.mdls,Heartless Powerwild
Monstro,Monstro: Stomach,pi03.ard,0x00037CC0,xa_ex_2040.mdls,Heartless Bouncywild
Monstro,Monstro: Stomach,pi03.ard,0x00037D00,xa_dc_1070.mdls,Jimminy Cricket
Monstro,Monstro: Stomach,pi03.ard,0x00037D40,xa_ex_1011.mdls,Riku (Wooden Sword)
Monstro,Monstro: Stomach,pi03.ard,0x00037D80,xa_pi_7000.mdls,Pinocchio (High-Poly)
Monstro,Monstro: Stomach,pi03.ard,0x00037DC0,xa_ex_2060.mdls,Heartless Fat Bandit
Monstro,Monstro: Stomach,pi03.ard,0x00037E00,xa_ex_2090.mdls,Heartless Bandit
Monstro,Monstro: Stomach,pi03.ard,0x00037E40,xa_ex_2100.mdls,Heartless Pirate
Monstro,Monstro: Stomach,pi03.ard,0x00037E80,xa_ex_2210.mdls,Heartless Air Pirate
Monstro,Monstro: Throat,pi04.ard,0x0002B480,xa_ex_0010.mdls,Sora
Monstro,Monstro: Throat,pi04.ard,0x0002B4C0,xa_ex_0040.mdls,Donald
Monstro,Monstro: Throat,pi04.ard,0x0002B500,xa_ex_0050.mdls,Goofy
Monstro,Monstro: Throat,pi04.ard,0x0002B600,xa_ex_2020.mdls,Heartless Shadow
Monstro,Monstro: Throat,pi04.ard,0x0002B640,xa_ex_2140.mdls,Heartless Green Requiem
Monstro,Monstro: Throat,pi04.ard,0x0002B680,xa_ex_2160.mdls,Heartless Air Soldier
Monstro,Monstro: Throat,pi04.ard,0x0002B6C0,xa_ex_2230.mdls,Heartless Search Ghost
Monstro,Monstro: Throat,pi04.ard,0x0002B700,xa_ex_2390.mdls,Heartless Rare Truffles
Monstro,Monstro: Throat,pi04.ard,0x0002B740,xa_ex_2010.mdls,Heartless Soldier
Monstro,Monstro: Throat,pi04.ard,0x0002B780,xa_ex_2030.mdls,Heartless Powerwild
Monstro,Monstro: Throat,pi04.ard,0x0002B7C0,xa_ex_2110.mdls,Heartless Red Nocturne
Monstro,Monstro: Throat,pi04.ard,0x0002B800,xa_ex_2280.mdls,Heartless Darkball
Monstro,Monstro: Throat,pi04.ard,0x0002B840,xa_ex_2090.mdls,Heartless Bandit
Monstro,Monstro: Throat,pi04.ard,0x0002B880,xa_ex_2100.mdls,Heartless Pirate
Monstro,Monstro: Throat,pi04.ard,0x0002B8C0,xa_ex_2210.mdls,Heartless Air Pirate
Monstro,Monstro: Bowels,pi05.ard,0x0003B500,xa_ex_0010.mdls,Sora
Monstro,Monstro: Bowels,pi05.ard,0x0003B540,xa_ex_0040.mdls,Donald
Monstro,Monstro: Bowels,pi05.ard,0x0003B580,xa_ex_0050.mdls,Goofy
Monstro,Monstro: Bowels,pi05.ard,0x0003B5C0,xa_ex_2100.mdls,Heartless Pirate
Monstro,Monstro: Bowels,pi05.ard,0x0003B600,xa_ex_2182.mdls,Heartless Barrel Spider (Darker Brown)
Monstro,Monstro: Bowels,pi05.ard,0x0003B640,xa_ex_2210.mdls,Heartless Air Pirate
Monstro,Monstro: Bowels,pi05.ard,0x0003B680,xa_ex_2280.mdls,Heartless Darkball
Monstro,Monstro: Bowels,pi05.ard,0x0003B740,xa_pi_1000.mdls,Pinocchio
Monstro,Monstro: Bowels,pi05.ard,0x0003B780,xa_pi_3000.mdls,Parasite Cage
Monstro,Monstro: Bowels,pi05.ard,0x0003B7C0,xa_ex_2020.mdls,Heartless Shadow
Monstro,Monstro: Bowels,pi05.ard,0x0003B800,xa_ex_2050.mdls,Heartless Large Body
Monstro,Monstro: Bowels,pi05.ard,0x0003B840,xa_ex_2160.mdls,Heartless Air Soldier
Monstro,Monstro: Bowels,pi05.ard,0x0003B880,xa_ex_2230.mdls,Heartless Search Ghost
Monstro,Monstro: Bowels,pi05.ard,0x0003B8C0,xa_ex_1560.mdls,Riku (Soul Eater)
Monstro,Monstro: Bowels,pi05.ard,0x0003B900,xa_ex_2030.mdls,Heartless Powerwild
Monstro,Monstro: Bowels,pi05.ard,0x0003B940,xa_ex_2040.mdls,Heartless Bouncywild
Monstro,Monstro: Bowels,pi05.ard,0x0003B980,xa_ex_2060.mdls,Heartless Fat Bandit
Monstro,Monstro: Bowels,pi05.ard,0x0003B9C0,xa_ex_2090.mdls,Heartless Bandit
Monstro,Monstro: Bowels,pi05.ard,0x0003BA00,xa_ex_2172.mdls,Heartless Pot Spider (Darker Red)
Monstro,Monstro: Chamber 1,pi06.ard,0x00036580,xa_ex_0010.mdls,Sora
Monstro,Monstro: Chamber 1,pi06.ard,0x000365C0,xa_ex_0040.mdls,Donald
Monstro,Monstro: Chamber 1,pi06.ard,0x00036600,xa_ex_0050.mdls,Goofy
Monstro,Monstro: Chamber 1,pi06.ard,0x00036640,xa_ex_2090.mdls,Heartless Bandit
Monstro,Monstro: Chamber 1,pi06.ard,0x00036680,xa_ex_2110.mdls,Heartless Red Nocturne
Monstro,Monstro: Chamber 1,pi06.ard,0x000366C0,xa_ex_2120.mdls,Heartless Blue Rhapsody
Monstro,Monstro: Chamber 1,pi06.ard,0x00036700,xa_ex_2280.mdls,Heartless Darkball
Monstro,Monstro: Chamber 1,pi06.ard,0x000367C0,xa_ex_2100.mdls,Heartless Pirate
Monstro,Monstro: Chamber 1,pi06.ard,0x00036800,xa_ex_1011.mdls,Riku (Wooden Sword)
Monstro,Monstro: Chamber 1,pi06.ard,0x00036840,xa_ex_7010.mdls,Sora (High-Poly)
Monstro,Monstro: Chamber 1,pi06.ard,0x00036880,xa_ex_7190.mdls,Riku (Wooden Sword) (High-Poly)
Monstro,Monstro: Chamber 1,pi06.ard,0x000368C0,xa_pi_1000.mdls,Pinocchio
Monstro,Monstro: Chamber 1,pi06.ard,0x00036900,xa_ex_2020.mdls,Heartless Shadow
Monstro,Monstro: Chamber 1,pi06.ard,0x00036940,xa_ex_2230.mdls,Heartless Search Ghost
Monstro,Monstro: Chamber 1,pi06.ard,0x00036980,xa_ex_2140.mdls,Heartless Green Requiem
Monstro,Monstro: Chamber 1,pi06.ard,0x000369C0,xa_ex_2130.mdls,Heartless Yellow Opera
Monstro,Monstro: Chamber 1,pi06.ard,0x00036A00,xa_ex_2030.mdls,Heartless Powerwild
Monstro,Monstro: Chamber 2,pi07.ard,0x00089180,xa_ex_0010.mdls,Sora
Monstro,Monstro: Chamber 2,pi07.ard,0x000891C0,xa_ex_0040.mdls,Donald
Monstro,Monstro: Chamber 2,pi07.ard,0x00089200,xa_ex_0050.mdls,Goofy
Monstro,Monstro: Chamber 2,pi07.ard,0x00089380,xa_ex_2050.mdls,Heartless Large Body
Monstro,Monstro: Chamber 2,pi07.ard,0x000893C0,xa_ex_2110.mdls,Heartless Red Nocturne
Monstro,Monstro: Chamber 2,pi07.ard,0x00089400,xa_ex_2120.mdls,Heartless Blue Rhapsody
Monstro,Monstro: Chamber 2,pi07.ard,0x00089440,xa_ex_2160.mdls,Heartless Air Soldier
Monstro,Monstro: Chamber 2,pi07.ard,0x00089480,xa_ex_2181.mdls,Crate (Darker) (Hidden Barrel Spider)
Monstro,Monstro: Chamber 2,pi07.ard,0x000894C0,xa_ex_2182.mdls,Heartless Barrel Spider (Darker Brown)
Monstro,Monstro: Chamber 2,pi07.ard,0x00089500,xa_ex_2280.mdls,Heartless Darkball
Monstro,Monstro: Chamber 2,pi07.ard,0x00089540,xa_ex_2060.mdls,Heartless Fat Bandit
Monstro,Monstro: Chamber 2,pi07.ard,0x00089580,xa_ex_2090.mdls,Heartless Bandit
Monstro,Monstro: Chamber 2,pi07.ard,0x000895C0,xa_ex_2171.mdls,Red Pot (Hidden Pot Spider)
Monstro,Monstro: Chamber 2,pi07.ard,0x00089600,xa_ex_2172.mdls,Heartless Pot Spider (Darker Red)
Monstro,Monstro: Chamber 2,pi07.ard,0x00089640,xa_ex_2100.mdls,Heartless Pirate
Monstro,Monstro: Chamber 2,pi07.ard,0x00089680,xa_ex_2210.mdls,Heartless Air Pirate
Monstro,Monstro: Chamber 2,pi07.ard,0x000896C0,xa_ex_2020.mdls,Heartless Shadow
Monstro,Monstro: Chamber 2,pi07.ard,0x00089700,xa_ex_2130.mdls,Heartless Yellow Opera
Monstro,Monstro: Chamber 2,pi07.ard,0x00089740,xa_ex_2140.mdls,Heartless Green Requiem
Monstro,Monstro: Chamber 3,pi08.ard,0x00078600,xa_ex_0010.mdls,Sora
Monstro,Monstro: Chamber 3,pi08.ard,0x00078640,xa_ex_0040.mdls,Donald
Monstro,Monstro: Chamber 3,pi08.ard,0x00078680,xa_ex_0050.mdls,Goofy
Monstro,Monstro: Chamber 3,pi08.ard,0x000787C0,xa_ex_2010.mdls,Heartless Soldier
Monstro,Monstro: Chamber 3,pi08.ard,0x00078800,xa_ex_2050.mdls,Heartless Large Body
Monstro,Monstro: Chamber 3,pi08.ard,0x00078840,xa_ex_2110.mdls,Heartless Red Nocturne
Monstro,Monstro: Chamber 3,pi08.ard,0x00078880,xa_ex_2120.mdls,Heartless Blue Rhapsody
Monstro,Monstro: Chamber 3,pi08.ard,0x000788C0,xa_ex_2280.mdls,Heartless Darkball
Monstro,Monstro: Chamber 3,pi08.ard,0x00078900,xa_ex_2060.mdls,Heartless Fat Bandit
Monstro,Monstro: Chamber 3,pi08.ard,0x00078940,xa_ex_2090.mdls,Heartless Bandit
Monstro,Monstro: Chamber 3,pi08.ard,0x00078980,xa_ex_2100.mdls,Heartless Pirate
Monstro,Monstro: Chamber 3,pi08.ard,0x000789C0,xa_ex_2020.mdls,Heartless Shadow
Monstro,Monstro: Chamber 3,pi08.ard,0x00078A00,xa_ex_2130.mdls,Heartless Yellow Opera
Monstro,Monstro: Chamber 3,pi08.ard,0x00078A40,xa_ex_2140.mdls,Heartless Green Requiem
Monstro,Monstro: Chamber 3,pi08.ard,0x00078A80,xa_ex_2230.mdls,Heartless Search Ghost
Monstro,Monstro: Chamber 4,pi09.ard,0x0003D500,xa_ex_0010.mdls,Sora
Monstro,Monstro: Chamber 4,pi09.ard,0x0003D540,xa_ex_0040.mdls,Donald
Monstro,Monstro: Chamber 4,pi09.ard,0x0003D580,xa_ex_0050.mdls,Goofy
Monstro,Monstro: Chamber 4,pi09.ard,0x0003D680,xa_ex_1011.mdls,Riku (Wooden Sword)
Monstro,Monstro: Chamber 4,pi09.ard,0x0003D6C0,xa_ex_1091.mdls,Maleficent
Monstro,Monstro: Chamber 4,pi09.ard,0x0003D700,xa_ex_7170.mdls,Maleficent (High-Poly)
Monstro,Monstro: Chamber 4,pi09.ard,0x0003D740,xa_pi_1000.mdls,Pinocchio
Monstro,Monstro: Chamber 5,pi10.ard,0x0008DC80,xa_ex_0010.mdls,Sora
Monstro,Monstro: Chamber 5,pi10.ard,0x0008DCC0,xa_ex_0040.mdls,Donald
Monstro,Monstro: Chamber 5,pi10.ard,0x0008DD00,xa_ex_0050.mdls,Goofy
Monstro,Monstro: Chamber 5,pi10.ard,0x0008DEC0,xa_ex_2100.mdls,Heartless Pirate
Monstro,Monstro: Chamber 5,pi10.ard,0x0008DF00,xa_ex_2110.mdls,Heartless Red Nocturne
Monstro,Monstro: Chamber 5,pi10.ard,0x0008DF40,xa_ex_2120.mdls,Heartless Blue Rhapsody
Monstro,Monstro: Chamber 5,pi10.ard,0x0008DF80,xa_ex_2181.mdls,Crate (Darker) (Hidden Barrel Spider)
Monstro,Monstro: Chamber 5,pi10.ard,0x0008DFC0,xa_ex_2182.mdls,Heartless Barrel Spider (Darker Brown)
Monstro,Monstro: Chamber 5,pi10.ard,0x0008E000,xa_ex_2280.mdls,Heartless Darkball
Monstro,Monstro: Chamber 5,pi10.ard,0x0008E040,xa_ex_2020.mdls,Heartless Shadow
Monstro,Monstro: Chamber 5,pi10.ard,0x0008E080,xa_ex_2050.mdls,Heartless Large Body
Monstro,Monstro: Chamber 5,pi10.ard,0x0008E0C0,xa_ex_2130.mdls,Heartless Yellow Opera
Monstro,Monstro: Chamber 5,pi10.ard,0x0008E100,xa_ex_2140.mdls,Heartless Green Requiem
Monstro,Monstro: Chamber 5,pi10.ard,0x0008E140,xa_ex_2230.mdls,Heartless Search Ghost
Monstro,Monstro: Chamber 5,pi10.ard,0x0008E180,xa_ex_2030.mdls,Heartless Powerwild
Monstro,Monstro: Chamber 5,pi10.ard,0x0008E1C0,xa_ex_2010.mdls,Heartless Soldier
Monstro,Monstro: Chamber 6,pi11.ard,0x0007D080,xa_ex_0010.mdls,Sora
Monstro,Monstro: Chamber 6,pi11.ard,0x0007D0C0,xa_ex_0040.mdls,Donald
Monstro,Monstro: Chamber 6,pi11.ard,0x0007D100,xa_ex_0050.mdls,Goofy
Monstro,Monstro: Chamber 6,pi11.ard,0x0007D280,xa_ex_2050.mdls,Heartless Large Body
Monstro,Monstro: Chamber 6,pi11.ard,0x0007D2C0,xa_ex_2110.mdls,Heartless Red Nocturne
Monstro,Monstro: Chamber 6,pi11.ard,0x0007D300,xa_ex_2120.mdls,Heartless Blue Rhapsody
Monstro,Monstro: Chamber 6,pi11.ard,0x0007D340,xa_ex_2160.mdls,Heartless Air Soldier
Monstro,Monstro: Chamber 6,pi11.ard,0x0007D380,xa_ex_2181.mdls,Crate (Darker) (Hidden Barrel Spider)
Monstro,Monstro: Chamber 6,pi11.ard,0x0007D3C0,xa_ex_2182.mdls,Heartless Barrel Spider (Darker Brown)
Monstro,Monstro: Chamber 6,pi11.ard,0x0007D400,xa_ex_2210.mdls,Heartless Air Pirate
Monstro,Monstro: Chamber 6,pi11.ard,0x0007D440,xa_ex_2130.mdls,Heartless Yellow Opera
Monstro,Monstro: Chamber 6,pi11.ard,0x0007D480,xa_ex_2140.mdls,Heartless Green Requiem
Monstro,Monstro: Chamber 6,pi11.ard,0x0007D4C0,xa_ex_2030.mdls,Heartless Powerwild
Monstro,???,pi32.ard,0x000C9680,xa_ex_0010.mdls,Sora
Monstro,???,pi32.ard,0x000C96C0,xa_ex_0040.mdls,Donald
Monstro,???,pi32.ard,0x000C9700,xa_ex_0050.mdls,Goofy
Monstro,???,pi32.ard,0x000C9800,xa_ex_7010.mdls,Sora (High-Poly)
Monstro,???,pi32.ard,0x000C9840,xa_po_1020.mdls,Eeyore
Monstro,???,pi32.ard,0x000C9880,xa_po_1040.mdls,Owl
Monstro,???,pi32.ard,0x000C98C0,xa_po_7000.mdls,Pooh Bear (High-Poly)
Monstro,???,pi37.ard,0x00138300,xa_ex_0010.mdls,Sora
Monstro,???,pi37.ard,0x00138340,xa_ex_0040.mdls,Donald
Monstro,???,pi37.ard,0x00138380,xa_ex_0050.mdls,Goofy
Monstro,???,pi37.ard,0x001387C0,xa_po_0000.mdls,Pooh Bear
Monstro,???,pi37.ard,0x00138800,xa_po_1000.mdls,Tigger
Monstro,???,pi37.ard,0x00138840,xa_po_1010.mdls,Piglet
Monstro,???,pi37.ard,0x00138880,xa_po_1020.mdls,Eeyore
Monstro,???,pi37.ard,0x001388C0,xa_po_1030.mdls,Rabbit
Monstro,???,pi37.ard,0x00138900,xa_po_1040.mdls,Owl
Monstro,???,pi37.ard,0x00138940,xa_po_1050.mdls,Roo
Neverland,Ship: Hold,pp01.ard,0x0007A100,xa_ex_0010.mdls,Sora
Neverland,Ship: Hold,pp01.ard,0x0007A140,xa_ex_0040.mdls,Donald
Neverland,Ship: Hold,pp01.ard,0x0007A180,xa_ex_0050.mdls,Goofy
Neverland,Ship: Hold,pp01.ard,0x0007A1C0,xa_pp_0000.mdls,Peter Pan
Neverland,Ship: Hold,pp01.ard,0x0007A440,xa_ex_2100.mdls,Heartless Pirate
Neverland,Ship: Hold,pp01.ard,0x0007A480,xa_pp_3020.mdls,Shadow Sora
Neverland,Ship: Hold,pp01.ard,0x0007A4C0,xa_ex_2020.mdls,Heartless Shadow
Neverland,Ship: Hold,pp01.ard,0x0007A500,xa_ex_2184.mdls,Heartless Barrel Spider (Ligther Brown)
Neverland,Ship: Hold,pp01.ard,0x0007A540,xa_ex_2230.mdls,Heartless Search Ghost
Neverland,Ship: Hold,pp01.ard,0x0007A580,xa_ex_2130.mdls,Heartless Yellow Opera
Neverland,Ship: Hold,pp01.ard,0x0007A5C0,xa_ex_2280.mdls,Heartless Darkball
Neverland,Ship: Hold,pp02.ard,0x00040180,xa_ex_0010.mdls,Sora
Neverland,Ship: Hold,pp02.ard,0x000401C0,xa_ex_0040.mdls,Donald
Neverland,Ship: Hold,pp02.ard,0x00040200,xa_ex_0050.mdls,Goofy
Neverland,Ship: Hold,pp02.ard,0x00040240,xa_pp_0000.mdls,Peter Pan
Neverland,Ship: Hold,pp02.ard,0x00040340,xa_ex_2183.mdls,Crate (Lighter) (Hidden Barrel Spider)
Neverland,Ship: Hold,pp02.ard,0x00040380,xa_ex_2184.mdls,Heartless Barrel Spider (Ligther Brown)
Neverland,Ship: Hold,pp02.ard,0x000403C0,xa_pp_3020.mdls,Shadow Sora
Neverland,Ship: Hold,pp02.ard,0x00040400,xa_ex_2020.mdls,Heartless Shadow
Neverland,Ship: Hold,pp02.ard,0x00040440,xa_ex_2100.mdls,Heartless Pirate
Neverland,Ship: Hold,pp02.ard,0x00040480,xa_ex_2230.mdls,Heartless Search Ghost
Neverland,Ship: Hold,pp02.ard,0x000404C0,xa_ex_2280.mdls,Heartless Darkball
Neverland,Ship: Hold,pp03.ard,0x000BB180,xa_ex_0010.mdls,Sora
Neverland,Ship: Hold,pp03.ard,0x000BB1C0,xa_ex_0040.mdls,Donald
Neverland,Ship: Hold,pp03.ard,0x000BB200,xa_ex_0050.mdls,Goofy
Neverland,Ship: Hold,pp03.ard,0x000BB240,xa_pp_0000.mdls,Peter Pan
Neverland,Ship: Hold,pp03.ard,0x000BB4C0,xa_ex_2280.mdls,Heartless Darkball
Neverland,Ship: Hold,pp03.ard,0x000BB500,xa_ex_2020.mdls,Heartless Shadow
Neverland,Ship: Hold,pp03.ard,0x000BB540,xa_pp_3020.mdls,Shadow Sora
Neverland,Ship: Hold,pp03.ard,0x000BB580,xa_ex_2100.mdls,Heartless Pirate
Neverland,Ship: Hold,pp03.ard,0x000BB5C0,xa_ex_2184.mdls,Heartless Barrel Spider (Ligther Brown)
Neverland,Ship: Hold,pp03.ard,0x000BB600,xa_ex_2230.mdls,Heartless Search Ghost
Neverland,Ship: Freezer,pp04.ard,0x00040280,xa_ex_0010.mdls,Sora
Neverland,Ship: Freezer,pp04.ard,0x000402C0,xa_ex_0040.mdls,Donald
Neverland,Ship: Freezer,pp04.ard,0x00040300,xa_ex_0050.mdls,Goofy
Neverland,Ship: Freezer,pp04.ard,0x00040340,xa_pp_0000.mdls,Peter Pan
Neverland,Ship: Freezer,pp04.ard,0x00040440,xa_ex_2020.mdls,Heartless Shadow
Neverland,Ship: Freezer,pp04.ard,0x00040480,xa_ex_2280.mdls,Heartless Darkball
Neverland,Ship: Freezer,pp04.ard,0x000404C0,xa_ex_2350.mdls,Heartless White Mushroom (Halloween Town)
Neverland,Ship: Freezer,pp04.ard,0x00040500,xa_ex_2390.mdls,Heartless Rare Truffles
Neverland,Ship: Freezer,pp04.ard,0x00040540,xa_ex_2380.mdls,Heartless Black Fungi
Neverland,Ship: Freezer,pp04.ard,0x00040580,xa_ex_2100.mdls,Heartless Pirate
Neverland,Ship: Freezer,pp04.ard,0x000405C0,xa_pp_3020.mdls,Shadow Sora
Neverland,Ship: Freezer,pp04.ard,0x00040600,xa_ex_2184.mdls,Heartless Barrel Spider (Ligther Brown)
Neverland,Ship: Freezer,pp04.ard,0x00040640,xa_ex_2230.mdls,Heartless Search Ghost
Neverland,Ship: Galley,pp05.ard,0x000A6B80,xa_ex_0010.mdls,Sora
Neverland,Ship: Galley,pp05.ard,0x000A6BC0,xa_ex_0040.mdls,Donald
Neverland,Ship: Galley,pp05.ard,0x000A6C00,xa_ex_0050.mdls,Goofy
Neverland,Ship: Galley,pp05.ard,0x000A6C40,xa_ex_2184.mdls,Heartless Barrel Spider (Ligther Brown)
Neverland,Ship: Galley,pp05.ard,0x000A6C80,xa_ex_2230.mdls,Heartless Search Ghost
Neverland,Ship: Galley,pp05.ard,0x000A6CC0,xa_pp_0000.mdls,Peter Pan
Neverland,Ship: Galley,pp05.ard,0x000A6FC0,xa_ex_2280.mdls,Heartless Darkball
Neverland,Ship: Galley,pp05.ard,0x000A7000,xa_ex_2100.mdls,Heartless Pirate
Neverland,Ship: Galley,pp05.ard,0x000A7040,xa_ex_2130.mdls,Heartless Yellow Opera
Neverland,Ship: Galley,pp05.ard,0x000A7080,xa_ex_0048.mdls,Donald
Neverland,Ship: Galley,pp05.ard,0x000A70C0,xa_ex_0058.mdls,Goofy
Neverland,Ship: Galley,pp05.ard,0x000A7100,xa_ex_4050.mdls,Tinkerbell
Neverland,Ship: Galley,pp05.ard,0x000A7140,xa_ex_7010.mdls,Sora (High-Poly)
Neverland,Ship: Galley,pp05.ard,0x000A7180,xa_ex_7140.mdls,Kairi (High-Poly)
Neverland,Ship: Galley,pp05.ard,0x000A71C0,xa_pp_0008.mdls,Peter Pan
Neverland,Ship: Galley,pp05.ard,0x000A7200,xa_pp_1010.mdls,Wendy
Neverland,Ship: Galley,pp05.ard,0x000A7240,xa_ex_2183.mdls,Crate (Lighter) (Hidden Barrel Spider)
Neverland,Ship: Galley,pp05.ard,0x000A7280,xa_pp_3020.mdls,Shadow Sora
Neverland,Ship: Galley,pp05.ard,0x000A72C0,xa_ex_2020.mdls,Heartless Shadow
Neverland,Ship: Cabin,pp06.ard,0x00075A80,xa_ex_0010.mdls,Sora
Neverland,Ship: Cabin,pp06.ard,0x00075AC0,xa_ex_0040.mdls,Donald
Neverland,Ship: Cabin,pp06.ard,0x00075B00,xa_ex_0050.mdls,Goofy
Neverland,Ship: Cabin,pp06.ard,0x00075B40,xa_ex_2020.mdls,Heartless Shadow
Neverland,Ship: Cabin,pp06.ard,0x00075B80,xa_ex_2100.mdls,Heartless Pirate
Neverland,Ship: Cabin,pp06.ard,0x00075BC0,xa_pp_0000.mdls,Peter Pan
Neverland,Ship: Cabin,pp06.ard,0x00075E00,xa_ex_2184.mdls,Heartless Barrel Spider (Ligther Brown)
Neverland,Ship: Cabin,pp06.ard,0x00075E40,xa_ex_2230.mdls,Heartless Search Ghost
Neverland,Ship: Cabin,pp06.ard,0x00075E80,xa_pp_3020.mdls,Shadow Sora
Neverland,Ship: Cabin,pp06.ard,0x00075EC0,xa_ex_2280.mdls,Heartless Darkball
Neverland,Ship: Cabin,pp06.ard,0x00075F00,xa_ex_2183.mdls,Crate (Lighter) (Hidden Barrel Spider)
Neverland,Pirate Ship,pp07.ard,0x0008AF00,xa_ex_0010.mdls,Sora
Neverland,Pirate Ship,pp07.ard,0x0008AF40,xa_ex_0040.mdls,Donald
Neverland,Pirate Ship,pp07.ard,0x0008AF80,xa_ex_0050.mdls,Goofy
Neverland,Pirate Ship,pp07.ard,0x0008AFC0,xa_pp_0000.mdls,Peter Pan
Neverland,Pirate Ship,pp07.ard,0x0008B240,xa_ex_2020.mdls,Heartless Shadow
Neverland,Pirate Ship,pp07.ard,0x0008B280,xa_ex_2100.mdls,Heartless Pirate
Neverland,Pirate Ship,pp07.ard,0x0008B2C0,xa_ex_2184.mdls,Heartless Barrel Spider (Ligther Brown)
Neverland,Pirate Ship,pp07.ard,0x0008B300,xa_ex_2230.mdls,Heartless Search Ghost
Neverland,Pirate Ship,pp07.ard,0x0008B340,xa_ex_1020.mdls,Kairi
Neverland,Pirate Ship,pp07.ard,0x0008B380,xa_ex_1091.mdls,Maleficent
Neverland,Pirate Ship,pp07.ard,0x0008B3C0,xa_ex_7170.mdls,Maleficent (High-Poly)
Neverland,Pirate Ship,pp07.ard,0x0008B400,xa_ex_7190.mdls,Riku (Wooden Sword) (High-Poly)
Neverland,Pirate Ship,pp07.ard,0x0008B440,xa_ex_1011.mdls,Riku (Wooden Sword)
Neverland,Pirate Ship,pp07.ard,0x0008B4A0,xa_pp_3030.mdls,Shadow Sora (With Keyblade)
Neverland,Pirate Ship,pp07.ard,0x0008B4E0,xa_ex_2130.mdls,Heartless Yellow Opera
Neverland,Pirate Ship,pp07.ard,0x0008B520,xa_ex_2280.mdls,Heartless Darkball
Neverland,Pirate Ship,pp07.ard,0x0008B560,xa_ex_1010.mdls,Riku (Wooden Sword)
Neverland,Pirate Ship,pp07.ard,0x0008B5A0,xa_pp_3001.mdls,Captain Hook
Neverland,Ship: Hold,pp08.ard,0x0005C080,xa_ex_0010.mdls,Sora
Neverland,Ship: Hold,pp08.ard,0x0005C0C0,xa_ex_0040.mdls,Donald
Neverland,Ship: Hold,pp08.ard,0x0005C100,xa_ex_0050.mdls,Goofy
Neverland,Ship: Hold,pp08.ard,0x0005C140,xa_pp_0000.mdls,Peter Pan
Neverland,Ship: Hold,pp08.ard,0x0005C340,xa_ex_4050.mdls,Tinkerbell
Neverland,Ship: Hold,pp08.ard,0x0005C380,xa_ex_7010.mdls,Sora (High-Poly)
Neverland,Ship: Hold,pp08.ard,0x0005C3C0,xa_ex_7230.mdls,Donald (High-Poly)
Neverland,Ship: Hold,pp08.ard,0x0005C400,xa_ex_7240.mdls,Goofy (High-Poly)
Neverland,Ship: Hold,pp08.ard,0x0005C440,xa_pp_7000.mdls,Peter Pan (High-Poly)
Neverland,Pirate Ship,pp09.ard,0x0010A080,xa_ex_0010.mdls,Sora
Neverland,Pirate Ship,pp09.ard,0x0010A0C0,xa_ex_0040.mdls,Donald
Neverland,Pirate Ship,pp09.ard,0x0010A100,xa_ex_0050.mdls,Goofy
Neverland,Pirate Ship,pp09.ard,0x0010A140,xa_ex_2390.mdls,Heartless Rare Truffles
Neverland,Pirate Ship,pp09.ard,0x0010A180,xa_pp_0000.mdls,Peter Pan
Neverland,Pirate Ship,pp09.ard,0x0010A580,xa_ex_2480.mdls,Heartless Jet Balloon
Neverland,Pirate Ship,pp09.ard,0x0010A5C0,xa_ex_2490.mdls,Heartless Missile Diver
Neverland,Pirate Ship,pp09.ard,0x0010A600,xa_ex_2100.mdls,Heartless Pirate
Neverland,Pirate Ship,pp09.ard,0x0010A640,xa_ex_2210.mdls,Heartless Air Pirate
Neverland,Pirate Ship,pp09.ard,0x0010A680,xa_ex_2270.mdls,Heartless Battleship
Neverland,Pirate Ship,pp09.ard,0x0010A6C0,xa_ex_1011.mdls,Riku (Wooden Sword)
Neverland,Pirate Ship,pp09.ard,0x0010A720,xa_ex_7010.mdls,Sora (High-Poly)
Neverland,Pirate Ship,pp09.ard,0x0010A760,xa_ex_7140.mdls,Kairi (High-Poly)
Neverland,Pirate Ship,pp09.ard,0x0010A7A0,xa_ex_7190.mdls,Riku (Wooden Sword) (High-Poly)
Neverland,Pirate Ship,pp09.ard,0x0010A7E0,xa_pp_1020.mdls,Smee
Neverland,Pirate Ship,pp09.ard,0x0010A820,xa_pp_3001.mdls,Captain Hook
Neverland,Pirate Ship,pp09.ard,0x0010A860,xa_pp_3020.mdls,Shadow Sora
Neverland,Pirate Ship,pp09.ard,0x0010A8A0,xa_pp_7010.mdls,Captain Hook (High-Poly)
Neverland,Pirate Ship,pp09.ard,0x0010A8E0,xa_ex_4050.mdls,Tinkerbell
Neverland,Pirate Ship,pp09.ard,0x0010A920,xa_pp_1040.mdls,Crocodile
Neverland,Pirate Ship,pp09.ard,0x0010A960,xa_pp_3000.mdls,Captain Hook
Neverland,Pirate Ship,pp09.ard,0x0010A9A0,xa_pp_7000.mdls,Peter Pan (High-Poly)
Neverland,Pirate Ship,pp09.ard,0x0010A9E0,xa_ex_2280.mdls,Heartless Darkball
Neverland,Pirate Ship,pp09.ard,0x0010AA20,xa_ex_0048.mdls,Donald
Neverland,Pirate Ship,pp09.ard,0x0010AA60,xa_ex_0058.mdls,Goofy
Neverland,Pirate Ship,pp09.ard,0x0010AAA0,xa_pp_0008.mdls,Peter Pan
Neverland,Clock Tower,pp10.ard,0x00071100,xa_ex_0010.mdls,Sora
Neverland,Clock Tower,pp10.ard,0x00071140,xa_ex_0040.mdls,Donald
Neverland,Clock Tower,pp10.ard,0x00071180,xa_ex_0050.mdls,Goofy
Neverland,Clock Tower,pp10.ard,0x000711C0,xa_ex_2230.mdls,Heartless Search Ghost
Neverland,Clock Tower,pp10.ard,0x00071200,xa_pp_0000.mdls,Peter Pan
Neverland,Clock Tower,pp10.ard,0x00071480,xa_ex_2280.mdls,Heartless Darkball
Neverland,Clock Tower,pp10.ard,0x000714C0,xa_ex_0048.mdls,Donald
Neverland,Clock Tower,pp10.ard,0x00071500,xa_ex_0058.mdls,Goofy
Neverland,Clock Tower,pp10.ard,0x00071540,xa_ex_4050.mdls,Tinkerbell
Neverland,Clock Tower,pp10.ard,0x00071580,xa_ex_7010.mdls,Sora (High-Poly)
Neverland,Clock Tower,pp10.ard,0x000715C0,xa_pp_0008.mdls,Peter Pan
Neverland,Clock Tower,pp10.ard,0x00071600,xa_pp_1010.mdls,Wendy
Neverland,Clock Tower,pp10.ard,0x00071640,xa_pp_7008.mdls,Peter Pan (High-Poly)
Neverland,Clock Tower,pp10.ard,0x00071680,xa_pp_3010.mdls,Phantom
Neverland,Clock Tower,pp10.ard,0x00071700,xa_ex_2320.mdls,Heartless Wyvern
Neverland,Clock Tower,pp10.ard,0x00071740,xa_ex_2210.mdls,Heartless Air Pirate
Neverland,Clock Tower,pp10.ard,0x00071780,xa_ex_2270.mdls,Heartless Battleship
Neverland,Ship: Cabin,pp11.ard,0x000C2F00,xa_ex_0010.mdls,Sora
Neverland,Ship: Cabin,pp11.ard,0x000C2F40,xa_ex_0040.mdls,Donald
Neverland,Ship: Cabin,pp11.ard,0x000C2F80,xa_ex_0050.mdls,Goofy
Neverland,Ship: Cabin,pp11.ard,0x000C2FC0,xa_pp_0000.mdls,Peter Pan
Neverland,Ship: Cabin,pp11.ard,0x000C3300,xa_ex_4050.mdls,Tinkerbell
Neverland,Ship: Cabin,pp11.ard,0x000C3360,xa_pp_1010.mdls,Wendy
Neverland,Ship: Cabin,pp12.ard,0x00081480,xa_ex_0010.mdls,Sora
Neverland,Ship: Cabin,pp12.ard,0x000814C0,xa_ex_0040.mdls,Donald
Neverland,Ship: Cabin,pp12.ard,0x00081500,xa_ex_0050.mdls,Goofy
Neverland,Ship: Cabin,pp12.ard,0x00081540,xa_pp_0000.mdls,Peter Pan
Hollow Bastion,Rising Falls,pc01.ard,0x000D1E00,xa_ex_0010.mdls,Sora
Hollow Bastion,Rising Falls,pc01.ard,0x000D1E40,xa_ex_0040.mdls,Donald
Hollow Bastion,Rising Falls,pc01.ard,0x000D1E80,xa_ex_0050.mdls,Goofy
Hollow Bastion,Rising Falls,pc01.ard,0x000D1EC0,xa_pc_0000.mdls,The Beast
Hollow Bastion,Rising Falls,pc01.ard,0x000D22C0,xa_ex_1568.mdls,Riku (Soul Eater)
Hollow Bastion,Rising Falls,pc01.ard,0x000D2300,xa_pc_0008.mdls,The Beast
Hollow Bastion,Rising Falls,pc01.ard,0x000D2340,xa_ex_2020.mdls,Heartless Shadow
Hollow Bastion,Rising Falls,pc01.ard,0x000D2380,xa_pc_0007.mdls,The Beast
Hollow Bastion,Rising Falls,pc01.ard,0x000D23C0,xa_ex_1011.mdls,Riku (Wooden Sword)
Hollow Bastion,Rising Falls,pc01.ard,0x000D2400,xa_ex_1091.mdls,Maleficent
Hollow Bastion,Rising Falls,pc01.ard,0x000D2440,xa_ex_7190.mdls,Riku (Wooden Sword) (High-Poly)
Hollow Bastion,Castle Gates,pc02.ard,0x000A7200,xa_ex_0010.mdls,Sora
Hollow Bastion,Castle Gates,pc02.ard,0x000A7240,xa_ex_0040.mdls,Donald
Hollow Bastion,Castle Gates,pc02.ard,0x000A7280,xa_ex_0050.mdls,Goofy
Hollow Bastion,Castle Gates,pc02.ard,0x000A72C0,xa_pc_0000.mdls,The Beast
Hollow Bastion,Castle Gates,pc02.ard,0x000A76C0,xa_ex_2020.mdls,Heartless Shadow
Hollow Bastion,Castle Gates,pc02.ard,0x000A7700,xa_ex_2280.mdls,Heartless Darkball
Hollow Bastion,Castle Gates,pc02.ard,0x000A7740,xa_ex_2320.mdls,Heartless Wyvern
Hollow Bastion,Castle Gates,pc02.ard,0x000A7780,xa_ex_2340.mdls,Heartless Defender
Hollow Bastion,Castle Gates,pc02.ard,0x000A77C0,xa_ex_2050.mdls,Heartless Large Body
Hollow Bastion,Castle Gates,pc02.ard,0x000A7800,xa_ex_2110.mdls,Heartless Red Nocturne
Hollow Bastion,Castle Gates,pc02.ard,0x000A7840,xa_ex_2150.mdls,Heartless Wizard
Hollow Bastion,Castle Gates,pc02.ard,0x000A7880,xa_ex_2160.mdls,Heartless Air Soldier
Hollow Bastion,Great Crest,pc03.ard,0x000AF980,xa_ex_0010.mdls,Sora
Hollow Bastion,Great Crest,pc03.ard,0x000AF9C0,xa_ex_0040.mdls,Donald
Hollow Bastion,Great Crest,pc03.ard,0x000AFA00,xa_ex_0050.mdls,Goofy
Hollow Bastion,Great Crest,pc03.ard,0x000AFA40,xa_pc_0000.mdls,The Beast
Hollow Bastion,Great Crest,pc03.ard,0x000AFF00,xa_ex_2020.mdls,Heartless Shadow
Hollow Bastion,Great Crest,pc03.ard,0x000AFF40,xa_ex_2150.mdls,Heartless Wizard
Hollow Bastion,Great Crest,pc03.ard,0x000AFF80,xa_ex_2340.mdls,Heartless Defender
Hollow Bastion,Great Crest,pc03.ard,0x000AFFC0,xa_ex_2130.mdls,Heartless Yellow Opera
Hollow Bastion,Great Crest,pc03.ard,0x000B0000,xa_ex_2160.mdls,Heartless Air Soldier
Hollow Bastion,High Tower,pc04.ard,0x00155180,xa_ex_0010.mdls,Sora
Hollow Bastion,High Tower,pc04.ard,0x001551C0,xa_ex_0040.mdls,Donald
Hollow Bastion,High Tower,pc04.ard,0x00155200,xa_ex_0050.mdls,Goofy
Hollow Bastion,High Tower,pc04.ard,0x00155240,xa_pc_0000.mdls,The Beast
Hollow Bastion,High Tower,pc04.ard,0x001555C0,xa_ex_2020.mdls,Heartless Shadow
Hollow Bastion,High Tower,pc04.ard,0x00155620,xa_ex_2150.mdls,Heartless Wizard
Hollow Bastion,High Tower,pc04.ard,0x00155660,xa_ex_2280.mdls,Heartless Darkball
Hollow Bastion,High Tower,pc04.ard,0x001556A0,xa_ex_2320.mdls,Heartless Wyvern
Hollow Bastion,High Tower,pc04.ard,0x001556E0,xa_ex_2340.mdls,Heartless Defender
Hollow Bastion,High Tower,pc04.ard,0x00155720,xa_ex_2010.mdls,Heartless Soldier
Hollow Bastion,High Tower,pc04.ard,0x00155760,xa_ex_2140.mdls,Heartless Green Requiem
Hollow Bastion,High Tower,pc04.ard,0x001557A0,xa_ex_2160.mdls,Heartless Air Soldier
Hollow Bastion,Entrance Hall,pc05.ard,0x00139E00,xa_ex_0010.mdls,Sora
Hollow Bastion,Entrance Hall,pc05.ard,0x00139E40,xa_ex_0040.mdls,Donald
Hollow Bastion,Entrance Hall,pc05.ard,0x00139E80,xa_ex_0050.mdls,Goofy
Hollow Bastion,Entrance Hall,pc05.ard,0x00139EC0,xa_pc_0000.mdls,The Beast
Hollow Bastion,Entrance Hall,pc05.ard,0x0013A4C0,xa_ex_1011.mdls,Riku (Wooden Sword)
Hollow Bastion,Entrance Hall,pc05.ard,0x0013A500,xa_ex_1168.mdls,Dark Riku
Hollow Bastion,Entrance Hall,pc05.ard,0x0013A540,xa_ex_2020.mdls,Heartless Shadow
Hollow Bastion,Entrance Hall,pc05.ard,0x0013A580,xa_ex_7015.mdls,Sora (High-Poly)
Hollow Bastion,Entrance Hall,pc05.ard,0x0013A5C0,xa_ex_7190.mdls,Riku (Wooden Sword) (High-Poly)
Hollow Bastion,Entrance Hall,pc05.ard,0x0013A600,xa_ex_7215.mdls,Ansem (Riku) (High-Poly)
Hollow Bastion,Entrance Hall,pc05.ard,0x0013A640,xa_pc_0006.mdls,The Beast
Hollow Bastion,Entrance Hall,pc05.ard,0x0013A680,xa_pc_1008.mdls,Belle
Hollow Bastion,Entrance Hall,pc05.ard,0x0013A6C0,xa_ex_1160.mdls,Dark Riku
Hollow Bastion,Entrance Hall,pc05.ard,0x0013A700,xa_ex_2150.mdls,Heartless Wizard
Hollow Bastion,Entrance Hall,pc05.ard,0x0013A740,xa_ex_2280.mdls,Heartless Darkball
Hollow Bastion,Entrance Hall,pc05.ard,0x0013A780,xa_ex_2340.mdls,Heartless Defender
Hollow Bastion,Entrance Hall,pc05.ard,0x0013A7C0,xa_ex_2430.mdls,Heartless Stealth Sneak
Hollow Bastion,Entrance Hall,pc05.ard,0x0013A800,xa_ex_0012.mdls,Sora
Hollow Bastion,Entrance Hall,pc05.ard,0x0013A840,xa_ex_0048.mdls,Donald
Hollow Bastion,Entrance Hall,pc05.ard,0x0013A880,xa_ex_0058.mdls,Goofy
Hollow Bastion,Entrance Hall,pc05.ard,0x0013A8C0,xa_ex_1020.mdls,Kairi
Hollow Bastion,Entrance Hall,pc05.ard,0x0013A900,xa_ex_7010.mdls,Sora (High-Poly)
Hollow Bastion,Entrance Hall,pc05.ard,0x0013A940,xa_ex_7147.mdls,Kairi (High-Poly)
Hollow Bastion,Entrance Hall,pc05.ard,0x0013A980,xa_pc_0005.mdls,The Beast
Hollow Bastion,Entrance Hall,pc05.ard,0x0013A9E0,xa_ex_2050.mdls,Heartless Large Body
Hollow Bastion,Entrance Hall,pc05.ard,0x0013AA20,xa_ex_2120.mdls,Heartless Blue Rhapsody
Hollow Bastion,Entrance Hall,pc05.ard,0x0013AA60,xa_ex_2320.mdls,Heartless Wyvern
Hollow Bastion,Entrance Hall,pc05.ard,0x0013AAA0,xa_ex_2160.mdls,Heartless Air Soldier
Hollow Bastion,Library,pc06.ard,0x002A8000,xa_ex_0010.mdls,Sora
Hollow Bastion,Library,pc06.ard,0x002A8040,xa_ex_0040.mdls,Donald
Hollow Bastion,Library,pc06.ard,0x002A8080,xa_ex_0050.mdls,Goofy
Hollow Bastion,Library,pc06.ard,0x002A80C0,xa_pc_0000.mdls,The Beast
Hollow Bastion,Library,pc06.ard,0x002A8B80,xa_ex_1610.mdls,Kairi (Kid)
Hollow Bastion,Library,pc06.ard,0x002A8BC0,xa_ex_1620.mdls,Kairi’s Grandma
Hollow Bastion,Library,pc06.ard,0x002A8C00,xa_ex_7010.mdls,Sora (High-Poly)
Hollow Bastion,Library,pc06.ard,0x002A8C40,xa_ex_2020.mdls,Heartless Shadow
Hollow Bastion,Library,pc06.ard,0x002A8C80,xa_ex_1038.mdls,Leon
Hollow Bastion,Library,pc06.ard,0x002A8CC0,xa_ex_1048.mdls,Yuffie
Hollow Bastion,Library,pc06.ard,0x002A8D00,xa_ex_1148.mdls,Aerith
Hollow Bastion,Library,pc06.ard,0x002A8D40,xa_ex_1151.mdls,Cloud
Hollow Bastion,Library,pc06.ard,0x002A8D80,xa_ex_1540.mdls,Cid
Hollow Bastion,Library,pc06.ard,0x002A8DC0,xa_ex_0048.mdls,Donald
Hollow Bastion,Library,pc06.ard,0x002A8E00,xa_ex_0058.mdls,Goofy
Hollow Bastion,Library,pc06.ard,0x002A8E40,xa_pc_0007.mdls,The Beast
Hollow Bastion,Library,pc06.ard,0x002A8E80,xa_pc_1008.mdls,Belle
Hollow Bastion,Lift Stop,pc07.ard,0x0009A800,xa_ex_0010.mdls,Sora
Hollow Bastion,Lift Stop,pc07.ard,0x0009A840,xa_ex_0040.mdls,Donald
Hollow Bastion,Lift Stop,pc07.ard,0x0009A880,xa_ex_0050.mdls,Goofy
Hollow Bastion,Lift Stop,pc07.ard,0x0009A8C0,xa_pc_0000.mdls,The Beast
Hollow Bastion,Lift Stop,pc07.ard,0x0009ADC0,xa_ex_2010.mdls,Heartless Soldier
Hollow Bastion,Lift Stop,pc07.ard,0x0009AE00,xa_ex_2110.mdls,Heartless Red Nocturne
Hollow Bastion,Lift Stop,pc07.ard,0x0009AE40,xa_ex_2140.mdls,Heartless Green Requiem
Hollow Bastion,Lift Stop,pc07.ard,0x0009AE80,xa_ex_2160.mdls,Heartless Air Soldier
Hollow Bastion,Lift Stop,pc07.ard,0x0009AEC0,xa_ex_2340.mdls,Heartless Defender
Hollow Bastion,Lift Stop,pc07.ard,0x0009AF00,xa_ex_2020.mdls,Heartless Shadow
Hollow Bastion,Lift Stop,pc07.ard,0x0009AF60,xa_ex_2150.mdls,Heartless Wizard
Hollow Bastion,Lift Stop,pc07.ard,0x0009AFA0,xa_ex_2280.mdls,Heartless Darkball
Hollow Bastion,Base Level,pc08.ard,0x000CE380,xa_ex_0010.mdls,Sora
Hollow Bastion,Base Level,pc08.ard,0x000CE3C0,xa_ex_0040.mdls,Donald
Hollow Bastion,Base Level,pc08.ard,0x000CE400,xa_ex_0050.mdls,Goofy
Hollow Bastion,Base Level,pc08.ard,0x000CE440,xa_pc_0000.mdls,The Beast
Hollow Bastion,Base Level,pc08.ard,0x000CE880,xa_ex_2150.mdls,Heartless Wizard
Hollow Bastion,Base Level,pc08.ard,0x000CE8C0,xa_ex_2320.mdls,Heartless Wyvern
Hollow Bastion,Base Level,pc08.ard,0x000CE900,xa_ex_2340.mdls,Heartless Defender
Hollow Bastion,Base Level,pc08.ard,0x000CE940,xa_ex_2050.mdls,Heartless Large Body
Hollow Bastion,Base Level,pc08.ard,0x000CE980,xa_ex_2280.mdls,Heartless Darkball
Hollow Bastion,Base Level,pc08.ard,0x000CE9C0,xa_ex_2020.mdls,Heartless Shadow
Hollow Bastion,Waterway,pc09.ard,0x001FFB80,xa_ex_0010.mdls,Sora
Hollow Bastion,Waterway,pc09.ard,0x001FFBC0,xa_ex_0040.mdls,Donald
Hollow Bastion,Waterway,pc09.ard,0x001FFC00,xa_ex_0050.mdls,Goofy
Hollow Bastion,Waterway,pc09.ard,0x001FFC40,xa_pc_0000.mdls,The Beast
Hollow Bastion,Waterway,pc09.ard,0x002001C0,xa_ex_2020.mdls,Heartless Shadow
Hollow Bastion,Waterway,pc10.ard,0x00200380,xa_ex_0010.mdls,Sora
Hollow Bastion,Waterway,pc10.ard,0x002003C0,xa_ex_0040.mdls,Donald
Hollow Bastion,Waterway,pc10.ard,0x00200400,xa_ex_0050.mdls,Goofy
Hollow Bastion,Waterway,pc10.ard,0x00200440,xa_pc_0000.mdls,The Beast
Hollow Bastion,Waterway,pc10.ard,0x002009C0,xa_ex_2340.mdls,Heartless Defender
Hollow Bastion,Waterway,pc10.ard,0x00200A00,xa_ex_2020.mdls,Heartless Shadow
Hollow Bastion,Waterway,pc10.ard,0x00200A60,xa_ex_2150.mdls,Heartless Wizard
Hollow Bastion,Waterway,pc10.ard,0x00200AA0,xa_ex_2320.mdls,Heartless Wyvern
Hollow Bastion,Waterway,pc10.ard,0x00200AE0,xa_ex_2050.mdls,Heartless Large Body
Hollow Bastion,Waterway,pc10.ard,0x00200B20,xa_ex_2130.mdls,Heartless Yellow Opera
Hollow Bastion,Waterway,pc10.ard,0x00200B60,xa_ex_2160.mdls,Heartless Air Soldier
Hollow Bastion,Dungeon,pc11.ard,0x00075D00,xa_ex_0010.mdls,Sora
Hollow Bastion,Dungeon,pc11.ard,0x00075D40,xa_ex_0040.mdls,Donald
Hollow Bastion,Dungeon,pc11.ard,0x00075D80,xa_ex_0050.mdls,Goofy
Hollow Bastion,Dungeon,pc11.ard,0x00075DC0,xa_pc_0000.mdls,The Beast
Hollow Bastion,Dungeon,pc11.ard,0x00075F40,xa_ex_2020.mdls,Heartless Shadow
Hollow Bastion,Dungeon,pc11.ard,0x00075F80,xa_ex_2280.mdls,Heartless Darkball
Hollow Bastion,Dungeon,pc11.ard,0x00075FE0,xa_ex_2380.mdls,Heartless Black Fungi
Hollow Bastion,Dungeon,pc11.ard,0x00076020,xa_ex_2340.mdls,Heartless Defender
Hollow Bastion,Dungeon,pc11.ard,0x00076060,xa_ex_2110.mdls,Heartless Red Nocturne
Hollow Bastion,Dungeon,pc11.ard,0x000760A0,xa_ex_2120.mdls,Heartless Blue Rhapsody
Hollow Bastion,Dungeon,pc11.ard,0x000760E0,xa_ex_2130.mdls,Heartless Yellow Opera
Hollow Bastion,Dungeon,pc11.ard,0x00076120,xa_ex_2140.mdls,Heartless Green Requiem
Hollow Bastion,Dungeon,pc11.ard,0x00076160,xa_ex_2150.mdls,Heartless Wizard
Hollow Bastion,Castle Chapel,pc12.ard,0x0004C000,xa_ex_0010.mdls,Sora
Hollow Bastion,Castle Chapel,pc12.ard,0x0004C040,xa_ex_0040.mdls,Donald
Hollow Bastion,Castle Chapel,pc12.ard,0x0004C080,xa_ex_0050.mdls,Goofy
Hollow Bastion,Castle Chapel,pc12.ard,0x0004C0C0,xa_pc_0000.mdls,The Beast
Hollow Bastion,Castle Chapel,pc12.ard,0x0004C200,xa_ex_2340.mdls,Heartless Defender
Hollow Bastion,Castle Chapel,pc12.ard,0x0004C240,xa_ex_2280.mdls,Heartless Darkball
Hollow Bastion,Castle Chapel,pc12.ard,0x0004C280,xa_ex_1011.mdls,Riku (Wooden Sword)
Hollow Bastion,Castle Chapel,pc12.ard,0x0004C2C0,xa_ex_1091.mdls,Maleficent
Hollow Bastion,Castle Chapel,pc12.ard,0x0004C300,xa_ex_1640.mdls,Ansem (Brown Coat)
Hollow Bastion,Castle Chapel,pc12.ard,0x0004C340,xa_ex_7170.mdls,Maleficent (High-Poly)
Hollow Bastion,Castle Chapel,pc12.ard,0x0004C380,xa_ex_7190.mdls,Riku (Wooden Sword) (High-Poly)
Hollow Bastion,Castle Chapel,pc12.ard,0x0004C3C0,xa_ex_1090.mdls,Maleficent
Hollow Bastion,Castle Chapel,pc12.ard,0x0004C400,xa_ex_2020.mdls,Heartless Shadow
Hollow Bastion,Castle Chapel,pc12.ard,0x0004C440,xa_al_1008.mdls,Jasmine
Hollow Bastion,Castle Chapel,pc12.ard,0x0004C480,xa_ex_0048.mdls,Donald
Hollow Bastion,Castle Chapel,pc12.ard,0x0004C4C0,xa_ex_0058.mdls,Goofy
Hollow Bastion,Castle Chapel,pc12.ard,0x0004C500,xa_pc_1018.mdls,Aurora
Hollow Bastion,Castle Chapel,pc12.ard,0x0004C540,xa_pc_1028.mdls,Alice
Hollow Bastion,Castle Chapel,pc12.ard,0x0004C580,xa_pc_1038.mdls,Cinderella
Hollow Bastion,Castle Chapel,pc12.ard,0x0004C5C0,xa_pc_1048.mdls,Snow White
Hollow Bastion,Castle Chapel,pc13.ard,0x00028800,xa_ex_0010.mdls,Sora
Hollow Bastion,Castle Chapel,pc13.ard,0x00028840,xa_ex_0040.mdls,Donald
Hollow Bastion,Castle Chapel,pc13.ard,0x00028880,xa_ex_0050.mdls,Goofy
Hollow Bastion,Castle Chapel,pc13.ard,0x000288C0,xa_pc_0000.mdls,The Beast
Hollow Bastion,Castle Chapel,pc13.ard,0x00028940,xa_pc_3000.mdls,Maleficent (Dragon)
Hollow Bastion,Castle Chapel,pc13.ard,0x000294C0,xa_ex_0048.mdls,Donald
Hollow Bastion,Castle Chapel,pc13.ard,0x00029500,xa_ex_0058.mdls,Goofy
Hollow Bastion,Castle Chapel,pc13.ard,0x00029540,xa_ex_7170.mdls,Maleficent (High-Poly)
Hollow Bastion,Castle Chapel,pc13.ard,0x00029580,xa_ex_7216.mdls,Ansem (Riku) (High-Poly)
Hollow Bastion,Castle Chapel,pc13.ard,0x000295C0,xa_pc_0007.mdls,The Beast
Hollow Bastion,Castle Chapel,pc13.ard,0x00029600,xa_ex_3010.mdls,Xemnas (Enigmatic Man)
Hollow Bastion,Castle Chapel,pc13.ard,0x00029640,xa_ex_2020.mdls,Heartless Shadow
Hollow Bastion,Castle Chapel,pc13.ard,0x00029680,xa_ex_3018.mdls,Xemnas (Enigmatic Man)
Hollow Bastion,Castle Chapel,pc13.ard,0x000296C0,xa_ex_7010.mdls,Sora (High-Poly)
Hollow Bastion,???,pc14.ard,0x00020800,xa_ex_0010.mdls,Sora
Hollow Bastion,???,pc14.ard,0x00020840,xa_ex_0040.mdls,Donald
Hollow Bastion,???,pc14.ard,0x00020880,xa_ex_0050.mdls,Goofy
Hollow Bastion,???,pc14.ard,0x000208C0,xa_pc_0000.mdls,The Beast
Hollow Bastion,???,pc14.ard,0x00020940,xa_ex_2020.mdls,Heartless Shadow
Hollow Bastion,Grand Hall,pc15.ard,0x00212380,xa_ex_0010.mdls,Sora
Hollow Bastion,Grand Hall,pc15.ard,0x002123C0,xa_ex_0040.mdls,Donald
Hollow Bastion,Grand Hall,pc15.ard,0x00212400,xa_ex_0050.mdls,Goofy
Hollow Bastion,Grand Hall,pc15.ard,0x00212440,xa_ex_2050.mdls,Heartless Large Body
Hollow Bastion,Grand Hall,pc15.ard,0x00212480,xa_ex_2150.mdls,Heartless Wizard
Hollow Bastion,Grand Hall,pc15.ard,0x002124C0,xa_ex_2340.mdls,Heartless Defender
Hollow Bastion,Grand Hall,pc15.ard,0x00212500,xa_ex_2430.mdls,Heartless Stealth Sneak
Hollow Bastion,Grand Hall,pc15.ard,0x00212540,xa_pc_0000.mdls,The Beast
Hollow Bastion,Grand Hall,pc15.ard,0x00212880,xa_ex_1020.mdls,Kairi
Hollow Bastion,Grand Hall,pc15.ard,0x002128C0,xa_ex_1091.mdls,Maleficent
Hollow Bastion,Grand Hall,pc15.ard,0x00212900,xa_ex_7178.mdls,Maleficent (High-Poly)
Hollow Bastion,Grand Hall,pc15.ard,0x00212940,xa_ex_7210.mdls,Ansem (Riku) (High-Poly)
Hollow Bastion,Grand Hall,pc15.ard,0x00212980,xa_ex_0048.mdls,Donald
Hollow Bastion,Grand Hall,pc15.ard,0x002129C0,xa_ex_0058.mdls,Goofy
Hollow Bastion,Grand Hall,pc15.ard,0x00212A00,xa_ex_1588.mdls,Ansem (Riku)
Hollow Bastion,Grand Hall,pc15.ard,0x00212A40,xa_ex_2020.mdls,Heartless Shadow
Hollow Bastion,Grand Hall,pc15.ard,0x00212A80,xa_ex_7016.mdls,Sora (High-Poly)
Hollow Bastion,Grand Hall,pc15.ard,0x00212AC0,xa_ex_7018.mdls,Sora (High-Poly)
Hollow Bastion,Grand Hall,pc15.ard,0x00212B00,xa_ex_7148.mdls,Kairi (High-Poly)
Hollow Bastion,Grand Hall,pc15.ard,0x00212B40,xa_ex_7190.mdls,Riku (Wooden Sword) (High-Poly)
Hollow Bastion,Grand Hall,pc15.ard,0x00212B80,xa_ex_7218.mdls,Ansem (Riku) (High-Poly)
Hollow Bastion,Grand Hall,pc15.ard,0x00212BC0,xa_ex_7228.mdls,Ansem (High-Poly)
Hollow Bastion,Grand Hall,pc15.ard,0x00212C00,xa_ex_7230.mdls,Donald (High-Poly)
Hollow Bastion,Grand Hall,pc15.ard,0x00212C40,xa_ex_1580.mdls,Ansem (Riku)
Hollow Bastion,Grand Hall,pc15.ard,0x00212C80,xa_ex_1038.mdls,Leon
Hollow Bastion,Grand Hall,pc15.ard,0x00212CC0,xa_ex_1048.mdls,Yuffie
Hollow Bastion,Grand Hall,pc15.ard,0x00212D00,xa_ex_1148.mdls,Aerith
Hollow Bastion,Grand Hall,pc15.ard,0x00212D40,xa_ex_2010.mdls,Heartless Soldier
Hollow Bastion,Grand Hall,pc15.ard,0x00212D80,xa_ex_2320.mdls,Heartless Wyvern
Hollow Bastion,Grand Hall,pc15.ard,0x00212DC0,xa_ex_2280.mdls,Heartless Darkball
Hollow Bastion,Grand Hall,pc15.ard,0x00212E00,xa_ex_7170.mdls,Maleficent (High-Poly)
Hollow Bastion,Dark Depths,pc16.ard,0x0002C680,xa_ex_0010.mdls,Sora
Hollow Bastion,Dark Depths,pc16.ard,0x0002C6C0,xa_ex_0040.mdls,Donald
Hollow Bastion,Dark Depths,pc16.ard,0x0002C700,xa_ex_0050.mdls,Goofy
Hollow Bastion,Dark Depths,pc16.ard,0x0002C740,xa_pc_0000.mdls,The Beast
Hollow Bastion,Dark Depths,pc16.ard,0x0002C800,xa_ex_2020.mdls,Heartless Shadow
Hollow Bastion,Dark Depths,pc16.ard,0x0002C840,xa_ex_0048.mdls,Donald
Hollow Bastion,Dark Depths,pc16.ard,0x0002C880,xa_ex_0058.mdls,Goofy
Hollow Bastion,Dark Depths,pc16.ard,0x0002C8C0,xa_ex_2310.mdls,Heartless Behemoth
Hollow Bastion,Villians Meeting,pc17.ard,0x00000180,xa_ex_0010.mdls,Sora
Hollow Bastion,Villians Meeting,pc17.ard,0x000001C0,xa_ex_0040.mdls,Donald
Hollow Bastion,Villians Meeting,pc17.ard,0x00000200,xa_ex_0050.mdls,Goofy
Hollow Bastion,Villians Meeting,pc17.ard,0x00000240,xa_pc_0000.mdls,The Beast
Hollow Bastion,Villians Meeting,pc17.ard,0x00000280,xa_al_3018.mdls,Jafar
Hollow Bastion,Villians Meeting,pc17.ard,0x000002C0,xa_ex_0048.mdls,Donald
Hollow Bastion,Villians Meeting,pc17.ard,0x00000300,xa_ex_0058.mdls,Goofy
Hollow Bastion,Villians Meeting,pc17.ard,0x00000340,xa_ex_1091.mdls,Maleficent
Hollow Bastion,Villians Meeting,pc17.ard,0x00000380,xa_ex_7170.mdls,Maleficent (High-Poly)
Hollow Bastion,Villians Meeting,pc17.ard,0x000003C0,xa_lm_1059.mdls,Ursula
Hollow Bastion,Villians Meeting,pc17.ard,0x00000400,xa_nm_3008.mdls,Oogie Boogie
Hollow Bastion,Villians Meeting,pc17.ard,0x00000440,xa_pc_1020.mdls,Alice
Hollow Bastion,Villians Meeting,pc17.ard,0x00000480,xa_pc_1040.mdls,Snow White
Hollow Bastion,Villians Meeting,pc17.ard,0x000004C0,xa_ex_2020.mdls,Heartless Shadow
Hollow Bastion,Villians Meeting,pc17.ard,0x00000500,xa_ex_1011.mdls,Riku (Wooden Sword)
Hollow Bastion,Villians Meeting,pc17.ard,0x00000540,xa_ex_1020.mdls,Kairi
Hollow Bastion,Villians Meeting,pc17.ard,0x00000580,xa_ex_7190.mdls,Riku (Wooden Sword) (High-Poly)
Hollow Bastion,Villians Meeting,pc17.ard,0x000005C0,xa_he_1011.mdls,Hades
Hollow Bastion,Villians Meeting,pc17.ard,0x00000600,xa_pp_7010.mdls,Captain Hook (High-Poly)
Hollow Bastion,Villians Meeting,pc17.ard,0x00000640,xa_pp_3001.mdls,Captain Hook
End of the World,Gate to the Dark,ew01.ard,0x000A8000,xa_ex_0010.mdls,Sora
End of the World,Gate to the Dark,ew01.ard,0x000A8040,xa_ex_0040.mdls,Donald
End of the World,Gate to the Dark,ew01.ard,0x000A8080,xa_ex_0050.mdls,Goofy
End of the World,Final Dimension,ew02.ard,0x0004F300,xa_ex_0010.mdls,Sora
End of the World,Final Dimension,ew02.ard,0x0004F340,xa_ex_0040.mdls,Donald
End of the World,Final Dimension,ew02.ard,0x0004F380,xa_ex_0050.mdls,Goofy
End of the World,Final Dimension,ew02.ard,0x0004F4C0,xa_ex_7230.mdls,Donald (High-Poly)
End of the World,Final Dimension?,ew03.ard,0x0004C080,xa_ex_0010.mdls,Sora
End of the World,Final Dimension?,ew03.ard,0x0004C0C0,xa_ex_0040.mdls,Donald
End of the World,Final Dimension?,ew03.ard,0x0004C100,xa_ex_0050.mdls,Goofy
End of the World,Final Dimension?,ew03.ard,0x0004C3C0,xa_ex_2290.mdls,Heartless Invisible
End of the World,Final Dimension?,ew03.ard,0x0004C400,xa_ex_2312.mdls,Heartless Behemoth (Different Color 2)
End of the World,Final Dimension?,ew04.ard,0x00040280,xa_ex_0010.mdls,Sora
End of the World,Final Dimension?,ew04.ard,0x000402C0,xa_ex_0040.mdls,Donald
End of the World,Final Dimension?,ew04.ard,0x00040300,xa_ex_0050.mdls,Goofy
End of the World,Final Dimension?,ew04.ard,0x000405C0,xa_ex_2280.mdls,Heartless Darkball
End of the World,Final Dimension?,ew04.ard,0x00040600,xa_ex_2290.mdls,Heartless Invisible
End of the World,Final Dimension?,ew05.ard,0x00040280,xa_ex_0010.mdls,Sora
End of the World,Final Dimension?,ew05.ard,0x000402C0,xa_ex_0040.mdls,Donald
End of the World,Final Dimension?,ew05.ard,0x00040300,xa_ex_0050.mdls,Goofy
End of the World,Final Dimension?,ew06.ard,0x0004C080,xa_ex_0010.mdls,Sora
End of the World,Final Dimension?,ew06.ard,0x0004C0C0,xa_ex_0040.mdls,Donald
End of the World,Final Dimension?,ew06.ard,0x0004C100,xa_ex_0050.mdls,Goofy
End of the World,Final Dimension?,ew06.ard,0x0004C3C0,xa_ex_2312.mdls,Heartless Behemoth (Different Color 2)
End of the World,Final Dimension?,ew07.ard,0x00040280,xa_ex_0010.mdls,Sora
End of the World,Final Dimension?,ew07.ard,0x000402C0,xa_ex_0040.mdls,Donald
End of the World,Final Dimension?,ew07.ard,0x00040300,xa_ex_0050.mdls,Goofy
End of the World,Final Dimension?,ew07.ard,0x000405C0,xa_ex_2330.mdls,Heartless Angel Star
End of the World,Final Dimension?,ew08.ard,0x00040280,xa_ex_0010.mdls,Sora
End of the World,Final Dimension?,ew08.ard,0x000402C0,xa_ex_0040.mdls,Donald
End of the World,Final Dimension?,ew08.ard,0x00040300,xa_ex_0050.mdls,Goofy
End of the World,Final Dimension?,ew09.ard,0x00040280,xa_ex_0010.mdls,Sora
End of the World,Final Dimension?,ew09.ard,0x000402C0,xa_ex_0040.mdls,Donald
End of the World,Final Dimension?,ew09.ard,0x00040300,xa_ex_0050.mdls,Goofy
End of the World,Final Dimension?,ew09.ard,0x000405C0,xa_ex_2290.mdls,Heartless Invisible
End of the World,Final Dimension?,ew09.ard,0x00040600,xa_ex_2330.mdls,Heartless Angel Star
End of the World,Final Dimension?,ew10.ard,0x00040280,xa_ex_0010.mdls,Sora
End of the World,Final Dimension?,ew10.ard,0x000402C0,xa_ex_0040.mdls,Donald
End of the World,Final Dimension?,ew10.ard,0x00040300,xa_ex_0050.mdls,Goofy
End of the World,Final Dimension?,ew10.ard,0x000405C0,xa_ex_2020.mdls,Heartless Shadow
End of the World,Final Dimension?,ew10.ard,0x00040600,xa_ex_2280.mdls,Heartless Darkball
End of the World,Final Dimension?,ew10.ard,0x00040640,xa_ex_2290.mdls,Heartless Invisible
End of the World,Final Dimension?,ew11.ard,0x00040280,xa_ex_0010.mdls,Sora
End of the World,Final Dimension?,ew11.ard,0x000402C0,xa_ex_0040.mdls,Donald
End of the World,Final Dimension?,ew11.ard,0x00040300,xa_ex_0050.mdls,Goofy
End of the World,Final Dimension?,ew12.ard,0x00040280,xa_ex_0010.mdls,Sora
End of the World,Final Dimension?,ew12.ard,0x000402C0,xa_ex_0040.mdls,Donald
End of the World,Final Dimension?,ew12.ard,0x00040300,xa_ex_0050.mdls,Goofy
End of the World,Final Dimension?,ew12.ard,0x000405C0,xa_ex_2280.mdls,Heartless Darkball
End of the World,Final Dimension?,ew12.ard,0x00040600,xa_ex_2290.mdls,Heartless Invisible
End of the World,Final Dimension?,ew12.ard,0x00040640,xa_ex_2330.mdls,Heartless Angel Star
End of the World,Final Dimension?,ew13.ard,0x00016A80,xa_ex_0010.mdls,Sora
End of the World,Final Dimension?,ew13.ard,0x00016AC0,xa_ex_0040.mdls,Donald
End of the World,Final Dimension?,ew13.ard,0x00016B00,xa_ex_0050.mdls,Goofy
End of the World,Final Dimension?,ew13.ard,0x00016CC0,xa_ex_2312.mdls,Heartless Behemoth (Different Color 2)
End of the World,Dark Sphere,ew14.ard,0x00000180,xa_ex_0010.mdls,Sora
End of the World,Dark Sphere,ew14.ard,0x000001C0,xa_ex_0040.mdls,Donald
End of the World,Dark Sphere,ew14.ard,0x00000200,xa_ex_0050.mdls,Goofy
End of the World,Giant Crevasse,ew15.ard,0x00047A00,xa_ex_0010.mdls,Sora
End of the World,Giant Crevasse,ew15.ard,0x00047A40,xa_ex_0040.mdls,Donald
End of the World,Giant Crevasse,ew15.ard,0x00047A80,xa_ex_0050.mdls,Goofy
End of the World,Giant Crevasse,ew15.ard,0x00047C40,xa_ex_2280.mdls,Heartless Darkball
End of the World,Giant Crevasse,ew15.ard,0x00047C80,xa_ex_2290.mdls,Heartless Invisible
End of the World,Giant Crevasse,ew15.ard,0x00047CC0,xa_ex_2330.mdls,Heartless Angel Star
End of the World,World Terminus,ew16.ard,0x00038400,xa_ex_0010.mdls,Sora
End of the World,World Terminus,ew16.ard,0x00038440,xa_ex_0040.mdls,Donald
End of the World,World Terminus,ew16.ard,0x00038480,xa_ex_0050.mdls,Goofy
End of the World,World Terminus: Traverse Town,ew17.ard,0x0011EE00,xa_ex_0010.mdls,Sora
End of the World,World Terminus: Traverse Town,ew17.ard,0x0011EE40,xa_ex_0040.mdls,Donald
End of the World,World Terminus: Traverse Town,ew17.ard,0x0011EE80,xa_ex_0050.mdls,Goofy
End of the World,World Terminus: Traverse Town,ew17.ard,0x0011F200,xa_ex_2010.mdls,Heartless Soldier
End of the World,World Terminus: Traverse Town,ew17.ard,0x0011F240,xa_ex_2050.mdls,Heartless Large Body
End of the World,World Terminus: Wonderland,ew18.ard,0x00047F00,xa_ex_0010.mdls,Sora
End of the World,World Terminus: Wonderland,ew18.ard,0x00047F40,xa_ex_0040.mdls,Donald
End of the World,World Terminus: Wonderland,ew18.ard,0x00047F80,xa_ex_0050.mdls,Goofy
End of the World,World Terminus: Wonderland,ew18.ard,0x00048040,xa_ex_2110.mdls,Heartless Red Nocturne
End of the World,World Terminus: Wonderland,ew18.ard,0x00048080,xa_ex_2120.mdls,Heartless Blue Rhapsody
End of the World,World Terminus: Wonderland,ew18.ard,0x000480C0,xa_ex_2130.mdls,Heartless Yellow Opera
End of the World,World Terminus: Wonderland,ew18.ard,0x00048100,xa_ex_2140.mdls,Heartless Green Requiem
End of the World,World Terminus: Wonderland,ew18.ard,0x00048140,xa_ex_2150.mdls,Heartless Wizard
End of the World,World Terminus: Olympus Coliseum,ew19.ard,0x000D9200,xa_ex_0010.mdls,Sora
End of the World,World Terminus: Olympus Coliseum,ew19.ard,0x000D9240,xa_ex_0040.mdls,Donald
End of the World,World Terminus: Olympus Coliseum,ew19.ard,0x000D9280,xa_ex_0050.mdls,Goofy
End of the World,World Terminus: Olympus Coliseum,ew19.ard,0x000D9480,xa_ex_2160.mdls,Heartless Air Soldier
End of the World,World Terminus: Olympus Coliseum,ew19.ard,0x000D94C0,xa_ex_2320.mdls,Heartless Wyvern
End of the World,World Terminus: Olympus Coliseum,ew19.ard,0x000D9500,xa_ex_2340.mdls,Heartless Defender
End of the World,World Terminus: Deep Jungle,ew20.ard,0x00046E80,xa_ex_0010.mdls,Sora
End of the World,World Terminus: Deep Jungle,ew20.ard,0x00046EC0,xa_ex_0040.mdls,Donald
End of the World,World Terminus: Deep Jungle,ew20.ard,0x00046F00,xa_ex_0050.mdls,Goofy
End of the World,World Terminus: Deep Jungle,ew20.ard,0x00047000,xa_ex_2030.mdls,Heartless Powerwild
End of the World,World Terminus: Deep Jungle,ew20.ard,0x00047040,xa_ex_2040.mdls,Heartless Bouncywild
End of the World,World Terminus: Agrabah,ew21.ard,0x00076800,xa_ex_0010.mdls,Sora
End of the World,World Terminus: Agrabah,ew21.ard,0x00076840,xa_ex_0040.mdls,Donald
End of the World,World Terminus: Agrabah,ew21.ard,0x00076880,xa_ex_0050.mdls,Goofy
End of the World,World Terminus: Agrabah,ew21.ard,0x00076A80,xa_ex_2060.mdls,Heartless Fat Bandit
End of the World,World Terminus: Agrabah,ew21.ard,0x00076AC0,xa_ex_2090.mdls,Heartless Bandit
End of the World,World Terminus: Atlantica,ew22.ard,0x00044100,xa_lm_0000.mdls,Sora (Atlantica)
End of the World,World Terminus: Atlantica,ew22.ard,0x00044140,xa_lm_0010.mdls,Donald (Atlantica)
End of the World,World Terminus: Atlantica,ew22.ard,0x00044180,xa_lm_0020.mdls,Goofy (Atlantica)
End of the World,World Terminus: Atlantica,ew22.ard,0x000442C0,xa_ex_2070.mdls,Heartless Sea Neon
End of the World,World Terminus: Atlantica,ew22.ard,0x00044300,xa_ex_2080.mdls,Heartless Sea Neon
End of the World,World Terminus: Atlantica,ew22.ard,0x00044340,xa_ex_2240.mdls,Heartless Aquatank
End of the World,World Terminus: Atlantica,ew22.ard,0x00044380,xa_ex_2250.mdls,Heartless Screwdiver
End of the World,World Terminus: Halloween Town,ew23.ard,0x00147900,xa_ex_2200.mdls,Heartless Wight Knight
End of the World,World Terminus: Halloween Town,ew23.ard,0x00147940,xa_nm_0000.mdls,Sora (Halloween Town)
End of the World,World Terminus: Halloween Town,ew23.ard,0x00147980,xa_nm_0010.mdls,Donald (Halloween Town)
End of the World,World Terminus: Halloween Town,ew23.ard,0x001479C0,xa_nm_0020.mdls,Goofy (Halloween Town)
End of the World,World Terminus: Halloween Town,ew23.ard,0x00147DC0,xa_ex_2220.mdls,Heartless Gargoyle
End of the World,World Terminus: Halloween Town,ew23.ard,0x00147E00,xa_ex_2201.mdls,Heartless Wight Knight (Halloween Town)
End of the World,World Terminus: Halloween Town,ew23.ard,0x00147E20,xa_ex_2221.mdls,Heartless Gargoyle (Halloween Town)
End of the World,World Terminus: Halloween Town,ew23.ard,0x00147E40,xa_ex_2231.mdls,Heartless Search Ghost (Halloween Town)
End of the World,World Terminus: Halloween Town,ew23.ard,0x00147E80,xa_ex_2230.mdls,Heartless Search Ghost
End of the World,World Terminus: Neverland,ew24.ard,0x00070600,xa_ex_0010.mdls,Sora
End of the World,World Terminus: Neverland,ew24.ard,0x00070640,xa_ex_0040.mdls,Donald
End of the World,World Terminus: Neverland,ew24.ard,0x00070680,xa_ex_0050.mdls,Goofy
End of the World,World Terminus: Neverland,ew24.ard,0x00070880,xa_ex_2100.mdls,Heartless Pirate
End of the World,World Terminus: Neverland,ew24.ard,0x000708C0,xa_ex_2183.mdls,Crate (Lighter) (Hidden Barrel Spider)
End of the World,World Terminus: Neverland,ew24.ard,0x00070900,xa_ex_2184.mdls,Heartless Barrel Spider (Ligther Brown)
End of the World,World Terminus: 100 Acre Wood?,ew25.ard,0x0002B480,xa_ex_0010.mdls,Sora
End of the World,World Terminus: 100 Acre Wood?,ew25.ard,0x0002B4C0,xa_ex_0040.mdls,Donald
End of the World,World Terminus: 100 Acre Wood?,ew25.ard,0x0002B500,xa_ex_0050.mdls,Goofy
End of the World,World Terminus: Hollow Bastion,ew26.ard,0x00034200,xa_ex_0010.mdls,Sora
End of the World,World Terminus: Hollow Bastion,ew26.ard,0x00034240,xa_ex_0040.mdls,Donald
End of the World,World Terminus: Hollow Bastion,ew26.ard,0x00034280,xa_ex_0050.mdls,Goofy
End of the World,World Terminus: Hollow Bastion,ew26.ard,0x000342C0,xa_ex_2290.mdls,Heartless Invisible
End of the World,Volcanic Crater,ew27.ard,0x00004D80,xa_ex_0010.mdls,Sora
End of the World,Volcanic Crater,ew27.ard,0x00004DC0,xa_ex_0040.mdls,Donald
End of the World,Volcanic Crater,ew27.ard,0x00004E00,xa_ex_0050.mdls,Goofy
End of the World,Volcanic Crater,ew27.ard,0x00004E40,xa_pc_3020.mdls,Chernabog
End of the World,Volcanic Crater,ew28.ard,0x00000700,xa_ex_0010.mdls,Sora
End of the World,Volcanic Crater,ew28.ard,0x00000740,xa_ex_0040.mdls,Donald
End of the World,Volcanic Crater,ew28.ard,0x00000780,xa_ex_0050.mdls,Goofy
End of the World,Linked Worlds,ew29.ard,0x00021F00,xa_ex_0010.mdls,Sora
End of the World,Linked Worlds,ew29.ard,0x00021F40,xa_ex_0040.mdls,Donald
End of the World,Linked Worlds,ew29.ard,0x00021F80,xa_ex_0050.mdls,Goofy
End of the World,Linked Worlds,ew29.ard,0x000221C0,xa_ex_2420.mdls,Heartless Neoshadow
End of the World,Linked Worlds,ew29.ard,0x00022200,xa_ex_2280.mdls,Heartless Darkball
End of the World,Linked Worlds,ew29.ard,0x00022240,xa_ex_2290.mdls,Heartless Invisible
End of the World,Linked Worlds,ew29.ard,0x00022280,xa_ex_2312.mdls,Heartless Behemoth (Different Color 2)
End of the World,Linked Worlds,ew29.ard,0x000222C0,xa_ex_2330.mdls,Heartless Angel Star
End of the World,Linked Worlds,ew29.ard,0x00022900,xa_ex_2380.mdls,Heartless Black Fungi
End of the World,Linked Worlds,ew29.ard,0x00022940,xa_ex_2350.mdls,Heartless White Mushroom (Halloween Town)
End of the World,Linked Worlds,ew29.ard,0x00022980,xa_ex_2390.mdls,Heartless Rare Truffles
End of the World,Final Rest,ew30.ard,0x00085E00,xa_ex_0010.mdls,Sora
End of the World,Final Rest,ew30.ard,0x00085E40,xa_ex_0040.mdls,Donald
End of the World,Final Rest,ew30.ard,0x00085E80,xa_ex_0050.mdls,Goofy
End of the World,???,ew31.ard,0x00294600,xa_ex_0010.mdls,Sora
End of the World,???,ew31.ard,0x00294640,xa_ex_0040.mdls,Donald
End of the World,???,ew31.ard,0x00294680,xa_ex_0050.mdls,Goofy
End of the World,???,ew31.ard,0x002946C0,xa_ex_1630.mdls,Ansem (w/Guardian)
End of the World,???,ew31.ard,0x00294980,xa_di_3000.mdls,Darkside
End of the World,???,ew31.ard,0x002949C0,xa_ex_2020.mdls,Heartless Shadow
End of the World,???,ew31.ard,0x00294C00,xa_ex_1588.mdls,Ansem (Riku)
End of the World,???,ew31.ard,0x00294C40,xa_ex_1638.mdls,Ansem (w/Guardian)
End of the World,???,ew31.ard,0x00294C80,xa_ex_7010.mdls,Sora (High-Poly)
End of the World,???,ew31.ard,0x00294CC0,xa_ex_7210.mdls,Ansem (Riku) (High-Poly)
End of the World,???,ew31.ard,0x00294D00,xa_ex_7228.mdls,Ansem (High-Poly)
End of the World,Homecoming,ew32.ard,0x00158580,xa_ex_0010.mdls,Sora
End of the World,Homecoming,ew32.ard,0x001585C0,xa_ex_0040.mdls,Donald
End of the World,Homecoming,ew32.ard,0x00158600,xa_ex_0050.mdls,Goofy
End of the World,Homecoming,ew32.ard,0x00158B80,xa_ex_1010.mdls,Riku (Wooden Sword)
End of the World,Homecoming,ew32.ard,0x00158BC0,xa_ex_1590.mdls,Sora (Kid)
End of the World,Homecoming,ew32.ard,0x00158C00,xa_ex_1600.mdls,Riku (Kid)
End of the World,Homecoming,ew32.ard,0x00158C40,xa_ex_7010.mdls,Sora (High-Poly)
End of the World,Homecoming,ew32.ard,0x00158C80,xa_ex_7140.mdls,Kairi (High-Poly)
End of the World,Homecoming,ew32.ard,0x00158CC0,xa_ex_7190.mdls,Riku (Wooden Sword) (High-Poly)
End of the World,???,ew33.ard,0x00097B00,xa_ex_0010.mdls,Sora
End of the World,???,ew33.ard,0x00097B40,xa_ex_0040.mdls,Donald
End of the World,???,ew33.ard,0x00097B80,xa_ex_0050.mdls,Goofy
End of the World,???,ew33.ard,0x00097D00,xa_di_3001.mdls,Darkside
End of the World,???,ew33.ard,0x00097D40,xa_ex_1050.mdls,Mickey
End of the World,???,ew33.ard,0x00097D80,xa_ex_7010.mdls,Sora (High-Poly)
End of the World,???,ew33.ard,0x00097DC0,xa_ex_7140.mdls,Kairi (High-Poly)
End of the World,???,ew33.ard,0x00097E00,xa_ex_7190.mdls,Riku (Wooden Sword) (High-Poly)
End of the World,???,ew33.ard,0x00097E40,xa_ex_7228.mdls,Ansem (High-Poly)
End of the World,???,ew33.ard,0x00097E80,xa_ex_7230.mdls,Donald (High-Poly)
End of the World,???,ew33.ard,0x00097EC0,xa_ex_7240.mdls,Goofy (High-Poly)
End of the World,???,ew33.ard,0x00097F00,xa_ex_1010.mdls,Riku (Wooden Sword)
End of the World,The Void,ew34.ard,0x0010D080,xa_ex_0010.mdls,Sora
End of the World,The Void,ew34.ard,0x0010D0C0,xa_ex_0040.mdls,Donald
End of the World,The Void,ew34.ard,0x0010D100,xa_ex_0050.mdls,Goofy
End of the World,The Void,ew34.ard,0x0010D200,xa_ew_2020.mdls,Part of Ansem Boss (Structure)
End of the World,The Void,ew34.ard,0x0010D240,xa_ew_2040.mdls,Part of Ansem Boss (Monster Face)
End of the World,The Void,ew34.ard,0x0010D280,xa_ew_3020.mdls,Ansem (Final Boss)
End of the World,The Void,ew34.ard,0x0010DF40,xa_ew_2050.mdls,Part of Ansem Boss (Structure)
End of the World,The Void,ew34.ard,0x0010DF80,xa_ew_2010.mdls,Bit Sniper
End of the World,The Void,ew34.ard,0x0010DFC0,xa_ew_2030.mdls,Part of Ansem Boss (Structure)
End of the World,The Void,ew34.ard,0x0010E000,xa_ex_0048.mdls,Donald
End of the World,The Void,ew34.ard,0x0010E040,xa_ex_0058.mdls,Goofy
End of the World,Crater,ew35.ard,0x00000180,xa_ex_0010.mdls,Sora
End of the World,Crater,ew35.ard,0x000001C0,xa_ex_0040.mdls,Donald
End of the World,Crater,ew35.ard,0x00000200,xa_ex_0050.mdls,Goofy
End of the World,???,ew36.ard,0x0006E280,xa_ex_0010.mdls,Sora
End of the World,???,ew36.ard,0x0006E2C0,xa_ex_0040.mdls,Donald
End of the World,???,ew36.ard,0x0006E300,xa_ex_0050.mdls,Goofy
End of the World,???,ew37.ard,0x00000180,xa_ex_0010.mdls,Sora
End of the World,???,ew37.ard,0x000001C0,xa_ex_0040.mdls,Donald
End of the World,???,ew37.ard,0x00000200,xa_ex_0050.mdls,Goofy
End of the World,???,ew37.ard,0x00000240,xa_ew_2060.mdls,End of World Piece? (unknown)
End of the World,???,ew37.ard,0x00000280,xa_ex_2022.mdls,Heartless Shadow (End of World?)
