World,Location,Action,Item,Number,File,Index,Offset
Traverse Town,Item Shop,Hit Fan,Postcard,1,remastered/tw10.ard/UK_tw10_ard2.evdl,1,D8CD
Traverse Town,Item Shop,Hit Fan,Postcard,1,remastered/tw10.ard/UK_tw10_ard2.evdl,2,D8D9
Traverse Town,Item Shop,Hit Fan,Postcard,1,remastered/tw10.ard/UK_tw10_ard19.evdl,1,1F49
Traverse Town,Item Shop,Hit Fan,Postcard,1,remastered/tw10.ard/UK_tw10_ard19.evdl,2,1F55
Traverse Town,Item Shop,Hit Fan,Postcard,1,remastered/tw10.ard/UK_tw10_ardc.evdl,1,B291
Traverse Town,Item Shop,Hit Fan,Postcard,1,remastered/tw10.ard/UK_tw10_ardc.evdl,2,B29D
Traverse Town,Item Shop,Hit Fan,Postcard,1,tw10.ard,1,5F815
Traverse Town,Item Shop,Hit Fan,Postcard,1,tw10.ard,2,5F821
Traverse Town,Item Shop,Hit Fan,Postcard,1,tw10.ard,3,6D951
Traverse Town,Item Shop,Hit Fan,Postcard,1,tw10.ard,4,6D95D
Traverse Town,Item Shop,Hit Fan,Postcard,1,tw10.ard,5,74F99
Traverse Town,Item Shop,Hit Fan,Postcard,1,tw10.ard,6,74FA5
Traverse Town,Item Workshop,Examine Poster,Postcard,1,remastered/tw12.ard/UK_tw12_ard0.evdl,1,C3FD
Traverse Town,Item Workshop,Examine Poster,Postcard,1,remastered/tw12.ard/UK_tw12_ard0.evdl,2,C409
Traverse Town,Item Workshop,Examine Poster,Postcard,1,remastered/tw12.ard/UK_tw12_ard19.evdl,1,2031
Traverse Town,Item Workshop,Examine Poster,Postcard,1,remastered/tw12.ard/UK_tw12_ard19.evdl,2,203D
Traverse Town,Item Workshop,Examine Poster,Postcard,1,remastered/tw12.ard/UK_tw12_ardc.evdl,1,B375
Traverse Town,Item Workshop,Examine Poster,Postcard,1,remastered/tw12.ard/UK_tw12_ardc.evdl,2,B381
Traverse Town,Item Workshop,Examine Poster,Postcard,1,tw12.ard,1,C9CC9
Traverse Town,Item Workshop,Examine Poster,Postcard,1,tw12.ard,2,C9CD5
Traverse Town,Item Workshop,Examine Poster,Postcard,1,tw12.ard,3,D8BB5
Traverse Town,Item Workshop,Examine Poster,Postcard,1,tw12.ard,4,D8BC1
Traverse Town,Item Workshop,Examine Poster,Postcard,1,tw12.ard,5,E0881
Traverse Town,Item Workshop,Examine Poster,Postcard,1,tw12.ard,6,E088D
Traverse Town,Gizmo Shop,Examine Clock,Postcard,1,remastered/tw18.ard/UK_tw18_ard0.evdl,1,C041
Traverse Town,Gizmo Shop,Examine Clock,Postcard,1,remastered/tw18.ard/UK_tw18_ard0.evdl,2,C04D
Traverse Town,Gizmo Shop,Examine Clock,Postcard,1,remastered/tw18.ard/UK_tw18_ard10.evdl,1,C07D
Traverse Town,Gizmo Shop,Examine Clock,Postcard,1,remastered/tw18.ard/UK_tw18_ard10.evdl,2,C089
Traverse Town,Gizmo Shop,Examine Clock,Postcard,1,remastered/tw18.ard/UK_tw18_ard19.evdl,1,2EC1
Traverse Town,Gizmo Shop,Examine Clock,Postcard,1,remastered/tw18.ard/UK_tw18_ard19.evdl,2,2ECD
Traverse Town,Gizmo Shop,Examine Clock,Postcard,1,remastered/tw18.ard/UK_tw18_ardc.evdl,1,C205
Traverse Town,Gizmo Shop,Examine Clock,Postcard,1,remastered/tw18.ard/UK_tw18_ardc.evdl,2,C211
Traverse Town,Gizmo Shop,Examine Clock,Postcard,1,remastered/tw18.ard/UK_tw18_ardd.evdl,1,C0AD
Traverse Town,Gizmo Shop,Examine Clock,Postcard,1,remastered/tw18.ard/UK_tw18_ardd.evdl,2,C0B9
Traverse Town,Gizmo Shop,Examine Clock,Postcard,1,remastered/tw18.ard/UK_tw18_arde.evdl,1,BFB9
Traverse Town,Gizmo Shop,Examine Clock,Postcard,1,remastered/tw18.ard/UK_tw18_arde.evdl,2,BFC5
Traverse Town,Gizmo Shop,Examine Clock,Postcard,2,remastered/tw18.ard/UK_tw18_ard0.evdl,1,C1D1
Traverse Town,Gizmo Shop,Examine Clock,Postcard,2,remastered/tw18.ard/UK_tw18_ard0.evdl,2,C1DD
Traverse Town,Gizmo Shop,Examine Clock,Postcard,2,remastered/tw18.ard/UK_tw18_ard10.evdl,1,C20D
Traverse Town,Gizmo Shop,Examine Clock,Postcard,2,remastered/tw18.ard/UK_tw18_ard10.evdl,2,C219
Traverse Town,Gizmo Shop,Examine Clock,Postcard,2,remastered/tw18.ard/UK_tw18_ard19.evdl,1,3051
Traverse Town,Gizmo Shop,Examine Clock,Postcard,2,remastered/tw18.ard/UK_tw18_ard19.evdl,2,305D
Traverse Town,Gizmo Shop,Examine Clock,Postcard,2,remastered/tw18.ard/UK_tw18_ardc.evdl,1,C395
Traverse Town,Gizmo Shop,Examine Clock,Postcard,2,remastered/tw18.ard/UK_tw18_ardc.evdl,2,C3A1
Traverse Town,Gizmo Shop,Examine Clock,Postcard,2,remastered/tw18.ard/UK_tw18_ardd.evdl,1,C23D
Traverse Town,Gizmo Shop,Examine Clock,Postcard,2,remastered/tw18.ard/UK_tw18_ardd.evdl,2,C249
Traverse Town,Gizmo Shop,Examine Clock,Postcard,2,remastered/tw18.ard/UK_tw18_arde.evdl,1,C149
Traverse Town,Gizmo Shop,Examine Clock,Postcard,2,remastered/tw18.ard/UK_tw18_arde.evdl,2,C155
Traverse Town,3rd District,Examine Balcony Corner,Postcard,1,tw25.ard,1,B7085
Traverse Town,3rd District,Examine Balcony Corner,Postcard,1,tw25.ard,2,B7091
Traverse Town,3rd District,Examine Balcony Corner,Postcard,1,tw25.ard,3,CA0E1
Traverse Town,3rd District,Examine Balcony Corner,Postcard,1,tw25.ard,4,CA0ED
Traverse Town,3rd District,Examine Balcony Corner,Postcard,1,tw25.ard,5,DB955
Traverse Town,3rd District,Examine Balcony Corner,Postcard,1,tw25.ard,6,DB961
Traverse Town,3rd District,Examine Balcony Corner,Postcard,1,tw25.ard,7,EDCC9
Traverse Town,3rd District,Examine Balcony Corner,Postcard,1,tw25.ard,8,EDCD5
Traverse Town,3rd District,Examine Balcony Corner,Postcard,1,tw25.ard,9,FEB41
Traverse Town,3rd District,Examine Balcony Corner,Postcard,1,tw25.ard,10,FEB4D
Traverse Town,3rd District,Examine Balcony Corner,Postcard,1,tw25.ard,11,10A495
Traverse Town,3rd District,Examine Balcony Corner,Postcard,1,tw25.ard,12,10A4A1
Traverse Town,3rd District,Examine Balcony Corner,Postcard,1,remastered/tw25.ard/UK_tw25_ard0.evdl,1,B1C5
Traverse Town,3rd District,Examine Balcony Corner,Postcard,1,remastered/tw25.ard/UK_tw25_ard0.evdl,2,B1D1
Traverse Town,3rd District,Examine Balcony Corner,Postcard,1,remastered/tw25.ard/UK_tw25_ard2.evdl,1,F7A1
Traverse Town,3rd District,Examine Balcony Corner,Postcard,1,remastered/tw25.ard/UK_tw25_ard2.evdl,2,F7AD
Traverse Town,3rd District,Examine Balcony Corner,Postcard,1,remastered/tw25.ard/UK_tw25_ard3.evdl,1,B315
Traverse Town,3rd District,Examine Balcony Corner,Postcard,1,remastered/tw25.ard/UK_tw25_ard3.evdl,2,B321
Traverse Town,3rd District,Examine Balcony Corner,Postcard,1,remastered/tw25.ard/UK_tw25_ard10.evdl,1,B201
Traverse Town,3rd District,Examine Balcony Corner,Postcard,1,remastered/tw25.ard/UK_tw25_ard10.evdl,2,B20D
Traverse Town,3rd District,Examine Balcony Corner,Postcard,1,remastered/tw25.ard/UK_tw25_ard19.evdl,1,2045
Traverse Town,3rd District,Examine Balcony Corner,Postcard,1,remastered/tw25.ard/UK_tw25_ard19.evdl,2,2051
Traverse Town,3rd District,Examine Balcony Corner,Postcard,1,remastered/tw25.ard/UK_tw25_ardc.evdl,1,B389
Traverse Town,3rd District,Examine Balcony Corner,Postcard,1,remastered/tw25.ard/UK_tw25_ardc.evdl,2,B395
Traverse Town,3rd District,Examine Balcony Corner,Postcard,1,remastered/tw03.ard/UK_tw03_ard0.evdl,1,C1D1
Traverse Town,3rd District,Examine Balcony Corner,Postcard,1,remastered/tw03.ard/UK_tw03_ard0.evdl,2,C1DD
Traverse Town,3rd District,Examine Balcony Corner,Postcard,1,remastered/tw03.ard/UK_tw03_ard2.evdl,1,13A76
Traverse Town,3rd District,Examine Balcony Corner,Postcard,1,remastered/tw03.ard/UK_tw03_ard2.evdl,2,13A82
Traverse Town,3rd District,Examine Balcony Corner,Postcard,1,remastered/tw03.ard/UK_tw03_ard4.evdl,1,10811
Traverse Town,3rd District,Examine Balcony Corner,Postcard,1,remastered/tw03.ard/UK_tw03_ard4.evdl,2,1081D
Traverse Town,3rd District,Examine Balcony Corner,Postcard,1,remastered/tw03.ard/UK_tw03_ard10.evdl,1,C20D
Traverse Town,3rd District,Examine Balcony Corner,Postcard,1,remastered/tw03.ard/UK_tw03_ard10.evdl,2,C219
Traverse Town,3rd District,Examine Balcony Corner,Postcard,1,remastered/tw03.ard/UK_tw03_ard19.evdl,1,3051
Traverse Town,3rd District,Examine Balcony Corner,Postcard,1,remastered/tw03.ard/UK_tw03_ard19.evdl,2,305D
Traverse Town,3rd District,Examine Balcony Corner,Postcard,1,remastered/tw03.ard/UK_tw03_ardc.evdl,1,C3A1
Traverse Town,3rd District,Examine Balcony Corner,Postcard,1,remastered/tw03.ard/UK_tw03_ardc.evdl,2,C3AD
Traverse Town,3rd District,Examine Balcony Corner,Postcard,1,remastered/tw03.ard/UK_tw03_ardd.evdl,1,C23D
Traverse Town,3rd District,Examine Balcony Corner,Postcard,1,remastered/tw03.ard/UK_tw03_ardd.evdl,2,C249
Traverse Town,3rd District,Examine Balcony Corner,Postcard,1,remastered/tw03.ard/UK_tw03_arde.evdl,1,C151
Traverse Town,3rd District,Examine Balcony Corner,Postcard,1,remastered/tw03.ard/UK_tw03_arde.evdl,2,C15D
Traverse Town,1st District,Examine Safe,Postcard,1,remastered/tw01.ard/UK_tw01_ard0.evdl,1,D985
Traverse Town,1st District,Examine Safe,Postcard,1,remastered/tw01.ard/UK_tw01_ard0.evdl,2,D991
Traverse Town,1st District,Examine Safe,Postcard,1,remastered/tw01.ard/UK_tw01_ard2.evdl,1,1195D
Traverse Town,1st District,Examine Safe,Postcard,1,remastered/tw01.ard/UK_tw01_ard2.evdl,2,11969
Traverse Town,1st District,Examine Safe,Postcard,1,remastered/tw01.ard/UK_tw01_ard3.evdl,1,E791
Traverse Town,1st District,Examine Safe,Postcard,1,remastered/tw01.ard/UK_tw01_ard3.evdl,2,E79D
Traverse Town,1st District,Examine Safe,Postcard,1,remastered/tw01.ard/UK_tw01_ard4.evdl,1,DCF9
Traverse Town,1st District,Examine Safe,Postcard,1,remastered/tw01.ard/UK_tw01_ard4.evdl,2,DD05
Traverse Town,1st District,Examine Safe,Postcard,1,remastered/tw01.ard/UK_tw01_ard5.evdl,1,10935
Traverse Town,1st District,Examine Safe,Postcard,1,remastered/tw01.ard/UK_tw01_ard5.evdl,2,10941
Traverse Town,1st District,Examine Safe,Postcard,1,remastered/tw01.ard/UK_tw01_ard19.evdl,1,2759
Traverse Town,1st District,Examine Safe,Postcard,1,remastered/tw01.ard/UK_tw01_ard19.evdl,2,2765
Traverse Town,1st District,Examine Safe,Postcard,1,remastered/tw01.ard/UK_tw01_ardc.evdl,1,BAB5
Traverse Town,1st District,Examine Safe,Postcard,1,remastered/tw01.ard/UK_tw01_ardc.evdl,2,BAC1
Traverse Town,1st District,Examine Safe,Postcard,1,remastered/tw01.ard/UK_tw01_ardd.evdl,1,B9AD
Traverse Town,1st District,Examine Safe,Postcard,1,remastered/tw01.ard/UK_tw01_ardd.evdl,2,B9B9
Traverse Town,1st District,Examine Safe,Postcard,1,remastered/tw01.ard/UK_tw01a.ev,1,D9B1
Traverse Town,1st District,Examine Safe,Postcard,1,remastered/tw01.ard/UK_tw01a.ev,2,D9BD
Traverse Town,1st District,Defeat Guard Armor,Fire,1,remastered/tw01.ard/UK_tw01_ard4.evdl,1,13376
Traverse Town,1st District,Defeat Guard Armor,Fire,1,remastered/tw01.ard/UK_tw01_ard4.evdl,2,13382
Traverse Town,1st District,Defeat Guard Armor,Blue Trinity,1,remastered/tw01.ard/UK_tw01_ard4.evdl,1,13506
Traverse Town,1st District,Defeat Guard Armor,Blue Trinity,1,remastered/tw01.ard/UK_tw01_ard4.evdl,2,13512
Deep Jungle,Camp,Rescue Gorillas,Protect-G,1,remastered/tz13.ard/UK_tz13_ard1.evdl,1,5071
Deep Jungle,Camp,Rescue Gorillas,Protect-G,1,remastered/tz13.ard/UK_tz13_ard1.evdl,2,507D
Deep Jungle,Camp,Rescue Gorillas,Protect-G,1,remastered/tz13.ard/UK_tz13_ard1.evdl,3,5089
Deep Jungle,Camp,Fire Experiment,Hi-Potion,1,remastered/tz13.ard/UK_tz13_ard1.evdl,1,6521
Deep Jungle,Camp,Fire Experiment,Hi-Potion,1,remastered/tz13.ard/UK_tz13_ard1.evdl,2,652D
Deep Jungle,Camp,Fire Experiment,Hi-Potion,1,remastered/tz13.ard/UK_tz13_ard1.evdl,3,6D4D
Deep Jungle,Camp,Fire Experiment,Hi-Potion,1,remastered/tz13.ard/UK_tz13_ard1.evdl,4,6D59
Deep Jungle,Camp,Fire Experiment,Hi-Potion,1,remastered/tz13.ard/UK_tz13_ard0.evdl,1,6059
Deep Jungle,Camp,Fire Experiment,Hi-Potion,1,remastered/tz13.ard/UK_tz13_ard0.evdl,2,6065
Deep Jungle,Camp,Fire Experiment,Hi-Potion,1,remastered/tz13.ard/UK_tz13_ard0.evdl,3,6885
Deep Jungle,Camp,Fire Experiment,Hi-Potion,1,remastered/tz13.ard/UK_tz13_ard0.evdl,4,6891
Deep Jungle,Camp,Fire Experiment,Hi-Potion,1,remastered/tz13.ard/UK_tz13_ard2.evdl,1,53FD
Deep Jungle,Camp,Fire Experiment,Hi-Potion,1,remastered/tz13.ard/UK_tz13_ard2.evdl,2,5409
Deep Jungle,Camp,Fire Experiment,Hi-Potion,1,remastered/tz13.ard/UK_tz13_ard2.evdl,3,5C29
Deep Jungle,Camp,Fire Experiment,Hi-Potion,1,remastered/tz13.ard/UK_tz13_ard2.evdl,4,5C35
Deep Jungle,Camp,Fire Experiment,Hi-Potion,1,remastered/tz13.ard/UK_tz13_ard11.evdl,1,4CD5
Deep Jungle,Camp,Fire Experiment,Hi-Potion,1,remastered/tz13.ard/UK_tz13_ard11.evdl,2,4CE1
Deep Jungle,Camp,Fire Experiment,Hi-Potion,1,remastered/tz13.ard/UK_tz13_ard11.evdl,3,5501
Deep Jungle,Camp,Fire Experiment,Hi-Potion,1,remastered/tz13.ard/UK_tz13_ard11.evdl,4,550D
Deep Jungle,Camp,Fire Experiment,Hi-Potion,1,remastered/tz13.ard/UK_tz13_ard13.evdl,1,4CD5
Deep Jungle,Camp,Fire Experiment,Hi-Potion,1,remastered/tz13.ard/UK_tz13_ard13.evdl,2,4CE1
Deep Jungle,Camp,Fire Experiment,Hi-Potion,1,remastered/tz13.ard/UK_tz13_ard13.evdl,3,5501
Deep Jungle,Camp,Fire Experiment,Hi-Potion,1,remastered/tz13.ard/UK_tz13_ard13.evdl,4,550D
Deep Jungle,Camp,Fire Experiment,Hi-Potion,1,remastered/tz13.ard/UK_tz13_ard19.evdl,1,2C91
Deep Jungle,Camp,Fire Experiment,Hi-Potion,1,remastered/tz13.ard/UK_tz13_ard19.evdl,2,2C9D
Deep Jungle,Camp,Fire Experiment,Hi-Potion,1,remastered/tz13.ard/UK_tz13_ard19.evdl,3,34BD
Deep Jungle,Camp,Fire Experiment,Hi-Potion,1,remastered/tz13.ard/UK_tz13_ard19.evdl,4,34C9
Deep Jungle,Camp,Fire Experiment,Hi-Potion,1,remastered/tz13.ard/UK_tz13_arde.evdl,1,4CD5
Deep Jungle,Camp,Fire Experiment,Hi-Potion,1,remastered/tz13.ard/UK_tz13_arde.evdl,2,4CE1
Deep Jungle,Camp,Fire Experiment,Hi-Potion,1,remastered/tz13.ard/UK_tz13_arde.evdl,3,5501
Deep Jungle,Camp,Fire Experiment,Hi-Potion,1,remastered/tz13.ard/UK_tz13_arde.evdl,4,550D
Deep Jungle,Camp,Fire Experiment,Hi-Potion,1,remastered/tz13.ard/UK_tz13_ardf.evdl,1,4D61
Deep Jungle,Camp,Fire Experiment,Hi-Potion,1,remastered/tz13.ard/UK_tz13_ardf.evdl,2,4D6D
Deep Jungle,Camp,Fire Experiment,Hi-Potion,1,remastered/tz13.ard/UK_tz13_ardf.evdl,3,558D
Deep Jungle,Camp,Fire Experiment,Hi-Potion,1,remastered/tz13.ard/UK_tz13_ardf.evdl,4,5599
Deep Jungle,Camp,Blizzard Experiment,Ether,1,remastered/tz13.ard/UK_tz13_ard0.evdl,1,7A2D
Deep Jungle,Camp,Blizzard Experiment,Ether,1,remastered/tz13.ard/UK_tz13_ard0.evdl,2,7A39
Deep Jungle,Camp,Replication Experiment,Ether,1,remastered/tz13.ard/UK_tz13_ard0.evdl,1,7B09
Deep Jungle,Camp,Replication Experiment,Ether,1,remastered/tz13.ard/UK_tz13_ard0.evdl,2,7B15
Deep Jungle,Camp,Blizzard Experiment,Ether,1,remastered/tz13.ard/UK_tz13_ard0.evdl,3,7D19
Deep Jungle,Camp,Blizzard Experiment,Ether,1,remastered/tz13.ard/UK_tz13_ard0.evdl,4,7D25
Deep Jungle,Camp,Blizzard Experiment,Ether,1,remastered/tz13.ard/UK_tz13_ard1.evdl,1,7EF5
Deep Jungle,Camp,Blizzard Experiment,Ether,1,remastered/tz13.ard/UK_tz13_ard1.evdl,2,7F01
Deep Jungle,Camp,Replication Experiment,Ether,1,remastered/tz13.ard/UK_tz13_ard1.evdl,1,81E1
Deep Jungle,Camp,Replication Experiment,Ether,1,remastered/tz13.ard/UK_tz13_ard1.evdl,2,81ED
Deep Jungle,Camp,Blizzard Experiment,Ether,1,remastered/tz13.ard/UK_tz13_ard1.evdl,3,7FD1
Deep Jungle,Camp,Blizzard Experiment,Ether,1,remastered/tz13.ard/UK_tz13_ard1.evdl,4,7FDD
Deep Jungle,Camp,Blizzard Experiment,Ether,1,remastered/tz13.ard/UK_tz13_ard2.evdl,1,6DD1
Deep Jungle,Camp,Blizzard Experiment,Ether,1,remastered/tz13.ard/UK_tz13_ard2.evdl,2,6DDD
Deep Jungle,Camp,Replication Experiment,Ether,1,remastered/tz13.ard/UK_tz13_ard2.evdl,1,6EAD
Deep Jungle,Camp,Replication Experiment,Ether,1,remastered/tz13.ard/UK_tz13_ard2.evdl,2,6EB9
Deep Jungle,Camp,Blizzard Experiment,Ether,1,remastered/tz13.ard/UK_tz13_ard2.evdl,3,70BD
Deep Jungle,Camp,Blizzard Experiment,Ether,1,remastered/tz13.ard/UK_tz13_ard2.evdl,4,70C9
Deep Jungle,Camp,Blizzard Experiment,Ether,1,remastered/tz13.ard/UK_tz13_ard11.evdl,1,66A9
Deep Jungle,Camp,Blizzard Experiment,Ether,1,remastered/tz13.ard/UK_tz13_ard11.evdl,2,66B5
Deep Jungle,Camp,Replication Experiment,Ether,1,remastered/tz13.ard/UK_tz13_ard11.evdl,1,6785
Deep Jungle,Camp,Replication Experiment,Ether,1,remastered/tz13.ard/UK_tz13_ard11.evdl,2,6791
Deep Jungle,Camp,Blizzard Experiment,Ether,1,remastered/tz13.ard/UK_tz13_ard11.evdl,3,6995
Deep Jungle,Camp,Blizzard Experiment,Ether,1,remastered/tz13.ard/UK_tz13_ard11.evdl,4,69A1
Deep Jungle,Camp,Blizzard Experiment,Ether,1,remastered/tz13.ard/UK_tz13_ard13.evdl,1,66A9
Deep Jungle,Camp,Blizzard Experiment,Ether,1,remastered/tz13.ard/UK_tz13_ard13.evdl,2,66B5
Deep Jungle,Camp,Replication Experiment,Ether,1,remastered/tz13.ard/UK_tz13_ard13.evdl,1,6785
Deep Jungle,Camp,Replication Experiment,Ether,1,remastered/tz13.ard/UK_tz13_ard13.evdl,2,6791
Deep Jungle,Camp,Blizzard Experiment,Ether,1,remastered/tz13.ard/UK_tz13_ard13.evdl,3,6995
Deep Jungle,Camp,Blizzard Experiment,Ether,1,remastered/tz13.ard/UK_tz13_ard13.evdl,4,69A1
Deep Jungle,Camp,Blizzard Experiment,Ether,1,remastered/tz13.ard/UK_tz13_ard19.evdl,1,4665
Deep Jungle,Camp,Blizzard Experiment,Ether,1,remastered/tz13.ard/UK_tz13_ard19.evdl,2,4671
Deep Jungle,Camp,Replication Experiment,Ether,1,remastered/tz13.ard/UK_tz13_ard19.evdl,1,4741
Deep Jungle,Camp,Replication Experiment,Ether,1,remastered/tz13.ard/UK_tz13_ard19.evdl,2,474D
Deep Jungle,Camp,Blizzard Experiment,Ether,1,remastered/tz13.ard/UK_tz13_ard19.evdl,3,4951
Deep Jungle,Camp,Blizzard Experiment,Ether,1,remastered/tz13.ard/UK_tz13_ard19.evdl,4,495D
Deep Jungle,Camp,Blizzard Experiment,Ether,1,remastered/tz13.ard/UK_tz13_arde.evdl,1,66A9
Deep Jungle,Camp,Blizzard Experiment,Ether,1,remastered/tz13.ard/UK_tz13_arde.evdl,2,66B5
Deep Jungle,Camp,Replication Experiment,Ether,1,remastered/tz13.ard/UK_tz13_arde.evdl,1,6785
Deep Jungle,Camp,Replication Experiment,Ether,1,remastered/tz13.ard/UK_tz13_arde.evdl,2,6791
Deep Jungle,Camp,Blizzard Experiment,Ether,1,remastered/tz13.ard/UK_tz13_arde.evdl,3,6995
Deep Jungle,Camp,Blizzard Experiment,Ether,1,remastered/tz13.ard/UK_tz13_arde.evdl,4,69A1
Deep Jungle,Camp,Blizzard Experiment,Ether,1,remastered/tz13.ard/UK_tz13_ardf.evdl,1,6735
Deep Jungle,Camp,Blizzard Experiment,Ether,1,remastered/tz13.ard/UK_tz13_ardf.evdl,2,6741
Deep Jungle,Camp,Replication Experiment,Ether,1,remastered/tz13.ard/UK_tz13_ardf.evdl,1,6811
Deep Jungle,Camp,Replication Experiment,Ether,1,remastered/tz13.ard/UK_tz13_ardf.evdl,2,681D
Deep Jungle,Camp,Blizzard Experiment,Ether,1,remastered/tz13.ard/UK_tz13_ardf.evdl,3,6A21
Deep Jungle,Camp,Blizzard Experiment,Ether,1,remastered/tz13.ard/UK_tz13_ardf.evdl,4,6A2D
Deep Jungle,Bamboo Thicket,Rescue Gorillas,Fire-G,1,remastered/tz03.ard/UK_tz03_ard2.evdl,1,444D
Deep Jungle,Bamboo Thicket,Rescue Gorillas,Fire-G,1,remastered/tz03.ard/UK_tz03_ard2.evdl,2,4459
Deep Jungle,Bamboo Thicket,Rescue Gorillas,Fire-G,1,remastered/tz03.ard/UK_tz03_ard2.evdl,3,4465
Deep Jungle,Cliff,Rescue Gorillas,Aeroga-G,1,remastered/tz12.ard/UK_tz12_ard2.evdl,1,4475
Deep Jungle,Cliff,Rescue Gorillas,Aeroga-G,1,remastered/tz12.ard/UK_tz12_ard2.evdl,2,4481
Deep Jungle,Cliff,Rescue Gorillas,Aeroga-G,1,remastered/tz12.ard/UK_tz12_ard2.evdl,3,448D
Deep Jungle,Climbing Trees,Rescue Gorillas,Aeroga-G,1,remastered/tz07.ard/UK_tz07_ard2.evdl,1,459D
Deep Jungle,Climbing Trees,Rescue Gorillas,Aeroga-G,1,remastered/tz07.ard/UK_tz07_ard2.evdl,2,45A9
Deep Jungle,Climbing Trees,Rescue Gorillas,Aeroga-G,1,remastered/tz07.ard/UK_tz07_ard2.evdl,3,45B5
Deep Jungle,Tree House,Rescue Gorillas,Shell-G,1,remastered/tz01.ard/UK_tz01_ard3.evdl,1,4495
Deep Jungle,Tree House,Rescue Gorillas,Shell-G,1,remastered/tz01.ard/UK_tz01_ard3.evdl,2,44A1
Deep Jungle,Tree House,Rescue Gorillas,Shell-G,1,remastered/tz01.ard/UK_tz01_ard3.evdl,3,44AD
Deep Jungle,Cliff,Defeat Clayton,Cure,1,remastered/tz12.ard/UK_tz12_ard1.evdl,1,8039
Deep Jungle,Cliff,Defeat Clayton,Cure,1,remastered/tz12.ard/UK_tz12_ard1.evdl,2,8045
Deep Jungle,Cliff,Defeat Clayton,Cure,1,remastered/tz12.ard/UK_tz12_ard1.evdl,3,8051
Deep Jungle,Cliff,Defeat Clayton,Cure,1,remastered/tz12.ard/UK_tz12_ard1.evdl,4,8AF1
Deep Jungle,Cliff,Defeat Clayton,Cure,1,remastered/tz12.ard/UK_tz12_ard1.evdl,5,8AFD
Deep Jungle,Cliff,Defeat Clayton,Cure,1,remastered/tz12.ard/UK_tz12_ard1.evdl,6,8B09
Deep Jungle,Cavern of Hearts,Seal Keyhole,Navi-G Piece,1,remastered/tz11.ard/UK_tz11_ard0.evdl,1,7A01
Deep Jungle,Cavern of Hearts,Seal Keyhole,Navi-G Piece,1,remastered/tz11.ard/UK_tz11_ard0.evdl,2,7A0D
Deep Jungle,Tent,Seal Keyhole,Red Trinity,1,remastered/tz15.ard/UK_tz15_ard0.evdl,1,B531
Deep Jungle,Tent,Seal Keyhole,Red Trinity,1,remastered/tz15.ard/UK_tz15_ard0.evdl,2,B53D
Deep Jungle,Tent,Seal Keyhole,Red Trinity,1,remastered/tz15.ard/UK_tz15_ard0.evdl,3,B549
Deep Jungle,Tent,Reunite with Donald and Goofy,Protect-G,1,remastered/tz15.ard/UK_tz15_ard0.evdl,1,A701
Deep Jungle,Tent,Reunite with Donald and Goofy,Protect-G,1,remastered/tz15.ard/UK_tz15_ard0.evdl,2,A70D
Deep Jungle,Tent,Reunite with Donald and Goofy,Protect-G,1,remastered/tz15.ard/UK_tz15_ard0.evdl,3,A719
Olympus Coliseum,Coliseum Gates,Green Trinity,Mythril,1,he01.ard,1,1C4B53
Olympus Coliseum,Coliseum Gates,Green Trinity,Mythril,1,he01.ard,2,1C4B5F
Olympus Coliseum,Coliseum Gates,Green Trinity,Mythril,1,he01.ard,3,1D840B
Olympus Coliseum,Coliseum Gates,Green Trinity,Mythril,1,he01.ard,4,1D8417
Olympus Coliseum,Coliseum Gates,Green Trinity,Mythril,1,he01.ard,5,1EB9B3
Olympus Coliseum,Coliseum Gates,Green Trinity,Mythril,1,he01.ard,6,1EB9BF
Olympus Coliseum,Coliseum Gates,Green Trinity,Mythril,1,he01.ard,7,1FBF8B
Olympus Coliseum,Coliseum Gates,Green Trinity,Mythril,1,he01.ard,8,1FBF97
Olympus Coliseum,Coliseum Gates,Green Trinity,Mythril,1,he01.ard,9,217E9F
Olympus Coliseum,Coliseum Gates,Green Trinity,Mythril,1,he01.ard,10,217EAB
Olympus Coliseum,Coliseum Gates,Green Trinity,Mythril,1,he01.ard,11,2380B7
Olympus Coliseum,Coliseum Gates,Green Trinity,Mythril,1,he01.ard,12,2380C3
Olympus Coliseum,Coliseum Gates,Green Trinity,Mythril,1,remastered/he01.ard/UK_he01_ard0.evdl,1,E98B
Olympus Coliseum,Coliseum Gates,Green Trinity,Mythril,1,remastered/he01.ard/UK_he01_ard0.evdl,2,E997
Olympus Coliseum,Coliseum Gates,Green Trinity,Mythril,1,remastered/he01.ard/UK_he01_ard1.evdl,1,121BB
Olympus Coliseum,Coliseum Gates,Green Trinity,Mythril,1,remastered/he01.ard/UK_he01_ard1.evdl,2,121C7
Olympus Coliseum,Coliseum Gates,Green Trinity,Mythril,1,remastered/he01.ard/UK_he01_ard2.evdl,1,11ED3
Olympus Coliseum,Coliseum Gates,Green Trinity,Mythril,1,remastered/he01.ard/UK_he01_ard2.evdl,2,11EDF
Olympus Coliseum,Coliseum Gates,Green Trinity,Mythril,1,remastered/he01.ard/UK_he01_ard3.evdl,1,ED3B
Olympus Coliseum,Coliseum Gates,Green Trinity,Mythril,1,remastered/he01.ard/UK_he01_ard3.evdl,2,ED47
Olympus Coliseum,Coliseum Gates,Green Trinity,Mythril,1,remastered/he01.ard/UK_he01_ardc.evdl,1,D8CF
Olympus Coliseum,Coliseum Gates,Green Trinity,Mythril,1,remastered/he01.ard/UK_he01_ardc.evdl,2,D8DB
Olympus Coliseum,Coliseum Gates,Green Trinity,Mythril,1,remastered/he01.ard/UK_he01_ard19.evdl,1,A5E7
Olympus Coliseum,Coliseum Gates,Green Trinity,Mythril,1,remastered/he01.ard/UK_he01_ard19.evdl,2,A5F3
Olympus Coliseum,Coliseum Gates,Green Trinity,Mythril,1,he01.ard,1,1C4B53
Olympus Coliseum,Coliseum Gates,Green Trinity,Mythril,1,he01.ard,2,1C4B5F
Olympus Coliseum,Coliseum Gates,Green Trinity,Mythril,1,he01.ard,3,1D840B
Olympus Coliseum,Coliseum Gates,Green Trinity,Mythril,1,he01.ard,4,1D8417
Olympus Coliseum,Coliseum Gates,Green Trinity,Mythril,1,he01.ard,5,1EB9B3
Olympus Coliseum,Coliseum Gates,Green Trinity,Mythril,1,he01.ard,6,1EB9BF
Olympus Coliseum,Coliseum Gates,Green Trinity,Mythril,1,he01.ard,7,1FBF8B
Olympus Coliseum,Coliseum Gates,Green Trinity,Mythril,1,he01.ard,8,1FBF97
Olympus Coliseum,Coliseum Gates,Green Trinity,Mythril,1,he01.ard,9,217E9F
Olympus Coliseum,Coliseum Gates,Green Trinity,Mythril,1,he01.ard,10,217EAB
Olympus Coliseum,Coliseum Gates,Green Trinity,Mythril,1,he01.ard,11,2380B7
Olympus Coliseum,Coliseum Gates,Green Trinity,Mythril,1,he01.ard,12,2380C3
Olympus Coliseum,Lobby,Complete Phil's Training,Thunder,1,remastered/he02.ard/UK_he02c.ev,1,57C1
Olympus Coliseum,Lobby,Complete Phil's Training,Thunder,1,remastered/he02.ard/UK_he02c.ev,2,57CD
Olympus Coliseum,Coliseum Gates,Complete Phil's Training,Entry Pass,1,remastered/he01.ard/UK_he01_ard1.evdl,1,CB0E
Olympus Coliseum,Coliseum Gates,Complete Phil's Training,Entry Pass,1,remastered/he01.ard/UK_he01_ard1.evdl,2,CB1A
Olympus Coliseum,Lobby,Defeat Cerberus,Hero's License,1,remastered/he02.ard/UK_he02d.ev,1,E93A
Olympus Coliseum,Lobby,Defeat Cerberus,Hero's License,1,remastered/he02.ard/UK_he02d.ev,2,E946
Olympus Coliseum,Phil Cup,Complete Phil Cup Together,Gravity,1,remastered/he03.ard/UK_he03_ard5.evdl,1,665E
Olympus Coliseum,Phil Cup,Complete Phil Cup Together,Gravity,1,remastered/he03.ard/UK_he03_ard5.evdl,2,666A
Olympus Coliseum,Hades Cup,Defeat Behemoth,Blizzard,1,remastered/he06.ard/UK_he06_ardb.evdl,1,AB65
Olympus Coliseum,Hades Cup,Defeat Behemoth,Blizzard,1,remastered/he06.ard/UK_he06_ardb.evdl,2,AB71
Olympus Coliseum,Hades Cup,Defeat Behemoth,Blizzard,1,remastered/he06.ard/UK_he06_ardb.evdl,3,AB7D
Olympus Coliseum,Hades Cup,Defeat Cerberus,Thunder,1,remastered/he03.ard/UK_he03_ardb.evdl,1,AAD5
Olympus Coliseum,Hades Cup,Defeat Cerberus,Thunder,1,remastered/he03.ard/UK_he03_ardb.evdl,2,AAE1
Olympus Coliseum,Hades Cup,Defeat Cerberus,Thunder,1,remastered/he03.ard/UK_he03_ardb.evdl,3,AAED
Olympus Coliseum,Hades Cup,Defeat Hades,Gravity,1,remastered/he07.ard/UK_he07_ard4.evdl,1,212AF
Olympus Coliseum,Hades Cup,Defeat Hades,Gravity,1,remastered/he07.ard/UK_he07_ard4.evdl,2,212BB
Olympus Coliseum,Hades Cup,Defeat Hades,Gravity,1,remastered/he07.ard/UK_he07_ard4.evdl,3,212C7
Olympus Coliseum,Hades Cup,Defeat Hades,Ansem's Report 8,1,remastered/he07.ard/UK_he07_ard4.evdl,1,21503
Olympus Coliseum,Hades Cup,Defeat Hades,Ansem's Report 8,1,remastered/he07.ard/UK_he07_ard4.evdl,2,2150F
Olympus Coliseum,Hades Cup,Defeat Hades,Ansem's Report 8,1,remastered/he07.ard/UK_he07_ard4.evdl,3,2151B
Olympus Coliseum,Coliseum Gates,Examine Jar,Orichalcum,1,he01.ard,1,1BEF95
Olympus Coliseum,Coliseum Gates,Examine Jar,Orichalcum,1,he01.ard,2,1BEFA1
Olympus Coliseum,Coliseum Gates,Examine Jar,Orichalcum,1,he01.ard,3,1BEFAD
Olympus Coliseum,Coliseum Gates,Examine Jar,Orichalcum,1,he01.ard,4,1D1CC1
Olympus Coliseum,Coliseum Gates,Examine Jar,Orichalcum,1,he01.ard,5,1D1CCD
Olympus Coliseum,Coliseum Gates,Examine Jar,Orichalcum,1,he01.ard,6,1D1CD9
Olympus Coliseum,Coliseum Gates,Examine Jar,Orichalcum,1,he01.ard,7,1E4879
Olympus Coliseum,Coliseum Gates,Examine Jar,Orichalcum,1,he01.ard,8,1E4885
Olympus Coliseum,Coliseum Gates,Examine Jar,Orichalcum,1,he01.ard,9,1E4891
Olympus Coliseum,Coliseum Gates,Examine Jar,Orichalcum,1,he01.ard,10,1F6C19
Olympus Coliseum,Coliseum Gates,Examine Jar,Orichalcum,1,he01.ard,11,1F6C25
Olympus Coliseum,Coliseum Gates,Examine Jar,Orichalcum,1,he01.ard,12,1F6C31
Olympus Coliseum,Coliseum Gates,Examine Jar,Orichalcum,1,he01.ard,13,212B2D
Olympus Coliseum,Coliseum Gates,Examine Jar,Orichalcum,1,he01.ard,14,212B39
Olympus Coliseum,Coliseum Gates,Examine Jar,Orichalcum,1,he01.ard,15,212B45
Olympus Coliseum,Coliseum Gates,Examine Jar,Orichalcum,1,he01.ard,16,232D45
Olympus Coliseum,Coliseum Gates,Examine Jar,Orichalcum,1,he01.ard,17,232D51
Olympus Coliseum,Coliseum Gates,Examine Jar,Orichalcum,1,he01.ard,18,232D5D
Olympus Coliseum,Platinum Match,Defeat Sephiroth,Ansem's Report 12,1,he07.ard,1,90FEB
Olympus Coliseum,Platinum Match,Defeat Sephiroth,Ansem's Report 12,1,he07.ard,2,90FF7
Olympus Coliseum,Platinum Match,Defeat Sephiroth,Ansem's Report 12,1,he07.ard,3,91003
Atlantica,Undersea Valley,Clam,Elixir,1,remastered/lm01.ard/UK_lm01z.ev,1,757D
Atlantica,Undersea Valley,Clam,Elixir,1,remastered/lm01.ard/UK_lm01z.ev,2,7585
Atlantica,Undersea Valley,Clam,Elixir,1,lm01.ard,1,A2699
Atlantica,Undersea Valley,Clam,Elixir,1,lm01.ard,2,A26A1
Atlantica,Undersea Valley,Clam,Elixir,1,lm01.ard,3,ACFED
Atlantica,Undersea Valley,Clam,Elixir,1,lm01.ard,4,ACFF5
Atlantica,Undersea Valley,Clam,Elixir,1,lm01.ard,5,B9781
Atlantica,Undersea Valley,Clam,Elixir,1,lm01.ard,6,B9789
Atlantica,Undersea Valley,Clam,Elixir,1,lm01.ard,7,C6F81
Atlantica,Undersea Valley,Clam,Elixir,1,lm01.ard,8,C6F89
Atlantica,Undersea Valley,Clam,Elixir,1,lm01.ard,9,D1DE5
Atlantica,Undersea Valley,Clam,Elixir,1,lm01.ard,10,D1DED
Atlantica,Undersea Valley,Clam,Elixir,1,lm01.ard,11,DE501
Atlantica,Undersea Valley,Clam,Elixir,1,lm01.ard,12,DE509
Atlantica,Undersea Valley,Clam,Elixir,1,lm01.ard,13,E8F21
Atlantica,Undersea Valley,Clam,Elixir,1,lm01.ard,14,E8F29
Atlantica,Undersea Valley,Clam,Elixir,1,lm01.ard,15,FA74D
Atlantica,Undersea Valley,Clam,Elixir,1,lm01.ard,16,FA755
Atlantica,Undersea Valley,Clam,Elixir,1,remastered/lm01.ard/UK_lm01_ardd.evdl,1,5A9D
Atlantica,Undersea Valley,Clam,Elixir,1,remastered/lm01.ard/UK_lm01_ardd.evdl,2,5AA5
Atlantica,Undersea Valley,Clam,Elixir,1,remastered/lm01.ard/UK_lm01_ard10.evdl,1,7515
Atlantica,Undersea Valley,Clam,Elixir,1,remastered/lm01.ard/UK_lm01_ard10.evdl,2,751D
Atlantica,Undersea Valley,Clam,Elixir,1,remastered/lm01.ard/UK_lm01_ard11.evdl,1,74B1
Atlantica,Undersea Valley,Clam,Elixir,1,remastered/lm01.ard/UK_lm01_ard11.evdl,2,74B9
Atlantica,Undersea Valley,Clam,Elixir,1,remastered/lm01.ard/UK_lm01_ard12.evdl,1,5751
Atlantica,Undersea Valley,Clam,Elixir,1,remastered/lm01.ard/UK_lm01_ard12.evdl,2,5759
Atlantica,Undersea Valley,Clam,Elixir,1,remastered/lm01.ard/UK_lm01_ardc.evdl,1,7549
Atlantica,Undersea Valley,Clam,Elixir,1,remastered/lm01.ard/UK_lm01_ardc.evdl,2,7551
Atlantica,Undersea Valley,Clam,Elixir,1,remastered/lm01.ard/UK_lm01_arde.evdl,1,74B1
Atlantica,Undersea Valley,Clam,Elixir,1,remastered/lm01.ard/UK_lm01_arde.evdl,2,74B9
Atlantica,Undersea Valley,Clam,Elixir,1,remastered/lm01.ard/UK_lm01_ardf.evdl,1,74B1
Atlantica,Undersea Valley,Clam,Elixir,1,remastered/lm01.ard/UK_lm01_ardf.evdl,2,74B9
Atlantica,Undersea Valley,Fire Clam,Mythril Shard,1,remastered/lm01.ard/UK_lm01z.ev,1,9461
Atlantica,Undersea Valley,Fire Clam,Mythril Shard,1,remastered/lm01.ard/UK_lm01z.ev,2,9469
Atlantica,Undersea Valley,Fire Clam,Mythril Shard,1,lm01.ard,1,A457D
Atlantica,Undersea Valley,Fire Clam,Mythril Shard,1,lm01.ard,2,A4585
Atlantica,Undersea Valley,Fire Clam,Mythril Shard,1,lm01.ard,3,AEED1
Atlantica,Undersea Valley,Fire Clam,Mythril Shard,1,lm01.ard,4,AEED9
Atlantica,Undersea Valley,Fire Clam,Mythril Shard,1,lm01.ard,5,BB665
Atlantica,Undersea Valley,Fire Clam,Mythril Shard,1,lm01.ard,6,BB66D
Atlantica,Undersea Valley,Fire Clam,Mythril Shard,1,lm01.ard,7,C8E65
Atlantica,Undersea Valley,Fire Clam,Mythril Shard,1,lm01.ard,8,C8E6D
Atlantica,Undersea Valley,Fire Clam,Mythril Shard,1,lm01.ard,9,D3CC9
Atlantica,Undersea Valley,Fire Clam,Mythril Shard,1,lm01.ard,10,D3CD1
Atlantica,Undersea Valley,Fire Clam,Mythril Shard,1,lm01.ard,11,E03E5
Atlantica,Undersea Valley,Fire Clam,Mythril Shard,1,lm01.ard,12,E03ED
Atlantica,Undersea Valley,Fire Clam,Mythril Shard,1,lm01.ard,13,EAE05
Atlantica,Undersea Valley,Fire Clam,Mythril Shard,1,lm01.ard,14,EAE0D
Atlantica,Undersea Valley,Fire Clam,Mythril Shard,1,lm01.ard,15,FC631
Atlantica,Undersea Valley,Fire Clam,Mythril Shard,1,lm01.ard,16,FC639
Atlantica,Undersea Valley,Fire Clam,Mythril Shard,1,remastered/lm01.ard/UK_lm01_ardd.evdl,1,7981
Atlantica,Undersea Valley,Fire Clam,Mythril Shard,1,remastered/lm01.ard/UK_lm01_ardd.evdl,2,7989
Atlantica,Undersea Valley,Fire Clam,Mythril Shard,1,remastered/lm01.ard/UK_lm01_ard10.evdl,1,93F9
Atlantica,Undersea Valley,Fire Clam,Mythril Shard,1,remastered/lm01.ard/UK_lm01_ard10.evdl,2,9401
Atlantica,Undersea Valley,Fire Clam,Mythril Shard,1,remastered/lm01.ard/UK_lm01_ard11.evdl,1,9395
Atlantica,Undersea Valley,Fire Clam,Mythril Shard,1,remastered/lm01.ard/UK_lm01_ard11.evdl,2,939D
Atlantica,Undersea Valley,Fire Clam,Mythril Shard,1,remastered/lm01.ard/UK_lm01_ard12.evdl,1,7635
Atlantica,Undersea Valley,Fire Clam,Mythril Shard,1,remastered/lm01.ard/UK_lm01_ard12.evdl,2,763D
Atlantica,Undersea Valley,Fire Clam,Mythril Shard,1,remastered/lm01.ard/UK_lm01_ardc.evdl,1,942D
Atlantica,Undersea Valley,Fire Clam,Mythril Shard,1,remastered/lm01.ard/UK_lm01_ardc.evdl,2,9435
Atlantica,Undersea Valley,Fire Clam,Mythril Shard,1,remastered/lm01.ard/UK_lm01_arde.evdl,1,9395
Atlantica,Undersea Valley,Fire Clam,Mythril Shard,1,remastered/lm01.ard/UK_lm01_arde.evdl,2,939D
Atlantica,Undersea Valley,Fire Clam,Mythril Shard,1,remastered/lm01.ard/UK_lm01_ardf.evdl,1,9395
Atlantica,Undersea Valley,Fire Clam,Mythril Shard,1,remastered/lm01.ard/UK_lm01_ardf.evdl,2,939D
Atlantica,Undersea Valley,Clam,Mega-Ether,1,remastered/lm01.ard/UK_lm01z.ev,1,8C11
Atlantica,Undersea Valley,Clam,Mega-Ether,1,remastered/lm01.ard/UK_lm01z.ev,2,8C19
Atlantica,Undersea Valley,Clam,Mega-Ether,1,lm01.ard,1,A3D2D
Atlantica,Undersea Valley,Clam,Mega-Ether,1,lm01.ard,2,A3D35
Atlantica,Undersea Valley,Clam,Mega-Ether,1,lm01.ard,3,AE681
Atlantica,Undersea Valley,Clam,Mega-Ether,1,lm01.ard,4,AE689
Atlantica,Undersea Valley,Clam,Mega-Ether,1,lm01.ard,5,BAE15
Atlantica,Undersea Valley,Clam,Mega-Ether,1,lm01.ard,6,BAE1D
Atlantica,Undersea Valley,Clam,Mega-Ether,1,lm01.ard,7,C8615
Atlantica,Undersea Valley,Clam,Mega-Ether,1,lm01.ard,8,C861D
Atlantica,Undersea Valley,Clam,Mega-Ether,1,lm01.ard,9,D3479
Atlantica,Undersea Valley,Clam,Mega-Ether,1,lm01.ard,10,D3481
Atlantica,Undersea Valley,Clam,Mega-Ether,1,lm01.ard,11,DFB95
Atlantica,Undersea Valley,Clam,Mega-Ether,1,lm01.ard,12,DFB9D
Atlantica,Undersea Valley,Clam,Mega-Ether,1,lm01.ard,13,EA5B5
Atlantica,Undersea Valley,Clam,Mega-Ether,1,lm01.ard,14,EA5BD
Atlantica,Undersea Valley,Clam,Mega-Ether,1,lm01.ard,15,FBDE1
Atlantica,Undersea Valley,Clam,Mega-Ether,1,lm01.ard,16,FBDE9
Atlantica,Undersea Valley,Clam,Mega-Ether,1,remastered/lm01.ard/UK_lm01_ardd.evdl,1,7131
Atlantica,Undersea Valley,Clam,Mega-Ether,1,remastered/lm01.ard/UK_lm01_ardd.evdl,2,7139
Atlantica,Undersea Valley,Clam,Mega-Ether,1,remastered/lm01.ard/UK_lm01_ard10.evdl,1,8BA9
Atlantica,Undersea Valley,Clam,Mega-Ether,1,remastered/lm01.ard/UK_lm01_ard10.evdl,2,8BB1
Atlantica,Undersea Valley,Clam,Mega-Ether,1,remastered/lm01.ard/UK_lm01_ard11.evdl,1,8B45
Atlantica,Undersea Valley,Clam,Mega-Ether,1,remastered/lm01.ard/UK_lm01_ard11.evdl,2,8B4D
Atlantica,Undersea Valley,Clam,Mega-Ether,1,remastered/lm01.ard/UK_lm01_ard12.evdl,1,6DE5
Atlantica,Undersea Valley,Clam,Mega-Ether,1,remastered/lm01.ard/UK_lm01_ard12.evdl,2,6DED
Atlantica,Undersea Valley,Clam,Mega-Ether,1,remastered/lm01.ard/UK_lm01_ardc.evdl,1,8BDD
Atlantica,Undersea Valley,Clam,Mega-Ether,1,remastered/lm01.ard/UK_lm01_ardc.evdl,2,8BE5
Atlantica,Undersea Valley,Clam,Mega-Ether,1,remastered/lm01.ard/UK_lm01_arde.evdl,1,8B45
Atlantica,Undersea Valley,Clam,Mega-Ether,1,remastered/lm01.ard/UK_lm01_arde.evdl,2,8B4D
Atlantica,Undersea Valley,Clam,Mega-Ether,1,remastered/lm01.ard/UK_lm01_ardf.evdl,1,8B45
Atlantica,Undersea Valley,Clam,Mega-Ether,1,remastered/lm01.ard/UK_lm01_ardf.evdl,2,8B4D
Atlantica,Undersea Valley,Clam,Mega-Potion,1,remastered/lm01.ard/UK_lm01z.ev,1,6DED
Atlantica,Undersea Valley,Clam,Mega-Potion,1,remastered/lm01.ard/UK_lm01z.ev,2,6DF5
Atlantica,Undersea Valley,Clam,Mega-Potion,1,lm01.ard,1,A1F09
Atlantica,Undersea Valley,Clam,Mega-Potion,1,lm01.ard,2,A1F11
Atlantica,Undersea Valley,Clam,Mega-Potion,1,lm01.ard,3,AC85D
Atlantica,Undersea Valley,Clam,Mega-Potion,1,lm01.ard,4,AC865
Atlantica,Undersea Valley,Clam,Mega-Potion,1,lm01.ard,5,B8FF1
Atlantica,Undersea Valley,Clam,Mega-Potion,1,lm01.ard,6,B8FF9
Atlantica,Undersea Valley,Clam,Mega-Potion,1,lm01.ard,7,C67F1
Atlantica,Undersea Valley,Clam,Mega-Potion,1,lm01.ard,8,C67F9
Atlantica,Undersea Valley,Clam,Mega-Potion,1,lm01.ard,9,D1655
Atlantica,Undersea Valley,Clam,Mega-Potion,1,lm01.ard,10,D165D
Atlantica,Undersea Valley,Clam,Mega-Potion,1,lm01.ard,11,DDD71
Atlantica,Undersea Valley,Clam,Mega-Potion,1,lm01.ard,12,DDD79
Atlantica,Undersea Valley,Clam,Mega-Potion,1,lm01.ard,13,E8791
Atlantica,Undersea Valley,Clam,Mega-Potion,1,lm01.ard,14,E8799
Atlantica,Undersea Valley,Clam,Mega-Potion,1,lm01.ard,15,F9FBD
Atlantica,Undersea Valley,Clam,Mega-Potion,1,lm01.ard,16,F9FC5
Atlantica,Undersea Valley,Clam,Mega-Potion,1,remastered/lm01.ard/UK_lm01_ardd.evdl,1,530D
Atlantica,Undersea Valley,Clam,Mega-Potion,1,remastered/lm01.ard/UK_lm01_ardd.evdl,2,5315
Atlantica,Undersea Valley,Clam,Mega-Potion,1,remastered/lm01.ard/UK_lm01_ard10.evdl,1,6D85
Atlantica,Undersea Valley,Clam,Mega-Potion,1,remastered/lm01.ard/UK_lm01_ard10.evdl,2,6D8D
Atlantica,Undersea Valley,Clam,Mega-Potion,1,remastered/lm01.ard/UK_lm01_ard11.evdl,1,6D21
Atlantica,Undersea Valley,Clam,Mega-Potion,1,remastered/lm01.ard/UK_lm01_ard11.evdl,2,6D29
Atlantica,Undersea Valley,Clam,Mega-Potion,1,remastered/lm01.ard/UK_lm01_ard12.evdl,1,4FC1
Atlantica,Undersea Valley,Clam,Mega-Potion,1,remastered/lm01.ard/UK_lm01_ard12.evdl,2,4FC9
Atlantica,Undersea Valley,Clam,Mega-Potion,1,remastered/lm01.ard/UK_lm01_ardc.evdl,1,6DB9
Atlantica,Undersea Valley,Clam,Mega-Potion,1,remastered/lm01.ard/UK_lm01_ardc.evdl,2,6DC1
Atlantica,Undersea Valley,Clam,Mega-Potion,1,remastered/lm01.ard/UK_lm01_arde.evdl,1,6D21
Atlantica,Undersea Valley,Clam,Mega-Potion,1,remastered/lm01.ard/UK_lm01_arde.evdl,2,6D29
Atlantica,Undersea Valley,Clam,Mega-Potion,1,remastered/lm01.ard/UK_lm01_ardf.evdl,1,6D21
Atlantica,Undersea Valley,Clam,Mega-Potion,1,remastered/lm01.ard/UK_lm01_ardf.evdl,2,6D29
Atlantica,Undersea Valley,Clam,Mythril,1,remastered/lm01.ard/UK_lm01z.ev,1,849D
Atlantica,Undersea Valley,Clam,Mythril,1,remastered/lm01.ard/UK_lm01z.ev,2,84A5
Atlantica,Undersea Valley,Clam,Mythril,1,lm01.ard,1,A35B9
Atlantica,Undersea Valley,Clam,Mythril,1,lm01.ard,2,A35C1
Atlantica,Undersea Valley,Clam,Mythril,1,lm01.ard,3,ADF0D
Atlantica,Undersea Valley,Clam,Mythril,1,lm01.ard,4,ADF15
Atlantica,Undersea Valley,Clam,Mythril,1,lm01.ard,5,BA6A1
Atlantica,Undersea Valley,Clam,Mythril,1,lm01.ard,6,BA6A9
Atlantica,Undersea Valley,Clam,Mythril,1,lm01.ard,7,C7EA1
Atlantica,Undersea Valley,Clam,Mythril,1,lm01.ard,8,C7EA9
Atlantica,Undersea Valley,Clam,Mythril,1,lm01.ard,9,D2D05
Atlantica,Undersea Valley,Clam,Mythril,1,lm01.ard,10,D2D0D
Atlantica,Undersea Valley,Clam,Mythril,1,lm01.ard,11,DF421
Atlantica,Undersea Valley,Clam,Mythril,1,lm01.ard,12,DF429
Atlantica,Undersea Valley,Clam,Mythril,1,lm01.ard,13,E9E41
Atlantica,Undersea Valley,Clam,Mythril,1,lm01.ard,14,E9E49
Atlantica,Undersea Valley,Clam,Mythril,1,lm01.ard,15,FB66D
Atlantica,Undersea Valley,Clam,Mythril,1,lm01.ard,16,FB675
Atlantica,Undersea Valley,Clam,Mythril,1,remastered/lm01.ard/UK_lm01_ardd.evdl,1,69BD
Atlantica,Undersea Valley,Clam,Mythril,1,remastered/lm01.ard/UK_lm01_ardd.evdl,2,69C5
Atlantica,Undersea Valley,Clam,Mythril,1,remastered/lm01.ard/UK_lm01_ard10.evdl,1,8435
Atlantica,Undersea Valley,Clam,Mythril,1,remastered/lm01.ard/UK_lm01_ard10.evdl,2,843D
Atlantica,Undersea Valley,Clam,Mythril,1,remastered/lm01.ard/UK_lm01_ard11.evdl,1,83D1
Atlantica,Undersea Valley,Clam,Mythril,1,remastered/lm01.ard/UK_lm01_ard11.evdl,2,83D9
Atlantica,Undersea Valley,Clam,Mythril,1,remastered/lm01.ard/UK_lm01_ard12.evdl,1,6671
Atlantica,Undersea Valley,Clam,Mythril,1,remastered/lm01.ard/UK_lm01_ard12.evdl,2,6679
Atlantica,Undersea Valley,Clam,Mythril,1,remastered/lm01.ard/UK_lm01_ardc.evdl,1,8469
Atlantica,Undersea Valley,Clam,Mythril,1,remastered/lm01.ard/UK_lm01_ardc.evdl,2,8471
Atlantica,Undersea Valley,Clam,Mythril,1,remastered/lm01.ard/UK_lm01_arde.evdl,1,83D1
Atlantica,Undersea Valley,Clam,Mythril,1,remastered/lm01.ard/UK_lm01_arde.evdl,2,83D9
Atlantica,Undersea Valley,Clam,Mythril,1,remastered/lm01.ard/UK_lm01_ardf.evdl,1,83D1
Atlantica,Undersea Valley,Clam,Mythril,1,remastered/lm01.ard/UK_lm01_ardf.evdl,2,83D9
Atlantica,Undersea Valley,Clam,Cottage,1,remastered/lm01.ard/UK_lm01z.ev,1,7D0D
Atlantica,Undersea Valley,Clam,Cottage,1,remastered/lm01.ard/UK_lm01z.ev,2,7D15
Atlantica,Undersea Valley,Clam,Cottage,1,lm01.ard,1,A2E29
Atlantica,Undersea Valley,Clam,Cottage,1,lm01.ard,2,A2E31
Atlantica,Undersea Valley,Clam,Cottage,1,lm01.ard,3,AD77D
Atlantica,Undersea Valley,Clam,Cottage,1,lm01.ard,4,AD785
Atlantica,Undersea Valley,Clam,Cottage,1,lm01.ard,5,B9F11
Atlantica,Undersea Valley,Clam,Cottage,1,lm01.ard,6,B9F19
Atlantica,Undersea Valley,Clam,Cottage,1,lm01.ard,7,C7711
Atlantica,Undersea Valley,Clam,Cottage,1,lm01.ard,8,C7719
Atlantica,Undersea Valley,Clam,Cottage,1,lm01.ard,9,D2575
Atlantica,Undersea Valley,Clam,Cottage,1,lm01.ard,10,D257D
Atlantica,Undersea Valley,Clam,Cottage,1,lm01.ard,11,DEC91
Atlantica,Undersea Valley,Clam,Cottage,1,lm01.ard,12,DEC99
Atlantica,Undersea Valley,Clam,Cottage,1,lm01.ard,13,E96B1
Atlantica,Undersea Valley,Clam,Cottage,1,lm01.ard,14,E96B9
Atlantica,Undersea Valley,Clam,Cottage,1,lm01.ard,15,FAEDD
Atlantica,Undersea Valley,Clam,Cottage,1,lm01.ard,16,FAEE5
Atlantica,Undersea Valley,Clam,Cottage,1,remastered/lm01.ard/UK_lm01_ardd.evdl,1,622D
Atlantica,Undersea Valley,Clam,Cottage,1,remastered/lm01.ard/UK_lm01_ardd.evdl,2,6235
Atlantica,Undersea Valley,Clam,Cottage,1,remastered/lm01.ard/UK_lm01_ard10.evdl,1,7CA5
Atlantica,Undersea Valley,Clam,Cottage,1,remastered/lm01.ard/UK_lm01_ard10.evdl,2,7CAD
Atlantica,Undersea Valley,Clam,Cottage,1,remastered/lm01.ard/UK_lm01_ard11.evdl,1,7C41
Atlantica,Undersea Valley,Clam,Cottage,1,remastered/lm01.ard/UK_lm01_ard11.evdl,2,7C49
Atlantica,Undersea Valley,Clam,Cottage,1,remastered/lm01.ard/UK_lm01_ard12.evdl,1,5EE1
Atlantica,Undersea Valley,Clam,Cottage,1,remastered/lm01.ard/UK_lm01_ard12.evdl,2,5EE9
Atlantica,Undersea Valley,Clam,Cottage,1,remastered/lm01.ard/UK_lm01_ardc.evdl,1,7CD9
Atlantica,Undersea Valley,Clam,Cottage,1,remastered/lm01.ard/UK_lm01_ardc.evdl,2,7CE1
Atlantica,Undersea Valley,Clam,Cottage,1,remastered/lm01.ard/UK_lm01_arde.evdl,1,7C41
Atlantica,Undersea Valley,Clam,Cottage,1,remastered/lm01.ard/UK_lm01_arde.evdl,2,7C49
Atlantica,Undersea Valley,Clam,Cottage,1,remastered/lm01.ard/UK_lm01_ardf.evdl,1,7C41
Atlantica,Undersea Valley,Clam,Cottage,1,remastered/lm01.ard/UK_lm01_ardf.evdl,2,7C49
Atlantica,Undersea Cave,Clam,Cottage,1,remastered/lm05.ard/UK_lm05_ardc.evdl,1,4B89
Atlantica,Undersea Cave,Clam,Cottage,1,remastered/lm05.ard/UK_lm05_ardc.evdl,2,4B91
Atlantica,Undersea Cave,Clam,Cottage,1,remastered/lm05.ard/UK_lm05_ardd.evdl,1,4AF1
Atlantica,Undersea Cave,Clam,Cottage,1,remastered/lm05.ard/UK_lm05_ardd.evdl,2,4AF9
Atlantica,Undersea Cave,Clam,Cottage,1,remastered/lm05.ard/UK_lm05_ard11.evdl,1,4AF1
Atlantica,Undersea Cave,Clam,Cottage,1,remastered/lm05.ard/UK_lm05_ard11.evdl,2,4AF9
Atlantica,Undersea Cave,Clam,Cottage,1,remastered/lm05.ard/UK_lm05_ard19.evdl,1,4BBD
Atlantica,Undersea Cave,Clam,Cottage,1,remastered/lm05.ard/UK_lm05_ard19.evdl,2,4BC5
Atlantica,Undersea Cave,Clam,Cottage,1,remastered/lm05.ard/UK_lm05_arde.evdl,1,4AF1
Atlantica,Undersea Cave,Clam,Cottage,1,remastered/lm05.ard/UK_lm05_arde.evdl,2,4AF9
Atlantica,Undersea Cave,Clam,Cottage,1,remastered/lm05.ard/UK_lm05_ardf.evdl,1,4AF1
Atlantica,Undersea Cave,Clam,Cottage,1,remastered/lm05.ard/UK_lm05_ardf.evdl,2,4AF9
Atlantica,Undersea Gorge,Blizzard Clam,Mythril Shard,1,remastered/lm04.ard/UK_lm04_ard10.evdl,1,5A05
Atlantica,Undersea Gorge,Blizzard Clam,Mythril Shard,1,remastered/lm04.ard/UK_lm04_ard10.evdl,2,5A0D
Atlantica,Undersea Gorge,Blizzard Clam,Mythril Shard,1,remastered/lm04.ard/UK_lm04_ard11.evdl,1,5965
Atlantica,Undersea Gorge,Blizzard Clam,Mythril Shard,1,remastered/lm04.ard/UK_lm04_ard11.evdl,2,596D
Atlantica,Undersea Gorge,Blizzard Clam,Mythril Shard,1,remastered/lm04.ard/UK_lm04_ard12.evdl,1,59A1
Atlantica,Undersea Gorge,Blizzard Clam,Mythril Shard,1,remastered/lm04.ard/UK_lm04_ard12.evdl,2,59A9
Atlantica,Undersea Gorge,Blizzard Clam,Mythril Shard,1,remastered/lm04.ard/UK_lm04_ard17.evdl,1,5965
Atlantica,Undersea Gorge,Blizzard Clam,Mythril Shard,1,remastered/lm04.ard/UK_lm04_ard17.evdl,2,596D
Atlantica,Undersea Gorge,Blizzard Clam,Mythril Shard,1,remastered/lm04.ard/UK_lm04_ard19.evdl,1,71B1
Atlantica,Undersea Gorge,Blizzard Clam,Mythril Shard,1,remastered/lm04.ard/UK_lm04_ard19.evdl,2,71B9
Atlantica,Undersea Gorge,Blizzard Clam,Mythril Shard,1,remastered/lm04.ard/UK_lm04_ardc.evdl,1,717D
Atlantica,Undersea Gorge,Blizzard Clam,Mythril Shard,1,remastered/lm04.ard/UK_lm04_ardc.evdl,2,7185
Atlantica,Undersea Gorge,Blizzard Clam,Mythril Shard,1,remastered/lm04.ard/UK_lm04_ardd.evdl,1,5965
Atlantica,Undersea Gorge,Blizzard Clam,Mythril Shard,1,remastered/lm04.ard/UK_lm04_ardd.evdl,2,596D
Atlantica,Undersea Gorge,Blizzard Clam,Mythril Shard,1,remastered/lm04.ard/UK_lm04_arde.evdl,1,7A7D
Atlantica,Undersea Gorge,Blizzard Clam,Mythril Shard,1,remastered/lm04.ard/UK_lm04_arde.evdl,2,7A85
Atlantica,Undersea Gorge,Blizzard Clam,Mythril Shard,1,remastered/lm04.ard/UK_lm04_ardf.evdl,1,5965
Atlantica,Undersea Gorge,Blizzard Clam,Mythril Shard,1,remastered/lm04.ard/UK_lm04_ardf.evdl,2,596D
Atlantica,Undersea Gorge,Clam,Mega-Ether,1,remastered/lm04.ard/UK_lm04_ard10.evdl,1,5195
Atlantica,Undersea Gorge,Clam,Mega-Ether,1,remastered/lm04.ard/UK_lm04_ard10.evdl,2,519D
Atlantica,Undersea Gorge,Clam,Mega-Ether,1,remastered/lm04.ard/UK_lm04_ard11.evdl,1,50F5
Atlantica,Undersea Gorge,Clam,Mega-Ether,1,remastered/lm04.ard/UK_lm04_ard11.evdl,2,50FD
Atlantica,Undersea Gorge,Clam,Mega-Ether,1,remastered/lm04.ard/UK_lm04_ard12.evdl,1,5131
Atlantica,Undersea Gorge,Clam,Mega-Ether,1,remastered/lm04.ard/UK_lm04_ard12.evdl,2,5139
Atlantica,Undersea Gorge,Clam,Mega-Ether,1,remastered/lm04.ard/UK_lm04_ard17.evdl,1,50F5
Atlantica,Undersea Gorge,Clam,Mega-Ether,1,remastered/lm04.ard/UK_lm04_ard17.evdl,2,50FD
Atlantica,Undersea Gorge,Clam,Mega-Ether,1,remastered/lm04.ard/UK_lm04_ard19.evdl,1,6941
Atlantica,Undersea Gorge,Clam,Mega-Ether,1,remastered/lm04.ard/UK_lm04_ard19.evdl,2,6949
Atlantica,Undersea Gorge,Clam,Mega-Ether,1,remastered/lm04.ard/UK_lm04_ardc.evdl,1,690D
Atlantica,Undersea Gorge,Clam,Mega-Ether,1,remastered/lm04.ard/UK_lm04_ardc.evdl,2,6915
Atlantica,Undersea Gorge,Clam,Mega-Ether,1,remastered/lm04.ard/UK_lm04_ardd.evdl,1,50F5
Atlantica,Undersea Gorge,Clam,Mega-Ether,1,remastered/lm04.ard/UK_lm04_ardd.evdl,2,50FD
Atlantica,Undersea Gorge,Clam,Mega-Ether,1,remastered/lm04.ard/UK_lm04_arde.evdl,1,720D
Atlantica,Undersea Gorge,Clam,Mega-Ether,1,remastered/lm04.ard/UK_lm04_arde.evdl,2,7215
Atlantica,Undersea Gorge,Clam,Mega-Ether,1,remastered/lm04.ard/UK_lm04_ardf.evdl,1,50F5
Atlantica,Undersea Gorge,Clam,Mega-Ether,1,remastered/lm04.ard/UK_lm04_ardf.evdl,2,50FD
Atlantica,Undersea Gorge,Lodged Chest,Orichalcum,1,remastered/lm04.ard/UK_lm04_ard10.evdl,1,6371
Atlantica,Undersea Gorge,Lodged Chest,Orichalcum,1,remastered/lm04.ard/UK_lm04_ard10.evdl,2,63B5
Atlantica,Undersea Gorge,Lodged Chest,Orichalcum,1,remastered/lm04.ard/UK_lm04_ard10.evdl,3,63C9
Atlantica,Undersea Gorge,Lodged Chest,Orichalcum,1,remastered/lm04.ard/UK_lm04_ard11.evdl,1,62D1
Atlantica,Undersea Gorge,Lodged Chest,Orichalcum,1,remastered/lm04.ard/UK_lm04_ard11.evdl,2,6315
Atlantica,Undersea Gorge,Lodged Chest,Orichalcum,1,remastered/lm04.ard/UK_lm04_ard11.evdl,3,6329
Atlantica,Undersea Gorge,Lodged Chest,Orichalcum,1,remastered/lm04.ard/UK_lm04_ard12.evdl,1,630D
Atlantica,Undersea Gorge,Lodged Chest,Orichalcum,1,remastered/lm04.ard/UK_lm04_ard12.evdl,2,6351
Atlantica,Undersea Gorge,Lodged Chest,Orichalcum,1,remastered/lm04.ard/UK_lm04_ard12.evdl,3,6365
Atlantica,Undersea Gorge,Lodged Chest,Orichalcum,1,remastered/lm04.ard/UK_lm04_ard17.evdl,1,62D1
Atlantica,Undersea Gorge,Lodged Chest,Orichalcum,1,remastered/lm04.ard/UK_lm04_ard17.evdl,2,6315
Atlantica,Undersea Gorge,Lodged Chest,Orichalcum,1,remastered/lm04.ard/UK_lm04_ard17.evdl,3,6329
Atlantica,Undersea Gorge,Lodged Chest,Orichalcum,1,remastered/lm04.ard/UK_lm04_ard19.evdl,1,7B1D
Atlantica,Undersea Gorge,Lodged Chest,Orichalcum,1,remastered/lm04.ard/UK_lm04_ard19.evdl,2,7B61
Atlantica,Undersea Gorge,Lodged Chest,Orichalcum,1,remastered/lm04.ard/UK_lm04_ard19.evdl,3,7B75
Atlantica,Undersea Gorge,Lodged Chest,Orichalcum,1,remastered/lm04.ard/UK_lm04_ard19.evdl,1,7B1D
Atlantica,Undersea Gorge,Lodged Chest,Orichalcum,1,remastered/lm04.ard/UK_lm04_ard19.evdl,2,7B61
Atlantica,Undersea Gorge,Lodged Chest,Orichalcum,1,remastered/lm04.ard/UK_lm04_ard19.evdl,3,7B75
Atlantica,Undersea Gorge,Lodged Chest,Orichalcum,1,remastered/lm04.ard/UK_lm04_ardc.evdl,1,7AE9
Atlantica,Undersea Gorge,Lodged Chest,Orichalcum,1,remastered/lm04.ard/UK_lm04_ardc.evdl,2,7B2D
Atlantica,Undersea Gorge,Lodged Chest,Orichalcum,1,remastered/lm04.ard/UK_lm04_ardc.evdl,3,7B41
Atlantica,Undersea Gorge,Lodged Chest,Orichalcum,1,remastered/lm04.ard/UK_lm04_ardd.evdl,1,62D1
Atlantica,Undersea Gorge,Lodged Chest,Orichalcum,1,remastered/lm04.ard/UK_lm04_ardd.evdl,2,6315
Atlantica,Undersea Gorge,Lodged Chest,Orichalcum,1,remastered/lm04.ard/UK_lm04_ardd.evdl,3,6329
Atlantica,Undersea Gorge,Lodged Chest,Orichalcum,1,remastered/lm04.ard/UK_lm04_arde.evdl,1,83E9
Atlantica,Undersea Gorge,Lodged Chest,Orichalcum,1,remastered/lm04.ard/UK_lm04_arde.evdl,2,842D
Atlantica,Undersea Gorge,Lodged Chest,Orichalcum,1,remastered/lm04.ard/UK_lm04_arde.evdl,3,8441
Atlantica,Undersea Gorge,Lodged Chest,Orichalcum,1,remastered/lm04.ard/UK_lm04_ardf.evdl,1,62D1
Atlantica,Undersea Gorge,Lodged Chest,Orichalcum,1,remastered/lm04.ard/UK_lm04_ardf.evdl,2,6315
Atlantica,Undersea Gorge,Lodged Chest,Orichalcum,1,remastered/lm04.ard/UK_lm04_ardf.evdl,3,6329
Atlantica,Undersea Garden,Clam,Mega-Potion,1,remastered/lm06.ard/UK_lm06_ard2.evdl,1,4F39
Atlantica,Undersea Garden,Clam,Mega-Potion,1,remastered/lm06.ard/UK_lm06_ard2.evdl,2,4F41
Atlantica,Undersea Garden,Clam,Mega-Potion,1,remastered/lm06.ard/UK_lm06_ard19.evdl,1,5005
Atlantica,Undersea Garden,Clam,Mega-Potion,1,remastered/lm06.ard/UK_lm06_ard19.evdl,2,500D
Atlantica,Undersea Garden,Clam,Mega-Potion,1,remastered/lm06.ard/UK_lm06_ardc.evdl,1,4FD1
Atlantica,Undersea Garden,Clam,Mega-Potion,1,remastered/lm06.ard/UK_lm06_ardc.evdl,2,4FD9
Atlantica,Undersea Garden,Clam,Mega-Potion,1,remastered/lm06.ard/UK_lm06_ardf.evdl,1,4F39
Atlantica,Undersea Garden,Clam,Mega-Potion,1,remastered/lm06.ard/UK_lm06_ardf.evdl,2,4F41
Atlantica,Triton's Palace,Clam,Mega-Ether,1,remastered/lm15.ard/UK_lm15_ard11.evdl,1,6019
Atlantica,Triton's Palace,Clam,Mega-Ether,1,remastered/lm15.ard/UK_lm15_ard11.evdl,2,6021
Atlantica,Triton's Palace,Clam,Mega-Ether,1,remastered/lm15.ard/UK_lm15_ard19.evdl,1,60E5
Atlantica,Triton's Palace,Clam,Mega-Ether,1,remastered/lm15.ard/UK_lm15_ard19.evdl,2,60ED
Atlantica,Triton's Palace,Clam,Mega-Ether,1,remastered/lm15.ard/UK_lm15_ardc.evdl,1,6219
Atlantica,Triton's Palace,Clam,Mega-Ether,1,remastered/lm15.ard/UK_lm15_ardc.evdl,2,6221
Atlantica,Triton's Palace,Clam,Mega-Ether,1,remastered/lm15.ard/UK_lm15_ardd.evdl,1,6019
Atlantica,Triton's Palace,Clam,Mega-Ether,1,remastered/lm15.ard/UK_lm15_ardd.evdl,2,6021
Atlantica,Triton's Palace,Clam,Mega-Ether,1,remastered/lm15.ard/UK_lm15_arde.evdl,1,6019
Atlantica,Triton's Palace,Clam,Mega-Ether,1,remastered/lm15.ard/UK_lm15_arde.evdl,2,6021
Atlantica,Triton's Palace,Clam,Mega-Ether,1,remastered/lm15.ard/UK_lm15_ardf.evdl,1,6019
Atlantica,Triton's Palace,Clam,Mega-Ether,1,remastered/lm15.ard/UK_lm15_ardf.evdl,2,6021
Atlantica,Triton's Palace,Clam,Cottage,1,remastered/lm15.ard/UK_lm15_ard11.evdl,1,5131
Atlantica,Triton's Palace,Clam,Cottage,1,remastered/lm15.ard/UK_lm15_ard11.evdl,2,5139
Atlantica,Triton's Palace,Clam,Cottage,1,remastered/lm15.ard/UK_lm15_ard19.evdl,1,51FD
Atlantica,Triton's Palace,Clam,Cottage,1,remastered/lm15.ard/UK_lm15_ard19.evdl,2,5205
Atlantica,Triton's Palace,Clam,Cottage,1,remastered/lm15.ard/UK_lm15_ardc.evdl,1,5331
Atlantica,Triton's Palace,Clam,Cottage,1,remastered/lm15.ard/UK_lm15_ardc.evdl,2,5339
Atlantica,Triton's Palace,Clam,Cottage,1,remastered/lm15.ard/UK_lm15_ardd.evdl,1,5131
Atlantica,Triton's Palace,Clam,Cottage,1,remastered/lm15.ard/UK_lm15_ardd.evdl,2,5139
Atlantica,Triton's Palace,Clam,Cottage,1,remastered/lm15.ard/UK_lm15_arde.evdl,1,5131
Atlantica,Triton's Palace,Clam,Cottage,1,remastered/lm15.ard/UK_lm15_arde.evdl,2,5139
Atlantica,Triton's Palace,Clam,Cottage,1,remastered/lm15.ard/UK_lm15_ardf.evdl,1,5131
Atlantica,Triton's Palace,Clam,Cottage,1,remastered/lm15.ard/UK_lm15_ardf.evdl,2,5139
Atlantica,Triton's Palace,Clam,Elixir,1,remastered/lm15.ard/UK_lm15_ard11.evdl,1,58A5
Atlantica,Triton's Palace,Clam,Elixir,1,remastered/lm15.ard/UK_lm15_ard11.evdl,2,58AD
Atlantica,Triton's Palace,Clam,Elixir,1,remastered/lm15.ard/UK_lm15_ard19.evdl,1,5971
Atlantica,Triton's Palace,Clam,Elixir,1,remastered/lm15.ard/UK_lm15_ard19.evdl,2,5979
Atlantica,Triton's Palace,Clam,Elixir,1,remastered/lm15.ard/UK_lm15_ardc.evdl,1,5AA5
Atlantica,Triton's Palace,Clam,Elixir,1,remastered/lm15.ard/UK_lm15_ardc.evdl,2,5AAD
Atlantica,Triton's Palace,Clam,Elixir,1,remastered/lm15.ard/UK_lm15_ardd.evdl,1,58A5
Atlantica,Triton's Palace,Clam,Elixir,1,remastered/lm15.ard/UK_lm15_ardd.evdl,2,58AD
Atlantica,Triton's Palace,Clam,Elixir,1,remastered/lm15.ard/UK_lm15_arde.evdl,1,58A5
Atlantica,Triton's Palace,Clam,Elixir,1,remastered/lm15.ard/UK_lm15_arde.evdl,2,58AD
Atlantica,Triton's Palace,Clam,Elixir,1,remastered/lm15.ard/UK_lm15_ardf.evdl,1,58A5
Atlantica,Triton's Palace,Clam,Elixir,1,remastered/lm15.ard/UK_lm15_ardf.evdl,2,58AD
Atlantica,Triton's Palace,Thunder Clam,Mythril Shard,1,remastered/lm15.ard/UK_lm15_ard11.evdl,1,6869
Atlantica,Triton's Palace,Thunder Clam,Mythril Shard,1,remastered/lm15.ard/UK_lm15_ard11.evdl,2,6871
Atlantica,Triton's Palace,Thunder Clam,Mythril Shard,1,remastered/lm15.ard/UK_lm15_ard19.evdl,1,6935
Atlantica,Triton's Palace,Thunder Clam,Mythril Shard,1,remastered/lm15.ard/UK_lm15_ard19.evdl,2,693D
Atlantica,Triton's Palace,Thunder Clam,Mythril Shard,1,remastered/lm15.ard/UK_lm15_ardc.evdl,1,6A69
Atlantica,Triton's Palace,Thunder Clam,Mythril Shard,1,remastered/lm15.ard/UK_lm15_ardc.evdl,2,6A71
Atlantica,Triton's Palace,Thunder Clam,Mythril Shard,1,remastered/lm15.ard/UK_lm15_ardd.evdl,1,6869
Atlantica,Triton's Palace,Thunder Clam,Mythril Shard,1,remastered/lm15.ard/UK_lm15_ardd.evdl,2,6871
Atlantica,Triton's Palace,Thunder Clam,Mythril Shard,1,remastered/lm15.ard/UK_lm15_arde.evdl,1,6869
Atlantica,Triton's Palace,Thunder Clam,Mythril Shard,1,remastered/lm15.ard/UK_lm15_arde.evdl,2,6871
Atlantica,Triton's Palace,Thunder Clam,Mythril Shard,1,remastered/lm15.ard/UK_lm15_ardf.evdl,1,6869
Atlantica,Triton's Palace,Thunder Clam,Mythril Shard,1,remastered/lm15.ard/UK_lm15_ardf.evdl,2,6871
Atlantica,Triton's Palace,White Trinity,Orichalcum,1,remastered/lm15.ard/UK_lm15_ard11.evdl,1,7429
Atlantica,Triton's Palace,White Trinity,Orichalcum,1,remastered/lm15.ard/UK_lm15_ard11.evdl,2,746D
Atlantica,Triton's Palace,White Trinity,Orichalcum,1,remastered/lm15.ard/UK_lm15_ard11.evdl,3,7481
Atlantica,Triton's Palace,White Trinity,Orichalcum,1,remastered/lm15.ard/UK_lm15_ard11.evdl,1,7429
Atlantica,Triton's Palace,White Trinity,Orichalcum,1,remastered/lm15.ard/UK_lm15_ard11.evdl,2,746D
Atlantica,Triton's Palace,White Trinity,Orichalcum,1,remastered/lm15.ard/UK_lm15_ard11.evdl,3,7481
Atlantica,Triton's Palace,White Trinity,Orichalcum,1,remastered/lm15.ard/UK_lm15_ard19.evdl,1,74F5
Atlantica,Triton's Palace,White Trinity,Orichalcum,1,remastered/lm15.ard/UK_lm15_ard19.evdl,2,7539
Atlantica,Triton's Palace,White Trinity,Orichalcum,1,remastered/lm15.ard/UK_lm15_ard19.evdl,3,754D
Atlantica,Triton's Palace,White Trinity,Orichalcum,1,remastered/lm15.ard/UK_lm15_ardc.evdl,1,7629
Atlantica,Triton's Palace,White Trinity,Orichalcum,1,remastered/lm15.ard/UK_lm15_ardc.evdl,2,766D
Atlantica,Triton's Palace,White Trinity,Orichalcum,1,remastered/lm15.ard/UK_lm15_ardc.evdl,3,7681
Atlantica,Triton's Palace,White Trinity,Orichalcum,1,remastered/lm15.ard/UK_lm15_ardd.evdl,1,7429
Atlantica,Triton's Palace,White Trinity,Orichalcum,1,remastered/lm15.ard/UK_lm15_ardd.evdl,2,746D
Atlantica,Triton's Palace,White Trinity,Orichalcum,1,remastered/lm15.ard/UK_lm15_ardd.evdl,3,7481
Atlantica,Triton's Palace,White Trinity,Orichalcum,1,remastered/lm15.ard/UK_lm15_arde.evdl,1,7429
Atlantica,Triton's Palace,White Trinity,Orichalcum,1,remastered/lm15.ard/UK_lm15_arde.evdl,2,746D
Atlantica,Triton's Palace,White Trinity,Orichalcum,1,remastered/lm15.ard/UK_lm15_arde.evdl,3,7481
Atlantica,Triton's Palace,White Trinity,Orichalcum,1,remastered/lm15.ard/UK_lm15_ardf.evdl,1,7429
Atlantica,Triton's Palace,White Trinity,Orichalcum,1,remastered/lm15.ard/UK_lm15_ardf.evdl,2,746D
Atlantica,Triton's Palace,White Trinity,Orichalcum,1,remastered/lm15.ard/UK_lm15_ardf.evdl,3,7481
Atlantica,Ariel's Grotto,Chest,Mega-Potion,1,remastered/lm14.ard/UK_lm14_ard0.evdl,1,7A01
Atlantica,Ariel's Grotto,Chest,Mega-Potion,1,remastered/lm14.ard/UK_lm14_ard0.evdl,2,7A45
Atlantica,Ariel's Grotto,Chest,Mega-Potion,1,remastered/lm14.ard/UK_lm14_ard0.evdl,3,7A59
Atlantica,Ariel's Grotto,Chest,Mega-Potion,1,remastered/lm14.ard/UK_lm14_ard2.evdl,1,96AD
Atlantica,Ariel's Grotto,Chest,Mega-Potion,1,remastered/lm14.ard/UK_lm14_ard2.evdl,2,96F1
Atlantica,Ariel's Grotto,Chest,Mega-Potion,1,remastered/lm14.ard/UK_lm14_ard2.evdl,3,9705
Atlantica,Ariel's Grotto,Chest,Mega-Potion,1,remastered/lm14.ard/UK_lm14_ard3.evdl,1,8A91
Atlantica,Ariel's Grotto,Chest,Mega-Potion,1,remastered/lm14.ard/UK_lm14_ard3.evdl,2,8AD5
Atlantica,Ariel's Grotto,Chest,Mega-Potion,1,remastered/lm14.ard/UK_lm14_ard3.evdl,3,8AE9
Atlantica,Ariel's Grotto,Chest,Mega-Potion,1,remastered/lm14.ard/UK_lm14_ard11.evdl,1,63FD
Atlantica,Ariel's Grotto,Chest,Mega-Potion,1,remastered/lm14.ard/UK_lm14_ard11.evdl,2,6441
Atlantica,Ariel's Grotto,Chest,Mega-Potion,1,remastered/lm14.ard/UK_lm14_ard11.evdl,3,6455
Atlantica,Ariel's Grotto,Chest,Mega-Potion,1,remastered/lm14.ard/UK_lm14_ard19.evdl,1,5F0D
Atlantica,Ariel's Grotto,Chest,Mega-Potion,1,remastered/lm14.ard/UK_lm14_ard19.evdl,2,5F51
Atlantica,Ariel's Grotto,Chest,Mega-Potion,1,remastered/lm14.ard/UK_lm14_ard19.evdl,3,5F65
Atlantica,Ariel's Grotto,Chest,Mega-Potion,1,remastered/lm14.ard/UK_lm14_ardc.evdl,1,5ED9
Atlantica,Ariel's Grotto,Chest,Mega-Potion,1,remastered/lm14.ard/UK_lm14_ardc.evdl,2,5F1D
Atlantica,Ariel's Grotto,Chest,Mega-Potion,1,remastered/lm14.ard/UK_lm14_ardc.evdl,3,5F31
Atlantica,Ariel's Grotto,Chest,Mega-Potion,1,remastered/lm14.ard/UK_lm14a.ev,1,7A39
Atlantica,Ariel's Grotto,Chest,Mega-Potion,1,remastered/lm14.ard/UK_lm14a.ev,2,7A7D
Atlantica,Ariel's Grotto,Chest,Mega-Potion,1,remastered/lm14.ard/UK_lm14a.ev,3,7A91
Atlantica,Ariel's Grotto,Chest,Cottage,1,remastered/lm14.ard/UK_lm14_ard0.evdl,1,710D
Atlantica,Ariel's Grotto,Chest,Cottage,1,remastered/lm14.ard/UK_lm14_ard0.evdl,2,7151
Atlantica,Ariel's Grotto,Chest,Cottage,1,remastered/lm14.ard/UK_lm14_ard0.evdl,3,7165
Atlantica,Ariel's Grotto,Chest,Cottage,1,remastered/lm14.ard/UK_lm14_ard2.evdl,1,8DB9
Atlantica,Ariel's Grotto,Chest,Cottage,1,remastered/lm14.ard/UK_lm14_ard2.evdl,2,8DFD
Atlantica,Ariel's Grotto,Chest,Cottage,1,remastered/lm14.ard/UK_lm14_ard2.evdl,3,8E11
Atlantica,Ariel's Grotto,Chest,Cottage,1,remastered/lm14.ard/UK_lm14_ard3.evdl,1,819D
Atlantica,Ariel's Grotto,Chest,Cottage,1,remastered/lm14.ard/UK_lm14_ard3.evdl,2,81E1
Atlantica,Ariel's Grotto,Chest,Cottage,1,remastered/lm14.ard/UK_lm14_ard3.evdl,3,81F5
Atlantica,Ariel's Grotto,Chest,Cottage,1,remastered/lm14.ard/UK_lm14_ard11.evdl,1,5B09
Atlantica,Ariel's Grotto,Chest,Cottage,1,remastered/lm14.ard/UK_lm14_ard11.evdl,2,5B4D
Atlantica,Ariel's Grotto,Chest,Cottage,1,remastered/lm14.ard/UK_lm14_ard11.evdl,3,5B61
Atlantica,Ariel's Grotto,Chest,Cottage,1,remastered/lm14.ard/UK_lm14_ard19.evdl,1,5619
Atlantica,Ariel's Grotto,Chest,Cottage,1,remastered/lm14.ard/UK_lm14_ard19.evdl,2,565D
Atlantica,Ariel's Grotto,Chest,Cottage,1,remastered/lm14.ard/UK_lm14_ard19.evdl,3,5671
Atlantica,Ariel's Grotto,Chest,Cottage,1,remastered/lm14.ard/UK_lm14_ardc.evdl,1,55E5
Atlantica,Ariel's Grotto,Chest,Cottage,1,remastered/lm14.ard/UK_lm14_ardc.evdl,2,5629
Atlantica,Ariel's Grotto,Chest,Cottage,1,remastered/lm14.ard/UK_lm14_ardc.evdl,3,563D
Atlantica,Ariel's Grotto,Chest,Cottage,1,remastered/lm14.ard/UK_lm14a.ev,1,712D
Atlantica,Ariel's Grotto,Chest,Cottage,1,remastered/lm14.ard/UK_lm14a.ev,2,7171
Atlantica,Ariel's Grotto,Chest,Cottage,1,remastered/lm14.ard/UK_lm14a.ev,3,7185
Atlantica,Ariel's Grotto,Chest,Torn Page 1,1,remastered/lm14.ard/UK_lm14_ard0.evdl,1,6819
Atlantica,Ariel's Grotto,Chest,Torn Page 1,1,remastered/lm14.ard/UK_lm14_ard0.evdl,2,685D
Atlantica,Ariel's Grotto,Chest,Torn Page 1,1,remastered/lm14.ard/UK_lm14_ard0.evdl,3,6871
Atlantica,Ariel's Grotto,Chest,Torn Page 1,1,remastered/lm14.ard/UK_lm14_ard2.evdl,1,84C5
Atlantica,Ariel's Grotto,Chest,Torn Page 1,1,remastered/lm14.ard/UK_lm14_ard2.evdl,2,8509
Atlantica,Ariel's Grotto,Chest,Torn Page 1,1,remastered/lm14.ard/UK_lm14_ard2.evdl,3,851D
Atlantica,Ariel's Grotto,Chest,Torn Page 1,1,remastered/lm14.ard/UK_lm14_ard3.evdl,1,78A9
Atlantica,Ariel's Grotto,Chest,Torn Page 1,1,remastered/lm14.ard/UK_lm14_ard3.evdl,2,78ED
Atlantica,Ariel's Grotto,Chest,Torn Page 1,1,remastered/lm14.ard/UK_lm14_ard3.evdl,3,7901
Atlantica,Ariel's Grotto,Chest,Torn Page 1,1,remastered/lm14.ard/UK_lm14_ard11.evdl,1,5215
Atlantica,Ariel's Grotto,Chest,Torn Page 1,1,remastered/lm14.ard/UK_lm14_ard11.evdl,2,5259
Atlantica,Ariel's Grotto,Chest,Torn Page 1,1,remastered/lm14.ard/UK_lm14_ard11.evdl,3,526D
Atlantica,Ariel's Grotto,Chest,Torn Page 1,1,remastered/lm14.ard/UK_lm14_ard19.evdl,1,4D25
Atlantica,Ariel's Grotto,Chest,Torn Page 1,1,remastered/lm14.ard/UK_lm14_ard19.evdl,2,4D69
Atlantica,Ariel's Grotto,Chest,Torn Page 1,1,remastered/lm14.ard/UK_lm14_ard19.evdl,3,4D7D
Atlantica,Ariel's Grotto,Chest,Torn Page 1,1,remastered/lm14.ard/UK_lm14_ardc.evdl,1,4CF1
Atlantica,Ariel's Grotto,Chest,Torn Page 1,1,remastered/lm14.ard/UK_lm14_ardc.evdl,2,4D35
Atlantica,Ariel's Grotto,Chest,Torn Page 1,1,remastered/lm14.ard/UK_lm14_ardc.evdl,3,4D49
Atlantica,Ariel's Grotto,Chest,Torn Page 1,1,remastered/lm14.ard/UK_lm14a.ev,1,6821
Atlantica,Ariel's Grotto,Chest,Torn Page 1,1,remastered/lm14.ard/UK_lm14a.ev,2,6865
Atlantica,Ariel's Grotto,Chest,Torn Page 1,1,remastered/lm14.ard/UK_lm14a.ev,3,6879
Atlantica,Sunken Ship,Chest,Mythril Shard,1,remastered/lm07.ard/UK_lm07_ard0.evdl,1,64E1
Atlantica,Sunken Ship,Chest,Mythril Shard,1,remastered/lm07.ard/UK_lm07_ard0.evdl,2,6525
Atlantica,Sunken Ship,Chest,Mythril Shard,1,remastered/lm07.ard/UK_lm07_ard0.evdl,3,6539
Atlantica,Sunken Ship,Chest,Mythril Shard,1,remastered/lm07.ard/UK_lm07_ard2.evdl,1,6439
Atlantica,Sunken Ship,Chest,Mythril Shard,1,remastered/lm07.ard/UK_lm07_ard2.evdl,2,647D
Atlantica,Sunken Ship,Chest,Mythril Shard,1,remastered/lm07.ard/UK_lm07_ard2.evdl,3,6491
Atlantica,Sunken Ship,Chest,Mythril Shard,1,remastered/lm07.ard/UK_lm07_ard11.evdl,1,55D9
Atlantica,Sunken Ship,Chest,Mythril Shard,1,remastered/lm07.ard/UK_lm07_ard11.evdl,2,561D
Atlantica,Sunken Ship,Chest,Mythril Shard,1,remastered/lm07.ard/UK_lm07_ard11.evdl,3,5631
Atlantica,Sunken Ship,Chest,Mythril Shard,1,remastered/lm07.ard/UK_lm07_ard17.evdl,1,55D9
Atlantica,Sunken Ship,Chest,Mythril Shard,1,remastered/lm07.ard/UK_lm07_ard17.evdl,2,561D
Atlantica,Sunken Ship,Chest,Mythril Shard,1,remastered/lm07.ard/UK_lm07_ard17.evdl,3,5631
Atlantica,Sunken Ship,Chest,Mythril Shard,1,remastered/lm07.ard/UK_lm07_ard19.evdl,1,56B9
Atlantica,Sunken Ship,Chest,Mythril Shard,1,remastered/lm07.ard/UK_lm07_ard19.evdl,2,56FD
Atlantica,Sunken Ship,Chest,Mythril Shard,1,remastered/lm07.ard/UK_lm07_ard19.evdl,3,5711
Atlantica,Sunken Ship,Chest,Mythril Shard,1,remastered/lm07.ard/UK_lm07_ardc.evdl,1,560D
Atlantica,Sunken Ship,Chest,Mythril Shard,1,remastered/lm07.ard/UK_lm07_ardc.evdl,2,5651
Atlantica,Sunken Ship,Chest,Mythril Shard,1,remastered/lm07.ard/UK_lm07_ardc.evdl,3,5665
Atlantica,Sunken Ship,Chest,Mythril Shard,1,remastered/lm07.ard/UK_lm07_arde.evdl,1,5A1D
Atlantica,Sunken Ship,Chest,Mythril Shard,1,remastered/lm07.ard/UK_lm07_arde.evdl,2,5A61
Atlantica,Sunken Ship,Chest,Mythril Shard,1,remastered/lm07.ard/UK_lm07_arde.evdl,3,5A75
Atlantica,Sunken Ship,Chest,Mythril Shard,1,remastered/lm07.ard/UK_lm07_ardf.evdl,1,55D9
Atlantica,Sunken Ship,Chest,Mythril Shard,1,remastered/lm07.ard/UK_lm07_ardf.evdl,2,561D
Atlantica,Sunken Ship,Chest,Mythril Shard,1,remastered/lm07.ard/UK_lm07_ardf.evdl,3,5631
Atlantica,Sunken Ship,Chest,Elixir,1,remastered/lm07.ard/UK_lm07_ard0.evdl,1,5BED
Atlantica,Sunken Ship,Chest,Elixir,1,remastered/lm07.ard/UK_lm07_ard0.evdl,2,5C31
Atlantica,Sunken Ship,Chest,Elixir,1,remastered/lm07.ard/UK_lm07_ard0.evdl,3,5C45
Atlantica,Sunken Ship,Chest,Elixir,1,remastered/lm07.ard/UK_lm07_ard2.evdl,1,5B45
Atlantica,Sunken Ship,Chest,Elixir,1,remastered/lm07.ard/UK_lm07_ard2.evdl,2,5B89
Atlantica,Sunken Ship,Chest,Elixir,1,remastered/lm07.ard/UK_lm07_ard2.evdl,3,5B9D
Atlantica,Sunken Ship,Chest,Elixir,1,remastered/lm07.ard/UK_lm07_ard11.evdl,1,4CE5
Atlantica,Sunken Ship,Chest,Elixir,1,remastered/lm07.ard/UK_lm07_ard11.evdl,2,4D29
Atlantica,Sunken Ship,Chest,Elixir,1,remastered/lm07.ard/UK_lm07_ard11.evdl,3,4D3D
Atlantica,Sunken Ship,Chest,Elixir,1,remastered/lm07.ard/UK_lm07_ard17.evdl,1,4CE5
Atlantica,Sunken Ship,Chest,Elixir,1,remastered/lm07.ard/UK_lm07_ard17.evdl,2,4D29
Atlantica,Sunken Ship,Chest,Elixir,1,remastered/lm07.ard/UK_lm07_ard17.evdl,3,4D3D
Atlantica,Sunken Ship,Chest,Elixir,1,remastered/lm07.ard/UK_lm07_ard19.evdl,1,4DC5
Atlantica,Sunken Ship,Chest,Elixir,1,remastered/lm07.ard/UK_lm07_ard19.evdl,2,4E09
Atlantica,Sunken Ship,Chest,Elixir,1,remastered/lm07.ard/UK_lm07_ard19.evdl,3,4E1D
Atlantica,Sunken Ship,Chest,Elixir,1,remastered/lm07.ard/UK_lm07_ardc.evdl,1,4D19
Atlantica,Sunken Ship,Chest,Elixir,1,remastered/lm07.ard/UK_lm07_ardc.evdl,2,4D5D
Atlantica,Sunken Ship,Chest,Elixir,1,remastered/lm07.ard/UK_lm07_ardc.evdl,3,4D71
Atlantica,Sunken Ship,Chest,Elixir,1,remastered/lm07.ard/UK_lm07_arde.evdl,1,5129
Atlantica,Sunken Ship,Chest,Elixir,1,remastered/lm07.ard/UK_lm07_arde.evdl,2,516D
Atlantica,Sunken Ship,Chest,Elixir,1,remastered/lm07.ard/UK_lm07_arde.evdl,3,5181
Atlantica,Sunken Ship,Chest,Elixir,1,remastered/lm07.ard/UK_lm07_ardf.evdl,1,4CE5
Atlantica,Sunken Ship,Chest,Elixir,1,remastered/lm07.ard/UK_lm07_ardf.evdl,2,4D29
Atlantica,Sunken Ship,Chest,Elixir,1,remastered/lm07.ard/UK_lm07_ardf.evdl,3,4D3D
Atlantica,Below Deck,Chest,Crystal Trident,1,remastered/lm08.ard/UK_lm08_ard0.evdl,1,5549
Atlantica,Below Deck,Chest,Crystal Trident,1,remastered/lm08.ard/UK_lm08_ard0.evdl,2,5555
Atlantica,Below Deck,Chest,Mythril Shard,1,remastered/lm08.ard/UK_lm08_ard0.evdl,1,6A05
Atlantica,Below Deck,Chest,Mythril Shard,1,remastered/lm08.ard/UK_lm08_ard0.evdl,2,6A49
Atlantica,Below Deck,Chest,Mythril Shard,1,remastered/lm08.ard/UK_lm08_ard0.evdl,3,6A5D
Atlantica,Below Deck,Chest,Mythril Shard,1,remastered/lm08.ard/UK_lm08_ard11.evdl,1,59DD
Atlantica,Below Deck,Chest,Mythril Shard,1,remastered/lm08.ard/UK_lm08_ard11.evdl,2,5A21
Atlantica,Below Deck,Chest,Mythril Shard,1,remastered/lm08.ard/UK_lm08_ard11.evdl,3,5A35
Atlantica,Below Deck,Chest,Mythril Shard,1,remastered/lm08.ard/UK_lm08_ard13.evdl,1,59DD
Atlantica,Below Deck,Chest,Mythril Shard,1,remastered/lm08.ard/UK_lm08_ard13.evdl,2,5A21
Atlantica,Below Deck,Chest,Mythril Shard,1,remastered/lm08.ard/UK_lm08_ard13.evdl,3,5A35
Atlantica,Below Deck,Chest,Mythril Shard,1,remastered/lm08.ard/UK_lm08_ard17.evdl,1,59DD
Atlantica,Below Deck,Chest,Mythril Shard,1,remastered/lm08.ard/UK_lm08_ard17.evdl,2,5A21
Atlantica,Below Deck,Chest,Mythril Shard,1,remastered/lm08.ard/UK_lm08_ard17.evdl,3,5A35
Atlantica,Below Deck,Chest,Mythril Shard,1,remastered/lm08.ard/UK_lm08_ard19.evdl,1,5A99
Atlantica,Below Deck,Chest,Mythril Shard,1,remastered/lm08.ard/UK_lm08_ard19.evdl,2,5ADD
Atlantica,Below Deck,Chest,Mythril Shard,1,remastered/lm08.ard/UK_lm08_ard19.evdl,3,5AF1
Atlantica,Below Deck,Chest,Mythril Shard,1,remastered/lm08.ard/UK_lm08_ardc.evdl,1,5A65
Atlantica,Below Deck,Chest,Mythril Shard,1,remastered/lm08.ard/UK_lm08_ardc.evdl,2,5AA9
Atlantica,Below Deck,Chest,Mythril Shard,1,remastered/lm08.ard/UK_lm08_ardc.evdl,3,5ABD
Atlantica,Below Deck,Chest,Mythril Shard,1,remastered/lm08.ard/UK_lm08_arde.evdl,1,59DD
Atlantica,Below Deck,Chest,Mythril Shard,1,remastered/lm08.ard/UK_lm08_arde.evdl,2,5A21
Atlantica,Below Deck,Chest,Mythril Shard,1,remastered/lm08.ard/UK_lm08_arde.evdl,3,5A35
Atlantica,Below Deck,Chest,Mythril Shard,1,remastered/lm08.ard/UK_lm08_ardf.evdl,1,59DD
Atlantica,Below Deck,Chest,Mythril Shard,1,remastered/lm08.ard/UK_lm08_ardf.evdl,2,5A21
Atlantica,Below Deck,Chest,Mythril Shard,1,remastered/lm08.ard/UK_lm08_ardf.evdl,3,5A35
Atlantica,Below Deck,Clam,Mythril,1,remastered/lm08.ard/UK_lm08_ard0.evdl,1,60A9
Atlantica,Below Deck,Clam,Mythril,1,remastered/lm08.ard/UK_lm08_ard0.evdl,2,60B1
Atlantica,Below Deck,Clam,Mythril,1,remastered/lm08.ard/UK_lm08_ard11.evdl,1,5081
Atlantica,Below Deck,Clam,Mythril,1,remastered/lm08.ard/UK_lm08_ard11.evdl,2,5089
Atlantica,Below Deck,Clam,Mythril,1,remastered/lm08.ard/UK_lm08_ard13.evdl,1,5081
Atlantica,Below Deck,Clam,Mythril,1,remastered/lm08.ard/UK_lm08_ard13.evdl,2,5089
Atlantica,Below Deck,Clam,Mythril,1,remastered/lm08.ard/UK_lm08_ard17.evdl,1,5081
Atlantica,Below Deck,Clam,Mythril,1,remastered/lm08.ard/UK_lm08_ard17.evdl,2,5089
Atlantica,Below Deck,Clam,Mythril,1,remastered/lm08.ard/UK_lm08_ard19.evdl,1,513D
Atlantica,Below Deck,Clam,Mythril,1,remastered/lm08.ard/UK_lm08_ard19.evdl,2,5145
Atlantica,Below Deck,Clam,Mythril,1,remastered/lm08.ard/UK_lm08_ardc.evdl,1,5109
Atlantica,Below Deck,Clam,Mythril,1,remastered/lm08.ard/UK_lm08_ardc.evdl,2,5111
Atlantica,Below Deck,Clam,Mythril,1,remastered/lm08.ard/UK_lm08_arde.evdl,1,5081
Atlantica,Below Deck,Clam,Mythril,1,remastered/lm08.ard/UK_lm08_arde.evdl,2,5089
Atlantica,Below Deck,Clam,Mythril,1,remastered/lm08.ard/UK_lm08_ardf.evdl,1,5081
Atlantica,Below Deck,Clam,Mythril,1,remastered/lm08.ard/UK_lm08_ardf.evdl,2,5089
Atlantica,Cavern Nook,Clam,Mega-Ether,1,remastered/lm11.ard/UK_lm11_ard19.evdl,1,569D
Atlantica,Cavern Nook,Clam,Mega-Ether,1,remastered/lm11.ard/UK_lm11_ard19.evdl,2,56A5
Atlantica,Cavern Nook,Clam,Mega-Ether,1,remastered/lm11.ard/UK_lm11_ardc.evdl,1,5669
Atlantica,Cavern Nook,Clam,Mega-Ether,1,remastered/lm11.ard/UK_lm11_ardc.evdl,2,5671
Atlantica,Cavern Nook,Clam,Mega-Ether,1,remastered/lm11.ard/UK_lm11_ardf.evdl,1,55D1
Atlantica,Cavern Nook,Clam,Mega-Ether,1,remastered/lm11.ard/UK_lm11_ardf.evdl,2,55D9
Atlantica,Ursula's Lair,Urchin Chest,Mythril,1,remastered/lm13.ard/UK_lm13_ard0.evdl,1,6331
Atlantica,Ursula's Lair,Urchin Chest,Mythril,1,remastered/lm13.ard/UK_lm13_ard0.evdl,2,6375
Atlantica,Ursula's Lair,Urchin Chest,Mythril,1,remastered/lm13.ard/UK_lm13_ard0.evdl,3,6389
Atlantica,Ursula's Lair,Urchin Chest,Mythril,1,remastered/lm13.ard/UK_lm13_ard2.evdl,1,8F85
Atlantica,Ursula's Lair,Urchin Chest,Mythril,1,remastered/lm13.ard/UK_lm13_ard2.evdl,2,8FC9
Atlantica,Ursula's Lair,Urchin Chest,Mythril,1,remastered/lm13.ard/UK_lm13_ard2.evdl,3,8FDD
Atlantica,Ursula's Lair,Urchin Chest,Mythril,1,remastered/lm13.ard/UK_lm13_ard3.evdl,1,5291
Atlantica,Ursula's Lair,Urchin Chest,Mythril,1,remastered/lm13.ard/UK_lm13_ard3.evdl,2,52D5
Atlantica,Ursula's Lair,Urchin Chest,Mythril,1,remastered/lm13.ard/UK_lm13_ard3.evdl,3,52E9
Atlantica,Ursula's Lair,Urchin Chest,Mythril,1,remastered/lm13.ard/UK_lm13_ard17.evdl,1,514D
Atlantica,Ursula's Lair,Urchin Chest,Mythril,1,remastered/lm13.ard/UK_lm13_ard17.evdl,2,5191
Atlantica,Ursula's Lair,Urchin Chest,Mythril,1,remastered/lm13.ard/UK_lm13_ard17.evdl,3,51A5
Atlantica,Ursula's Lair,Urchin Chest,Mythril,1,remastered/lm13.ard/UK_lm13_ard19.evdl,1,51C1
Atlantica,Ursula's Lair,Urchin Chest,Mythril,1,remastered/lm13.ard/UK_lm13_ard19.evdl,2,5205
Atlantica,Ursula's Lair,Urchin Chest,Mythril,1,remastered/lm13.ard/UK_lm13_ard19.evdl,3,5219
Atlantica,Ursula's Lair,Urchin Chest,Mythril,1,remastered/lm13.ard/UK_lm13_ardc.evdl,1,5195
Atlantica,Ursula's Lair,Urchin Chest,Mythril,1,remastered/lm13.ard/UK_lm13_ardc.evdl,2,51D9
Atlantica,Ursula's Lair,Urchin Chest,Mythril,1,remastered/lm13.ard/UK_lm13_ardc.evdl,3,51ED
Atlantica,Triton's Throne,Defeat Ursula 2,Thunder,1,remastered/lm16.ard/UK_lm16e.ev,1,5BF1
Atlantica,Triton's Throne,Defeat Ursula 2,Thunder,1,remastered/lm16.ard/UK_lm16e.ev,2,5BFD
Atlantica,Triton's Throne,Defeat Ursula 2,Ansem's Report 3,1,remastered/lm16.ard/UK_lm16e.ev,1,5E45
Atlantica,Triton's Throne,Defeat Ursula 2,Ansem's Report 3,1,remastered/lm16.ard/UK_lm16e.ev,2,5E51
Hollow Bastion,Entrance Hall,Defeat Riku 1,White Trinity,1,remastered/pc05.ard/UK_pc05_ard0.evdl,1,B19D
Hollow Bastion,Entrance Hall,Defeat Riku 1,White Trinity,1,remastered/pc05.ard/UK_pc05_ard0.evdl,2,B1A9
Hollow Bastion,Entrance Hall,Defeat Riku 1,White Trinity,1,remastered/pc05.ard/UK_pc05_ard0.evdl,3,B1B5
Hollow Bastion,Library,Carousel Chest,Elixir,1,remastered/pc06.ard/UK_pc06_ard0.evdl,1,12211
Hollow Bastion,Library,Carousel Chest,Elixir,1,remastered/pc06.ard/UK_pc06_ard0.evdl,2,12255
Hollow Bastion,Library,Carousel Chest,Elixir,1,remastered/pc06.ard/UK_pc06_ard0.evdl,3,12269
Hollow Bastion,Library,Carousel Chest,Elixir,1,remastered/pc06.ard/UK_pc06_ard2.evdl,1,EC5D
Hollow Bastion,Library,Carousel Chest,Elixir,1,remastered/pc06.ard/UK_pc06_ard2.evdl,2,ECA1
Hollow Bastion,Library,Carousel Chest,Elixir,1,remastered/pc06.ard/UK_pc06_ard2.evdl,3,ECB5
Hollow Bastion,Library,Carousel Chest,Elixir,1,remastered/pc06.ard/UK_pc06_ard3.evdl,1,14CE5
Hollow Bastion,Library,Carousel Chest,Elixir,1,remastered/pc06.ard/UK_pc06_ard3.evdl,2,14D29
Hollow Bastion,Library,Carousel Chest,Elixir,1,remastered/pc06.ard/UK_pc06_ard3.evdl,3,14D3D
Hollow Bastion,Library,Carousel Chest,Elixir,1,remastered/pc06.ard/UK_pc06_ard19.evdl,1,A905
Hollow Bastion,Library,Carousel Chest,Elixir,1,remastered/pc06.ard/UK_pc06_ard19.evdl,2,A949
Hollow Bastion,Library,Carousel Chest,Elixir,1,remastered/pc06.ard/UK_pc06_ard19.evdl,3,A95D
Hollow Bastion,Library,Carousel Chest,Elixir,1,remastered/pc06.ard/UK_pc06_arda.evdl,1,EC89
Hollow Bastion,Library,Carousel Chest,Elixir,1,remastered/pc06.ard/UK_pc06_arda.evdl,2,ECCD
Hollow Bastion,Library,Carousel Chest,Elixir,1,remastered/pc06.ard/UK_pc06_arda.evdl,3,ECE1
Hollow Bastion,Library,Carousel Chest,Elixir,1,remastered/pc06.ard/UK_pc06_ardc.evdl,1,AA29
Hollow Bastion,Library,Carousel Chest,Elixir,1,remastered/pc06.ard/UK_pc06_ardc.evdl,2,AA6D
Hollow Bastion,Library,Carousel Chest,Elixir,1,remastered/pc06.ard/UK_pc06_ardc.evdl,3,AA81
Hollow Bastion,Library,Carousel Chest,AP Up,1,remastered/pc06.ard/UK_pc06_ard0.evdl,1,1291D
Hollow Bastion,Library,Carousel Chest,AP Up,1,remastered/pc06.ard/UK_pc06_ard0.evdl,2,12961
Hollow Bastion,Library,Carousel Chest,AP Up,1,remastered/pc06.ard/UK_pc06_ard0.evdl,3,12975
Hollow Bastion,Library,Carousel Chest,AP Up,1,remastered/pc06.ard/UK_pc06_ard2.evdl,1,F369
Hollow Bastion,Library,Carousel Chest,AP Up,1,remastered/pc06.ard/UK_pc06_ard2.evdl,2,F3AD
Hollow Bastion,Library,Carousel Chest,AP Up,1,remastered/pc06.ard/UK_pc06_ard2.evdl,3,F3C1
Hollow Bastion,Library,Carousel Chest,AP Up,1,remastered/pc06.ard/UK_pc06_ard3.evdl,1,153F1
Hollow Bastion,Library,Carousel Chest,AP Up,1,remastered/pc06.ard/UK_pc06_ard3.evdl,2,15435
Hollow Bastion,Library,Carousel Chest,AP Up,1,remastered/pc06.ard/UK_pc06_ard3.evdl,3,15449
Hollow Bastion,Library,Carousel Chest,AP Up,1,remastered/pc06.ard/UK_pc06_ard19.evdl,1,B011
Hollow Bastion,Library,Carousel Chest,AP Up,1,remastered/pc06.ard/UK_pc06_ard19.evdl,2,B055
Hollow Bastion,Library,Carousel Chest,AP Up,1,remastered/pc06.ard/UK_pc06_ard19.evdl,3,B069
Hollow Bastion,Library,Carousel Chest,AP Up,1,remastered/pc06.ard/UK_pc06_arda.evdl,1,F395
Hollow Bastion,Library,Carousel Chest,AP Up,1,remastered/pc06.ard/UK_pc06_arda.evdl,2,F3D9
Hollow Bastion,Library,Carousel Chest,AP Up,1,remastered/pc06.ard/UK_pc06_arda.evdl,3,F3ED
Hollow Bastion,Library,Carousel Chest,AP Up,1,remastered/pc06.ard/UK_pc06_ardc.evdl,1,B135
Hollow Bastion,Library,Carousel Chest,AP Up,1,remastered/pc06.ard/UK_pc06_ardc.evdl,2,B179
Hollow Bastion,Library,Carousel Chest,AP Up,1,remastered/pc06.ard/UK_pc06_ardc.evdl,3,B18D
Hollow Bastion,Library,Carousel Chest,Mega-Potion,1,remastered/pc06.ard/UK_pc06_ard0.evdl,1,13735
Hollow Bastion,Library,Carousel Chest,Mega-Potion,1,remastered/pc06.ard/UK_pc06_ard0.evdl,2,13779
Hollow Bastion,Library,Carousel Chest,Mega-Potion,1,remastered/pc06.ard/UK_pc06_ard0.evdl,3,1378D
Hollow Bastion,Library,Carousel Chest,Mega-Potion,1,remastered/pc06.ard/UK_pc06_ard2.evdl,1,10181
Hollow Bastion,Library,Carousel Chest,Mega-Potion,1,remastered/pc06.ard/UK_pc06_ard2.evdl,2,101C5
Hollow Bastion,Library,Carousel Chest,Mega-Potion,1,remastered/pc06.ard/UK_pc06_ard2.evdl,3,101D9
Hollow Bastion,Library,Carousel Chest,Mega-Potion,1,remastered/pc06.ard/UK_pc06_ard3.evdl,1,16209
Hollow Bastion,Library,Carousel Chest,Mega-Potion,1,remastered/pc06.ard/UK_pc06_ard3.evdl,2,1624D
Hollow Bastion,Library,Carousel Chest,Mega-Potion,1,remastered/pc06.ard/UK_pc06_ard3.evdl,3,16261
Hollow Bastion,Library,Carousel Chest,Mega-Potion,1,remastered/pc06.ard/UK_pc06_ard19.evdl,1,BE29
Hollow Bastion,Library,Carousel Chest,Mega-Potion,1,remastered/pc06.ard/UK_pc06_ard19.evdl,2,BE6D
Hollow Bastion,Library,Carousel Chest,Mega-Potion,1,remastered/pc06.ard/UK_pc06_ard19.evdl,3,BE81
Hollow Bastion,Library,Carousel Chest,Mega-Potion,1,remastered/pc06.ard/UK_pc06_arda.evdl,1,101AD
Hollow Bastion,Library,Carousel Chest,Mega-Potion,1,remastered/pc06.ard/UK_pc06_arda.evdl,2,101F1
Hollow Bastion,Library,Carousel Chest,Mega-Potion,1,remastered/pc06.ard/UK_pc06_arda.evdl,3,10205
Hollow Bastion,Library,Carousel Chest,Mega-Potion,1,remastered/pc06.ard/UK_pc06_ardc.evdl,1,BF4D
Hollow Bastion,Library,Carousel Chest,Mega-Potion,1,remastered/pc06.ard/UK_pc06_ardc.evdl,2,BF91
Hollow Bastion,Library,Carousel Chest,Mega-Potion,1,remastered/pc06.ard/UK_pc06_ardc.evdl,3,BFA5
Hollow Bastion,Library,Carousel Chest,Mythril,1,remastered/pc06.ard/UK_pc06_ard0.evdl,1,13029
Hollow Bastion,Library,Carousel Chest,Mythril,1,remastered/pc06.ard/UK_pc06_ard0.evdl,2,1306D
Hollow Bastion,Library,Carousel Chest,Mythril,1,remastered/pc06.ard/UK_pc06_ard0.evdl,3,13081
Hollow Bastion,Library,Carousel Chest,Mythril,1,remastered/pc06.ard/UK_pc06_ard2.evdl,1,FA75
Hollow Bastion,Library,Carousel Chest,Mythril,1,remastered/pc06.ard/UK_pc06_ard2.evdl,2,FAB9
Hollow Bastion,Library,Carousel Chest,Mythril,1,remastered/pc06.ard/UK_pc06_ard2.evdl,3,FACD
Hollow Bastion,Library,Carousel Chest,Mythril,1,remastered/pc06.ard/UK_pc06_ard3.evdl,1,15AFD
Hollow Bastion,Library,Carousel Chest,Mythril,1,remastered/pc06.ard/UK_pc06_ard3.evdl,2,15B41
Hollow Bastion,Library,Carousel Chest,Mythril,1,remastered/pc06.ard/UK_pc06_ard3.evdl,3,15B55
Hollow Bastion,Library,Carousel Chest,Mythril,1,remastered/pc06.ard/UK_pc06_ard19.evdl,1,B71D
Hollow Bastion,Library,Carousel Chest,Mythril,1,remastered/pc06.ard/UK_pc06_ard19.evdl,2,B761
Hollow Bastion,Library,Carousel Chest,Mythril,1,remastered/pc06.ard/UK_pc06_ard19.evdl,3,B775
Hollow Bastion,Library,Carousel Chest,Mythril,1,remastered/pc06.ard/UK_pc06_arda.evdl,1,FAA1
Hollow Bastion,Library,Carousel Chest,Mythril,1,remastered/pc06.ard/UK_pc06_arda.evdl,2,FAE5
Hollow Bastion,Library,Carousel Chest,Mythril,1,remastered/pc06.ard/UK_pc06_arda.evdl,3,FAF9
Hollow Bastion,Library,Carousel Chest,Mythril,1,remastered/pc06.ard/UK_pc06_ardc.evdl,1,B841
Hollow Bastion,Library,Carousel Chest,Mythril,1,remastered/pc06.ard/UK_pc06_ardc.evdl,2,B885
Hollow Bastion,Library,Carousel Chest,Mythril,1,remastered/pc06.ard/UK_pc06_ardc.evdl,3,B899
Hollow Bastion,Entrance Hall,Flame,Emblem Piece,1,remastered/pc05.ard/UK_pc05_ard0.evdl,1,1389D
Hollow Bastion,Entrance Hall,Flame,Emblem Piece,1,remastered/pc05.ard/UK_pc05_ard0.evdl,2,138A9
Hollow Bastion,Entrance Hall,Flame,Emblem Piece,1,remastered/pc05.ard/UK_pc05_ard2.evdl,1,A8E1
Hollow Bastion,Entrance Hall,Flame,Emblem Piece,1,remastered/pc05.ard/UK_pc05_ard2.evdl,2,A8ED
Hollow Bastion,Entrance Hall,Flame,Emblem Piece,1,remastered/pc05.ard/UK_pc05_ard19.evdl,1,6589
Hollow Bastion,Entrance Hall,Flame,Emblem Piece,1,remastered/pc05.ard/UK_pc05_ard19.evdl,2,6595
Hollow Bastion,Entrance Hall,Flame,Emblem Piece,1,remastered/pc05.ard/UK_pc05_arda.evdl,1,13125
Hollow Bastion,Entrance Hall,Flame,Emblem Piece,1,remastered/pc05.ard/UK_pc05_arda.evdl,2,13131
Hollow Bastion,Entrance Hall,Flame,Emblem Piece,1,remastered/pc05.ard/UK_pc05_ardc.evdl,1,66AD
Hollow Bastion,Entrance Hall,Flame,Emblem Piece,1,remastered/pc05.ard/UK_pc05_ardc.evdl,2,66B9
Hollow Bastion,Entrance Hall,Flame,Emblem Piece,1,remastered/pc05.ard/UK_pc05_ardd.evdl,1,A8E1
Hollow Bastion,Entrance Hall,Flame,Emblem Piece,1,remastered/pc05.ard/UK_pc05_ardd.evdl,2,A8ED
Hollow Bastion,Entrance Hall,Flame,Emblem Piece,1,remastered/pc05.ard/UK_pc05_arde.evdl,1,A8E1
Hollow Bastion,Entrance Hall,Flame,Emblem Piece,1,remastered/pc05.ard/UK_pc05_arde.evdl,2,A8ED
Hollow Bastion,Entrance Hall,Chest,Emblem Piece,1,remastered/pc05.ard/UK_pc05_ard0.evdl,1,13D11
Hollow Bastion,Entrance Hall,Chest,Emblem Piece,1,remastered/pc05.ard/UK_pc05_ard0.evdl,2,13D1D
Hollow Bastion,Entrance Hall,Chest,Emblem Piece,1,remastered/pc05.ard/UK_pc05_ard2.evdl,1,AD55
Hollow Bastion,Entrance Hall,Chest,Emblem Piece,1,remastered/pc05.ard/UK_pc05_ard2.evdl,2,AD61
Hollow Bastion,Entrance Hall,Chest,Emblem Piece,1,remastered/pc05.ard/UK_pc05_ard19.evdl,1,69FD
Hollow Bastion,Entrance Hall,Chest,Emblem Piece,1,remastered/pc05.ard/UK_pc05_ard19.evdl,2,6A09
Hollow Bastion,Entrance Hall,Chest,Emblem Piece,1,remastered/pc05.ard/UK_pc05_arda.evdl,1,13599
Hollow Bastion,Entrance Hall,Chest,Emblem Piece,1,remastered/pc05.ard/UK_pc05_arda.evdl,2,135A5
Hollow Bastion,Entrance Hall,Chest,Emblem Piece,1,remastered/pc05.ard/UK_pc05_ardc.evdl,1,6B21
Hollow Bastion,Entrance Hall,Chest,Emblem Piece,1,remastered/pc05.ard/UK_pc05_ardc.evdl,2,6B2D
Hollow Bastion,Entrance Hall,Chest,Emblem Piece,1,remastered/pc05.ard/UK_pc05_ardd.evdl,1,AD55
Hollow Bastion,Entrance Hall,Chest,Emblem Piece,1,remastered/pc05.ard/UK_pc05_ardd.evdl,2,AD61
Hollow Bastion,Entrance Hall,Chest,Emblem Piece,1,remastered/pc05.ard/UK_pc05_arde.evdl,1,AD55
Hollow Bastion,Entrance Hall,Chest,Emblem Piece,1,remastered/pc05.ard/UK_pc05_arde.evdl,2,AD61
Hollow Bastion,Entrance Hall,Statue,Emblem Piece,1,remastered/pc05.ard/UK_pc05_ard0.evdl,1,140A9
Hollow Bastion,Entrance Hall,Statue,Emblem Piece,1,remastered/pc05.ard/UK_pc05_ard0.evdl,2,140B5
Hollow Bastion,Entrance Hall,Statue,Emblem Piece,1,remastered/pc05.ard/UK_pc05_ard2.evdl,1,B0ED
Hollow Bastion,Entrance Hall,Statue,Emblem Piece,1,remastered/pc05.ard/UK_pc05_ard2.evdl,2,B0F9
Hollow Bastion,Entrance Hall,Statue,Emblem Piece,1,remastered/pc05.ard/UK_pc05_ard19.evdl,1,6D95
Hollow Bastion,Entrance Hall,Statue,Emblem Piece,1,remastered/pc05.ard/UK_pc05_ard19.evdl,2,6DA1
Hollow Bastion,Entrance Hall,Statue,Emblem Piece,1,remastered/pc05.ard/UK_pc05_arda.evdl,1,13931
Hollow Bastion,Entrance Hall,Statue,Emblem Piece,1,remastered/pc05.ard/UK_pc05_arda.evdl,2,1393D
Hollow Bastion,Entrance Hall,Statue,Emblem Piece,1,remastered/pc05.ard/UK_pc05_ardc.evdl,1,6EB9
Hollow Bastion,Entrance Hall,Statue,Emblem Piece,1,remastered/pc05.ard/UK_pc05_ardc.evdl,2,6EC5
Hollow Bastion,Entrance Hall,Statue,Emblem Piece,1,remastered/pc05.ard/UK_pc05_ardd.evdl,1,B0ED
Hollow Bastion,Entrance Hall,Statue,Emblem Piece,1,remastered/pc05.ard/UK_pc05_ardd.evdl,2,B0F9
Hollow Bastion,Entrance Hall,Statue,Emblem Piece,1,remastered/pc05.ard/UK_pc05_arde.evdl,1,B0ED
Hollow Bastion,Entrance Hall,Statue,Emblem Piece,1,remastered/pc05.ard/UK_pc05_arde.evdl,2,B0F9
Hollow Bastion,Entrance Hall,Fountain,Emblem Piece,1,remastered/pc05.ard/UK_pc05_ard0.evdl,1,14509
Hollow Bastion,Entrance Hall,Fountain,Emblem Piece,1,remastered/pc05.ard/UK_pc05_ard0.evdl,2,14515
Hollow Bastion,Entrance Hall,Fountain,Emblem Piece,1,remastered/pc05.ard/UK_pc05_ard2.evdl,1,B54D
Hollow Bastion,Entrance Hall,Fountain,Emblem Piece,1,remastered/pc05.ard/UK_pc05_ard2.evdl,2,B559
Hollow Bastion,Entrance Hall,Fountain,Emblem Piece,1,remastered/pc05.ard/UK_pc05_ard19.evdl,1,71F5
Hollow Bastion,Entrance Hall,Fountain,Emblem Piece,1,remastered/pc05.ard/UK_pc05_ard19.evdl,2,7201
Hollow Bastion,Entrance Hall,Fountain,Emblem Piece,1,remastered/pc05.ard/UK_pc05_arda.evdl,1,13D91
Hollow Bastion,Entrance Hall,Fountain,Emblem Piece,1,remastered/pc05.ard/UK_pc05_arda.evdl,2,13D9D
Hollow Bastion,Entrance Hall,Fountain,Emblem Piece,1,remastered/pc05.ard/UK_pc05_ardc.evdl,1,7319
Hollow Bastion,Entrance Hall,Fountain,Emblem Piece,1,remastered/pc05.ard/UK_pc05_ardc.evdl,2,7325
Hollow Bastion,Entrance Hall,Fountain,Emblem Piece,1,remastered/pc05.ard/UK_pc05_ardd.evdl,1,B54D
Hollow Bastion,Entrance Hall,Fountain,Emblem Piece,1,remastered/pc05.ard/UK_pc05_ardd.evdl,2,B559
Hollow Bastion,Entrance Hall,Fountain,Emblem Piece,1,remastered/pc05.ard/UK_pc05_arde.evdl,1,B54D
Hollow Bastion,Entrance Hall,Fountain,Emblem Piece,1,remastered/pc05.ard/UK_pc05_arde.evdl,2,B559
Hollow Bastion,Castle Chapel,Defeat Maleficent 1,Ansem's Report 5,1,remastered/pc12.ard/UK_pc12_ard2.evdl,1,7901
Hollow Bastion,Castle Chapel,Defeat Maleficent 1,Ansem's Report 5,1,remastered/pc12.ard/UK_pc12_ard2.evdl,2,790D
Hollow Bastion,Castle Chapel,Speak to Princesses,Fire,1,remastered/pc12.ard/UK_pc12d.ev,1,6721
Hollow Bastion,Castle Chapel,Speak to Princesses,Fire,1,remastered/pc12.ard/UK_pc12d.ev,2,672D
Hollow Bastion,Castle Chapel,Speak to Princesses,Fire,1,remastered/pc12.ard/UK_pc12d.ev,3,6739
Hollow Bastion,Library,Speak with Aerith,Ansem's Report 2,1,remastered/pc06.ard/UK_pc06_ard3.evdl,1,81B5
Hollow Bastion,Library,Speak with Aerith,Ansem's Report 2,1,remastered/pc06.ard/UK_pc06_ard3.evdl,2,81C1
Hollow Bastion,Library,Speak with Aerith,Ansem's Report 4,1,remastered/pc06.ard/UK_pc06_ard3.evdl,1,8335
Hollow Bastion,Library,Speak with Aerith,Ansem's Report 4,1,remastered/pc06.ard/UK_pc06_ard3.evdl,2,8341
Hollow Bastion,Library,Speak with Aerith,Ansem's Report 6,1,remastered/pc06.ard/UK_pc06_ard3.evdl,1,84B5
Hollow Bastion,Library,Speak with Aerith,Ansem's Report 6,1,remastered/pc06.ard/UK_pc06_ard3.evdl,2,84C1
Hollow Bastion,Library,Speak with Aerith,Ansem's Report 10,1,remastered/pc06.ard/UK_pc06_ard3.evdl,1,8635
Hollow Bastion,Library,Speak with Aerith,Ansem's Report 10,1,remastered/pc06.ard/UK_pc06_ard3.evdl,2,8641
Hollow Bastion,Library,Speak with Aerith,Cure,1,remastered/pc06.ard/UK_pc06_ard3.evdl,1,A681
Hollow Bastion,Library,Speak with Aerith,Cure,1,remastered/pc06.ard/UK_pc06_ard3.evdl,2,A68D
Hollow Bastion,Library,Speak with Aerith,Cure,1,remastered/pc06.ard/UK_pc06_ard3.evdl,3,A699
Hollow Bastion,Castle Chapel,Defeat Unknown,Ansem's Report 13,1,pc13.ard,1,459E1
Hollow Bastion,Castle Chapel,Defeat Unknown,Ansem's Report 13,1,pc13.ard,2,459ED
Hollow Bastion,Castle Chapel,Defeat Unknown,Ansem's Report 13,1,pc13.ard,3,459F9
Traverse Town,Dalmatian House,Return 10 Puppies,Curaga-G,1,remastered/tw17.ard/UK_tw17_ard0.evdl,1,74F5
Traverse Town,Dalmatian House,Return 10 Puppies,Curaga-G,1,remastered/tw17.ard/UK_tw17_ard0.evdl,2,7501
Traverse Town,Dalmatian House,Return 10 Puppies,Curaga-G,1,remastered/tw17.ard/UK_tw17_ard0.evdl,3,750D
Traverse Town,Dalmatian House,Return 20 Puppies,Firaga-G,1,remastered/tw17.ard/UK_tw17_ard0.evdl,1,7611
Traverse Town,Dalmatian House,Return 20 Puppies,Firaga-G,1,remastered/tw17.ard/UK_tw17_ard0.evdl,2,761D
Traverse Town,Dalmatian House,Return 20 Puppies,Firaga-G,1,remastered/tw17.ard/UK_tw17_ard0.evdl,3,7629
Traverse Town,Dalmatian House,Return 30 Puppies,Thundara-G,1,remastered/tw17.ard/UK_tw17_ard0.evdl,1,772D
Traverse Town,Dalmatian House,Return 30 Puppies,Thundara-G,1,remastered/tw17.ard/UK_tw17_ard0.evdl,2,7739
Traverse Town,Dalmatian House,Return 30 Puppies,Thundara-G,1,remastered/tw17.ard/UK_tw17_ard0.evdl,3,7745
Traverse Town,Dalmatian House,Return 50 Puppies,Torn Page 5,1,remastered/tw17.ard/UK_tw17_ard0.evdl,1,7985
Traverse Town,Dalmatian House,Return 50 Puppies,Torn Page 5,1,remastered/tw17.ard/UK_tw17_ard0.evdl,2,7991
Traverse Town,Dalmatian House,Return 80 Puppies,Ultima-G,1,remastered/tw17.ard/UK_tw17_ard0.evdl,1,7E89
Traverse Town,Dalmatian House,Return 80 Puppies,Ultima-G,1,remastered/tw17.ard/UK_tw17_ard0.evdl,2,7E95
Traverse Town,Dalmatian House,Return 80 Puppies,Ultima-G,1,remastered/tw17.ard/UK_tw17_ard0.evdl,3,7EA1
Traverse Town,Dalmatian House,Return 99 Puppies,Aero,1,remastered/tw17.ard/UK_tw17_ard0.evdl,1,8209
Traverse Town,Dalmatian House,Return 99 Puppies,Aero,1,remastered/tw17.ard/UK_tw17_ard0.evdl,2,8215
Traverse Town,Dalmatian House,Return 99 Puppies,Aero,1,remastered/tw17.ard/UK_tw17_ard0.evdl,3,8221
Traverse Town,Dalmatian House,Return 99 Puppies,Complete Gummi Collection,1,remastered/tw17.ard/UK_tw17_ard0.evdl,1,8485
Traverse Town,Dalmatian House,Return 99 Puppies,Complete Gummi Collection,1,remastered/tw17.ard/UK_tw17_ard0.evdl,2,8491
Traverse Town,Dalmatian House,Return 99 Puppies,Complete Gummi Collection,1,remastered/tw17.ard/UK_tw17_ard0.evdl,3,849D
Traverse Town,2nd District,Defeat Opposite Armor,Aero,1,remastered/tw02.ard/UK_tw02_ard3.evdl,1,160D8
Traverse Town,2nd District,Defeat Opposite Armor,Aero,1,remastered/tw02.ard/UK_tw02_ard3.evdl,2,160E4
Traverse Town,2nd District,Defeat Opposite Armor,Aero,1,remastered/tw02.ard/UK_tw02_ard3.evdl,3,160F0
Traverse Town,2nd District,Defeat Opposite Armor,Navi-G Piece 3,1,remastered/tw02.ard/UK_tw02_ard3.evdl,1,176A6
Traverse Town,2nd District,Defeat Opposite Armor,Navi-G Piece 3,1,remastered/tw02.ard/UK_tw02_ard3.evdl,2,176B2
100 Acre Wood,Pooh's House,Strike Chimney,Mega-Ether,1,remastered/po02.ard/UK_po02_ard0.evdl,1,82C1
100 Acre Wood,Pooh's House,Strike Chimney,Mega-Ether,1,remastered/po02.ard/UK_po02_ard0.evdl,2,82CD
100 Acre Wood,Pooh's House,Strike Chimney,Mega-Ether,1,remastered/po02.ard/UK_po02_ard0.evdl,3,82D9
100 Acre Wood,Pooh's House,Strike Chimney,Mega-Ether,1,remastered/po02.ard/UK_po02_ard19.evdl,1,6D0D
100 Acre Wood,Pooh's House,Strike Chimney,Mega-Ether,1,remastered/po02.ard/UK_po02_ard19.evdl,2,6D19
100 Acre Wood,Pooh's House,Strike Chimney,Mega-Ether,1,remastered/po02.ard/UK_po02_ard19.evdl,3,6D25
100 Acre Wood,Pooh's House,Strike Chimney,Mega-Ether,1,remastered/po02.ard/UK_po02_ardc.evdl,1,6D21
100 Acre Wood,Pooh's House,Strike Chimney,Mega-Ether,1,remastered/po02.ard/UK_po02_ardc.evdl,2,6D2D
100 Acre Wood,Pooh's House,Strike Chimney,Mega-Ether,1,remastered/po02.ard/UK_po02_ardc.evdl,3,6D39
100 Acre Wood,Pooh's House,In Cabinet,Elixir,1,remastered/po02.ard/UK_po02_ard0.evdl,1,7F4D
100 Acre Wood,Pooh's House,In Cabinet,Elixir,1,remastered/po02.ard/UK_po02_ard0.evdl,2,7F59
100 Acre Wood,Pooh's House,In Cabinet,Elixir,1,remastered/po02.ard/UK_po02_ard19.evdl,1,6999
100 Acre Wood,Pooh's House,In Cabinet,Elixir,1,remastered/po02.ard/UK_po02_ard19.evdl,2,69A5
100 Acre Wood,Pooh's House,In Cabinet,Elixir,1,remastered/po02.ard/UK_po02_ardc.evdl,1,69AD
100 Acre Wood,Pooh's House,In Cabinet,Elixir,1,remastered/po02.ard/UK_po02_ardc.evdl,2,69B9
100 Acre Wood,100 Acre Wood,Convert Torn Page 3,Stop,1,remastered/po11.ard/UK_po11_ard0.evdl,1,7565
100 Acre Wood,100 Acre Wood,Convert Torn Page 3,Stop,1,remastered/po11.ard/UK_po11_ard0.evdl,2,7571
100 Acre Wood,100 Acre Wood,Convert Torn Page 3,Stop,1,remastered/po11.ard/UK_po11_ard0.evdl,3,757D
100 Acre Wood,Bouncing Spot,Inside Tree,Shield2-G,1,remastered/po08.ard/UK_po08a.ev,1,14201
100 Acre Wood,Bouncing Spot,Inside Tree,Shield2-G,1,remastered/po08.ard/UK_po08a.ev,2,1420D
100 Acre Wood,Bouncing Spot,Inside Log,Mythril,1,remastered/po08.ard/UK_po08a.ev,1,13E65
100 Acre Wood,Bouncing Spot,Inside Log,Mythril,1,remastered/po08.ard/UK_po08a.ev,2,13E71
100 Acre Wood,Bouncing Spot,Return Rare Nut 1,Power Up,1,remastered/po08.ard/UK_po08a.ev,1,F70D
100 Acre Wood,Bouncing Spot,Return Rare Nut 1,Power Up,1,remastered/po08.ard/UK_po08a.ev,2,F719
100 Acre Wood,Bouncing Spot,Return Rare Nut 2,Defense Up,1,remastered/po08.ard/UK_po08a.ev,1,F951
100 Acre Wood,Bouncing Spot,Return Rare Nut 2,Defense Up,1,remastered/po08.ard/UK_po08a.ev,2,F95D
100 Acre Wood,Bouncing Spot,Return Rare Nut 3,Mythril Shard,1,remastered/po08.ard/UK_po08a.ev,1,FB95
100 Acre Wood,Bouncing Spot,Return Rare Nut 3,Mythril Shard,1,remastered/po08.ard/UK_po08a.ev,2,FBA1
100 Acre Wood,Bouncing Spot,Return Rare Nut 4,AP Up,1,remastered/po08.ard/UK_po08a.ev,1,FDD9
100 Acre Wood,Bouncing Spot,Return Rare Nut 4,AP Up,1,remastered/po08.ard/UK_po08a.ev,2,FDE5
100 Acre Wood,Bouncing Spot,Return Rare Nut 5,Orichalcum,1,remastered/po08.ard/UK_po08a.ev,1,1000D
100 Acre Wood,Bouncing Spot,Return Rare Nut 5,Orichalcum,1,remastered/po08.ard/UK_po08a.ev,2,10019
Agrabah,Lamp Chamber,Defeat Jafar,Blizzard,1,remastered/al17.ard/UK_al17_ard3.evdl,1,3E51
Agrabah,Lamp Chamber,Defeat Jafar,Blizzard,1,remastered/al17.ard/UK_al17_ard3.evdl,2,3E5D
Agrabah,Lamp Chamber,Defeat Jafar,Blizzard,1,remastered/al17.ard/UK_al17_ard3.evdl,3,3E69
Agrabah,Cave:Core,Defeat Genie Jafar,Fire,1,remastered/al18.ard/UK_al18_ard0.evdl,1,2E59
Agrabah,Cave:Core,Defeat Genie Jafar,Fire,1,remastered/al18.ard/UK_al18_ard0.evdl,2,2E65
Agrabah,Cave:Core,Defeat Genie Jafar,Fire,1,remastered/al18.ard/UK_al18_ard0.evdl,3,2E71
Agrabah,Cave:Core,Defeat Genie Jafar,Ansem's Report 1,1,remastered/al18.ard/UK_al18_ard0.evdl,1,30BD
Agrabah,Cave:Core,Defeat Genie Jafar,Ansem's Report 1,1,remastered/al18.ard/UK_al18_ard0.evdl,2,30C9
Agrabah,Cave:Core,Defeat Genie Jafar,Ansem's Report 1,1,remastered/al18.ard/UK_al18_ard0.evdl,3,30D5
Agrabah,Aladdin's House,Defeat Genie Jafar,Genie,1,remastered/al19.ard/UK_al19_ard5.evdl,1,2DCD
Agrabah,Aladdin's House,Defeat Genie Jafar,Genie,1,remastered/al19.ard/UK_al19_ard5.evdl,2,2DD9
Agrabah,Aladdin's House,Defeat Genie Jafar,Genie,1,remastered/al19.ard/UK_al19_ard5.evdl,3,2DE5
Agrabah,Aladdin's House,Defeat Genie Jafar,Green Trinity,1,remastered/al19.ard/UK_al19_ard5.evdl,1,3145
Agrabah,Aladdin's House,Defeat Genie Jafar,Green Trinity,1,remastered/al19.ard/UK_al19_ard5.evdl,2,3151
Agrabah,Aladdin's House,Defeat Genie Jafar,Green Trinity,1,remastered/al19.ard/UK_al19_ard5.evdl,3,315D
Agrabah,Desert,Defeat Kurt Zisa,Ansem's Report 11,1,al01.ard,1,241A8A
Agrabah,Desert,Defeat Kurt Zisa,Ansem's Report 11,1,al01.ard,2,241A96
Neverland,Ship:Hold,Chest,Aero,1,remastered/pp03.ard/UK_pp03_ardd.evdl,1,340D
Neverland,Ship:Hold,Chest,Aero,1,remastered/pp03.ard/UK_pp03_ardd.evdl,2,3419
Neverland,Ship:Hold,Chest,Aero,1,remastered/pp03.ard/UK_pp03_ardd.evdl,3,3425
Neverland,Ship:Hold,Chest,Aero,1,remastered/pp03.ard/UK_pp03_ard0.evdl,1,335D
Neverland,Ship:Hold,Chest,Aero,1,remastered/pp03.ard/UK_pp03_ard0.evdl,2,3369
Neverland,Ship:Hold,Chest,Aero,1,remastered/pp03.ard/UK_pp03_ard0.evdl,3,3375
Neverland,Ship:Hold,Chest,Aero,1,remastered/pp03.ard/UK_pp03_ard11.evdl,1,335D
Neverland,Ship:Hold,Chest,Aero,1,remastered/pp03.ard/UK_pp03_ard11.evdl,2,3369
Neverland,Ship:Hold,Chest,Aero,1,remastered/pp03.ard/UK_pp03_ard11.evdl,3,3375
Neverland,Ship:Hold,Chest,Aero,1,remastered/pp03.ard/UK_pp03_ard19.evdl,1,1985
Neverland,Ship:Hold,Chest,Aero,1,remastered/pp03.ard/UK_pp03_ard19.evdl,2,1991
Neverland,Ship:Hold,Chest,Aero,1,remastered/pp03.ard/UK_pp03_ard19.evdl,3,199D
Neverland,Ship:Hold,Chest,Aero,1,remastered/pp03.ard/UK_pp03_ardc.evdl,1,3389
Neverland,Ship:Hold,Chest,Aero,1,remastered/pp03.ard/UK_pp03_ardc.evdl,2,3395
Neverland,Ship:Hold,Chest,Aero,1,remastered/pp03.ard/UK_pp03_ardc.evdl,3,33A1
Neverland,Ship:Hold,Chest,Aero,1,remastered/pp03.ard/UK_pp03_arde.evdl,1,335D
Neverland,Ship:Hold,Chest,Aero,1,remastered/pp03.ard/UK_pp03_arde.evdl,2,3369
Neverland,Ship:Hold,Chest,Aero,1,remastered/pp03.ard/UK_pp03_arde.evdl,3,3375
Halloween Town,Guillotine Square,Ring Jack's Doorbell 3 Times,Elixir,1,remastered/nm01.ard/UK_nm01_ard2.evdl,1,55E5
Halloween Town,Guillotine Square,Ring Jack's Doorbell 3 Times,Elixir,1,remastered/nm01.ard/UK_nm01_ard2.evdl,2,55F1
Halloween Town,Guillotine Square,Ring Jack's Doorbell 3 Times,Elixir,1,remastered/nm01.ard/UK_nm01_ard0.evdl,1,293D
Halloween Town,Guillotine Square,Ring Jack's Doorbell 3 Times,Elixir,1,remastered/nm01.ard/UK_nm01_ard0.evdl,2,2949
Halloween Town,Guillotine Square,Ring Jack's Doorbell 3 Times,Elixir,1,remastered/nm01.ard/UK_nm01_ard1.evdl,1,32C5
Halloween Town,Guillotine Square,Ring Jack's Doorbell 3 Times,Elixir,1,remastered/nm01.ard/UK_nm01_ard1.evdl,2,32D1
Halloween Town,Guillotine Square,Ring Jack's Doorbell 3 Times,Elixir,1,remastered/nm01.ard/UK_nm01_ard19.evdl,1,1841
Halloween Town,Guillotine Square,Ring Jack's Doorbell 3 Times,Elixir,1,remastered/nm01.ard/UK_nm01_ard19.evdl,2,184D
Halloween Town,Guillotine Square,Ring Jack's Doorbell 3 Times,Elixir,1,remastered/nm01.ard/UK_nm01_ardc.evdl,1,273D
Halloween Town,Guillotine Square,Ring Jack's Doorbell 3 Times,Elixir,1,remastered/nm01.ard/UK_nm01_ardc.evdl,2,2749
Halloween Town,Guillotine Square,Ring Jack's Doorbell 3 Times,Elixir,1,remastered/nm01.ard/UK_nm01_ardd.evdl,1,27AD
Halloween Town,Guillotine Square,Ring Jack's Doorbell 3 Times,Elixir,1,remastered/nm01.ard/UK_nm01_ardd.evdl,2,27B9
Halloween Town,Guillotine Square,Ring Jack's Doorbell 3 Times,Elixir,1,remastered/nm01.ard/UK_nm01_arde.evdl,1,293D
Halloween Town,Guillotine Square,Ring Jack's Doorbell 3 Times,Elixir,1,remastered/nm01.ard/UK_nm01_arde.evdl,2,2949
Halloween Town,Guillotine Square,Ring Jack's Doorbell 3 Times,Elixir,1,remastered/nm01.ard/UK_nm01_ardf.evdl,1,293D
Halloween Town,Guillotine Square,Ring Jack's Doorbell 3 Times,Elixir,1,remastered/nm01.ard/UK_nm01_ardf.evdl,2,2949
Halloween Town,Research Lab,Examine Shelf,Torn Page 4,1,remastered/nm11.ard/UK_nm11_ard0.evdl,1,6A45
Halloween Town,Research Lab,Examine Shelf,Torn Page 4,1,remastered/nm11.ard/UK_nm11_ard0.evdl,2,6A51
Halloween Town,Research Lab,Examine Shelf,Torn Page 4,1,remastered/nm11.ard/UK_nm11_ard2.evdl,1,C381
Halloween Town,Research Lab,Examine Shelf,Torn Page 4,1,remastered/nm11.ard/UK_nm11_ard2.evdl,2,C38D
Halloween Town,Research Lab,Examine Shelf,Torn Page 4,1,remastered/nm11.ard/UK_nm11_ard3.evdl,1,63E9
Halloween Town,Research Lab,Examine Shelf,Torn Page 4,1,remastered/nm11.ard/UK_nm11_ard3.evdl,2,63F5
Halloween Town,Research Lab,Examine Shelf,Torn Page 4,1,remastered/nm11.ard/UK_nm11_ard19.evdl,1,14B9
Halloween Town,Research Lab,Examine Shelf,Torn Page 4,1,remastered/nm11.ard/UK_nm11_ard19.evdl,2,14C5
Halloween Town,Research Lab,Examine Shelf,Torn Page 4,1,remastered/nm11.ard/UK_nm11_ardc.evdl,1,23B5
Halloween Town,Research Lab,Examine Shelf,Torn Page 4,1,remastered/nm11.ard/UK_nm11_ardc.evdl,2,23C1
Halloween Town,Graveyard,Defeat All Heartless,Forget-Me-Not,1,remastered/nm03.ard/UK_nm03_ard1.evdl,1,8BEE
Halloween Town,Graveyard,Defeat All Heartless,Forget-Me-Not,1,remastered/nm03.ard/UK_nm03_ard1.evdl,2,8BFA
Halloween Town ,Torture Chamber,Defeat Oogie Boogie 1,Ansem's Report 7,1,remastered/nm08.ard/UK_nm08_ard1.evdl,1,6021
Halloween Town ,Torture Chamber,Defeat Oogie Boogie 1,Ansem's Report 7,1,remastered/nm08.ard/UK_nm08_ard1.evdl,2,602D
Halloween Town ,Torture Chamber,Defeat Oogie Boogie 2,Gravity,1,remastered/nm09.ard/UK_nm09_ard1.evdl,1,5D15
Halloween Town ,Torture Chamber,Defeat Oogie Boogie 2,Gravity,1,remastered/nm09.ard/UK_nm09_ard1.evdl,2,5D21
Halloween Town ,Torture Chamber,Defeat Oogie Boogie 2,Gravity,1,remastered/nm09.ard/UK_nm09_ard1.evdl,3,5D2D
Neverland,Pirate Ship,Defeat Captain Hook,Ansem's Report 9,1,remastered/pp09.ard/UK_pp09_ard1.evdl,1,940D
Neverland,Pirate Ship,Defeat Captain Hook,Ansem's Report 9,1,remastered/pp09.ard/UK_pp09_ard1.evdl,2,9419
Neverland,Pirate Ship,Defeat Captain Hook,Ansem's Report 9,1,remastered/pp09.ard/UK_pp09_ard1.evdl,3,9425
Neverland,Pirate Ship,Encounter Captain Hook,Cure,1,remastered/pp09.ard/UK_pp09_ard1.evdl,1,872D
Neverland,Pirate Ship,Encounter Captain Hook,Cure,1,remastered/pp09.ard/UK_pp09_ard1.evdl,2,8739
Neverland,Pirate Ship,Encounter Captain Hook,Cure,1,remastered/pp09.ard/UK_pp09_ard1.evdl,3,8745
Neverland,Clock Tower,Seal Keyhole,Navi-G Piece 4,1,remastered/pp10.ard/UK_pp10_ard0.evdl,1,4FC5
Neverland,Clock Tower,Seal Keyhole,Navi-G Piece 4,1,remastered/pp10.ard/UK_pp10_ard0.evdl,2,4FD1
Neverland,Clock Tower,Seal Keyhole,Tinker Bell,1,remastered/pp10.ard/UK_pp10_ard0.evdl,1,5BE5
Neverland,Clock Tower,Seal Keyhole,Tinker Bell,1,remastered/pp10.ard/UK_pp10_ard0.evdl,2,5BF1
Neverland,Clock Tower,Defeat Phantom,Stop,1,remastered/pp10.ard/UK_pp10_ard1.evdl,1,2BF1
Neverland,Clock Tower,Defeat Phantom,Stop,1,remastered/pp10.ard/UK_pp10_ard1.evdl,2,2BFD
Neverland,Clock Tower,Open 1:00 Door,Orichalcum,1,remastered/pp10.ard/UK_pp10_ard0.evdl,1,A349
Neverland,Clock Tower,Open 1:00 Door,Orichalcum,1,remastered/pp10.ard/UK_pp10_ard0.evdl,2,A355
Neverland,Clock Tower,Open 1:00 Door,Orichalcum,1,remastered/pp10.ard/UK_pp10_ard1.evdl,1,499D
Neverland,Clock Tower,Open 1:00 Door,Orichalcum,1,remastered/pp10.ard/UK_pp10_ard1.evdl,2,49A9
Neverland,Clock Tower,Open 1:00 Door,Orichalcum,1,remastered/pp10.ard/UK_pp10_ard2.evdl,1,24C5
Neverland,Clock Tower,Open 1:00 Door,Orichalcum,1,remastered/pp10.ard/UK_pp10_ard2.evdl,2,24D1
Neverland,Clock Tower,Open 1:00 Door,Orichalcum,1,remastered/pp10.ard/UK_pp10_ard19.evdl,1,1F65
Neverland,Clock Tower,Open 1:00 Door,Orichalcum,1,remastered/pp10.ard/UK_pp10_ard19.evdl,2,1F71
Neverland,Clock Tower,Open 1:00 Door,Orichalcum,1,remastered/pp10.ard/UK_pp10_ardc.evdl,1,3975
Neverland,Clock Tower,Open 1:00 Door,Orichalcum,1,remastered/pp10.ard/UK_pp10_ardc.evdl,2,3981
Neverland,Clock Tower,Open 2:00 Door,Power Up,1,remastered/pp10.ard/UK_pp10_ard0.evdl,1,A849
Neverland,Clock Tower,Open 2:00 Door,Power Up,1,remastered/pp10.ard/UK_pp10_ard0.evdl,2,A855
Neverland,Clock Tower,Open 2:00 Door,Power Up,1,remastered/pp10.ard/UK_pp10_ard1.evdl,1,4E9D
Neverland,Clock Tower,Open 2:00 Door,Power Up,1,remastered/pp10.ard/UK_pp10_ard1.evdl,2,4EA9
Neverland,Clock Tower,Open 2:00 Door,Power Up,1,remastered/pp10.ard/UK_pp10_ard2.evdl,1,29C5
Neverland,Clock Tower,Open 2:00 Door,Power Up,1,remastered/pp10.ard/UK_pp10_ard2.evdl,2,29D1
Neverland,Clock Tower,Open 2:00 Door,Power Up,1,remastered/pp10.ard/UK_pp10_ard19.evdl,1,2465
Neverland,Clock Tower,Open 2:00 Door,Power Up,1,remastered/pp10.ard/UK_pp10_ard19.evdl,2,2471
Neverland,Clock Tower,Open 2:00 Door,Power Up,1,remastered/pp10.ard/UK_pp10_ardc.evdl,1,3E75
Neverland,Clock Tower,Open 2:00 Door,Power Up,1,remastered/pp10.ard/UK_pp10_ardc.evdl,2,3E81
Neverland,Clock Tower,Open 3:00 Door,Mythril Shard,1,remastered/pp10.ard/UK_pp10_ard0.evdl,1,AD49
Neverland,Clock Tower,Open 3:00 Door,Mythril Shard,1,remastered/pp10.ard/UK_pp10_ard0.evdl,2,AD55
Neverland,Clock Tower,Open 3:00 Door,Mythril Shard,1,remastered/pp10.ard/UK_pp10_ard1.evdl,1,539D
Neverland,Clock Tower,Open 3:00 Door,Mythril Shard,1,remastered/pp10.ard/UK_pp10_ard1.evdl,2,53A9
Neverland,Clock Tower,Open 3:00 Door,Mythril Shard,1,remastered/pp10.ard/UK_pp10_ard2.evdl,1,2EC5
Neverland,Clock Tower,Open 3:00 Door,Mythril Shard,1,remastered/pp10.ard/UK_pp10_ard2.evdl,2,2ED1
Neverland,Clock Tower,Open 3:00 Door,Mythril Shard,1,remastered/pp10.ard/UK_pp10_ard19.evdl,1,2965
Neverland,Clock Tower,Open 3:00 Door,Mythril Shard,1,remastered/pp10.ard/UK_pp10_ard19.evdl,2,2971
Neverland,Clock Tower,Open 3:00 Door,Mythril Shard,1,remastered/pp10.ard/UK_pp10_ardc.evdl,1,4375
Neverland,Clock Tower,Open 3:00 Door,Mythril Shard,1,remastered/pp10.ard/UK_pp10_ardc.evdl,2,4381
Neverland,Clock Tower,Open 4:00 Door,Power Up,1,remastered/pp10.ard/UK_pp10_ard0.evdl,1,B245
Neverland,Clock Tower,Open 4:00 Door,Power Up,1,remastered/pp10.ard/UK_pp10_ard0.evdl,2,B251
Neverland,Clock Tower,Open 4:00 Door,Power Up,1,remastered/pp10.ard/UK_pp10_ard1.evdl,1,5899
Neverland,Clock Tower,Open 4:00 Door,Power Up,1,remastered/pp10.ard/UK_pp10_ard1.evdl,2,58A5
Neverland,Clock Tower,Open 4:00 Door,Power Up,1,remastered/pp10.ard/UK_pp10_ard2.evdl,1,33C1
Neverland,Clock Tower,Open 4:00 Door,Power Up,1,remastered/pp10.ard/UK_pp10_ard2.evdl,2,33CD
Neverland,Clock Tower,Open 4:00 Door,Power Up,1,remastered/pp10.ard/UK_pp10_ard19.evdl,1,2E61
Neverland,Clock Tower,Open 4:00 Door,Power Up,1,remastered/pp10.ard/UK_pp10_ard19.evdl,2,2E6D
Neverland,Clock Tower,Open 4:00 Door,Power Up,1,remastered/pp10.ard/UK_pp10_ardc.evdl,1,4871
Neverland,Clock Tower,Open 4:00 Door,Power Up,1,remastered/pp10.ard/UK_pp10_ardc.evdl,2,487D
Neverland,Clock Tower,Open 5:00 Door,AP Up,1,remastered/pp10.ard/UK_pp10_ard0.evdl,1,B741
Neverland,Clock Tower,Open 5:00 Door,AP Up,1,remastered/pp10.ard/UK_pp10_ard0.evdl,2,B74D
Neverland,Clock Tower,Open 5:00 Door,AP Up,1,remastered/pp10.ard/UK_pp10_ard1.evdl,1,5D95
Neverland,Clock Tower,Open 5:00 Door,AP Up,1,remastered/pp10.ard/UK_pp10_ard1.evdl,2,5DA1
Neverland,Clock Tower,Open 5:00 Door,AP Up,1,remastered/pp10.ard/UK_pp10_ard2.evdl,1,38BD
Neverland,Clock Tower,Open 5:00 Door,AP Up,1,remastered/pp10.ard/UK_pp10_ard2.evdl,2,38C9
Neverland,Clock Tower,Open 5:00 Door,AP Up,1,remastered/pp10.ard/UK_pp10_ard19.evdl,1,335D
Neverland,Clock Tower,Open 5:00 Door,AP Up,1,remastered/pp10.ard/UK_pp10_ard19.evdl,2,3369
Neverland,Clock Tower,Open 5:00 Door,AP Up,1,remastered/pp10.ard/UK_pp10_ardc.evdl,1,4D6D
Neverland,Clock Tower,Open 5:00 Door,AP Up,1,remastered/pp10.ard/UK_pp10_ardc.evdl,2,4D79
Neverland,Clock Tower,Open 6:00 Door,Mythril,1,remastered/pp10.ard/UK_pp10_ard0.evdl,1,BC41
Neverland,Clock Tower,Open 6:00 Door,Mythril,1,remastered/pp10.ard/UK_pp10_ard0.evdl,2,BC4D
Neverland,Clock Tower,Open 6:00 Door,Mythril,1,remastered/pp10.ard/UK_pp10_ard1.evdl,1,6295
Neverland,Clock Tower,Open 6:00 Door,Mythril,1,remastered/pp10.ard/UK_pp10_ard1.evdl,2,62A1
Neverland,Clock Tower,Open 6:00 Door,Mythril,1,remastered/pp10.ard/UK_pp10_ard2.evdl,1,3DBD
Neverland,Clock Tower,Open 6:00 Door,Mythril,1,remastered/pp10.ard/UK_pp10_ard2.evdl,2,3DC9
Neverland,Clock Tower,Open 6:00 Door,Mythril,1,remastered/pp10.ard/UK_pp10_ard19.evdl,1,385D
Neverland,Clock Tower,Open 6:00 Door,Mythril,1,remastered/pp10.ard/UK_pp10_ard19.evdl,2,3869
Neverland,Clock Tower,Open 6:00 Door,Mythril,1,remastered/pp10.ard/UK_pp10_ardc.evdl,1,526D
Neverland,Clock Tower,Open 6:00 Door,Mythril,1,remastered/pp10.ard/UK_pp10_ardc.evdl,2,5279
Neverland,Clock Tower,Open 7:00 Door,AP Up,1,remastered/pp10.ard/UK_pp10_ard0.evdl,1,C141
Neverland,Clock Tower,Open 7:00 Door,AP Up,1,remastered/pp10.ard/UK_pp10_ard0.evdl,2,C14D
Neverland,Clock Tower,Open 7:00 Door,AP Up,1,remastered/pp10.ard/UK_pp10_ard1.evdl,1,6795
Neverland,Clock Tower,Open 7:00 Door,AP Up,1,remastered/pp10.ard/UK_pp10_ard1.evdl,2,67A1
Neverland,Clock Tower,Open 7:00 Door,AP Up,1,remastered/pp10.ard/UK_pp10_ard2.evdl,1,42BD
Neverland,Clock Tower,Open 7:00 Door,AP Up,1,remastered/pp10.ard/UK_pp10_ard2.evdl,2,42C9
Neverland,Clock Tower,Open 7:00 Door,AP Up,1,remastered/pp10.ard/UK_pp10_ard19.evdl,1,3D5D
Neverland,Clock Tower,Open 7:00 Door,AP Up,1,remastered/pp10.ard/UK_pp10_ard19.evdl,2,3D69
Neverland,Clock Tower,Open 7:00 Door,AP Up,1,remastered/pp10.ard/UK_pp10_ardc.evdl,1,576D
Neverland,Clock Tower,Open 7:00 Door,AP Up,1,remastered/pp10.ard/UK_pp10_ardc.evdl,2,5779
Neverland,Clock Tower,Open 8:00 Door,Defense Up,1,remastered/pp10.ard/UK_pp10_ard0.evdl,1,C641
Neverland,Clock Tower,Open 8:00 Door,Defense Up,1,remastered/pp10.ard/UK_pp10_ard0.evdl,2,C64D
Neverland,Clock Tower,Open 8:00 Door,Defense Up,1,remastered/pp10.ard/UK_pp10_ard1.evdl,1,6C95
Neverland,Clock Tower,Open 8:00 Door,Defense Up,1,remastered/pp10.ard/UK_pp10_ard1.evdl,2,6CA1
Neverland,Clock Tower,Open 8:00 Door,Defense Up,1,remastered/pp10.ard/UK_pp10_ard2.evdl,1,47BD
Neverland,Clock Tower,Open 8:00 Door,Defense Up,1,remastered/pp10.ard/UK_pp10_ard2.evdl,2,47C9
Neverland,Clock Tower,Open 8:00 Door,Defense Up,1,remastered/pp10.ard/UK_pp10_ard19.evdl,1,425D
Neverland,Clock Tower,Open 8:00 Door,Defense Up,1,remastered/pp10.ard/UK_pp10_ard19.evdl,2,4269
Neverland,Clock Tower,Open 8:00 Door,Defense Up,1,remastered/pp10.ard/UK_pp10_ardc.evdl,1,5C6D
Neverland,Clock Tower,Open 8:00 Door,Defense Up,1,remastered/pp10.ard/UK_pp10_ardc.evdl,2,5C79
Neverland,Clock Tower,Open 9:00 Door,Orichalcum,1,remastered/pp10.ard/UK_pp10_ard0.evdl,1,CB3D
Neverland,Clock Tower,Open 9:00 Door,Orichalcum,1,remastered/pp10.ard/UK_pp10_ard0.evdl,2,CB49
Neverland,Clock Tower,Open 9:00 Door,Orichalcum,1,remastered/pp10.ard/UK_pp10_ard1.evdl,1,7191
Neverland,Clock Tower,Open 9:00 Door,Orichalcum,1,remastered/pp10.ard/UK_pp10_ard1.evdl,2,719D
Neverland,Clock Tower,Open 9:00 Door,Orichalcum,1,remastered/pp10.ard/UK_pp10_ard2.evdl,1,4CB9
Neverland,Clock Tower,Open 9:00 Door,Orichalcum,1,remastered/pp10.ard/UK_pp10_ard2.evdl,2,4CC5
Neverland,Clock Tower,Open 9:00 Door,Orichalcum,1,remastered/pp10.ard/UK_pp10_ard19.evdl,1,4759
Neverland,Clock Tower,Open 9:00 Door,Orichalcum,1,remastered/pp10.ard/UK_pp10_ard19.evdl,2,4765
Neverland,Clock Tower,Open 9:00 Door,Orichalcum,1,remastered/pp10.ard/UK_pp10_ardc.evdl,1,6169
Neverland,Clock Tower,Open 9:00 Door,Orichalcum,1,remastered/pp10.ard/UK_pp10_ardc.evdl,2,6175
Neverland,Clock Tower,Open 10:00 Door,Defense Up,1,remastered/pp10.ard/UK_pp10_ard0.evdl,1,D039
Neverland,Clock Tower,Open 10:00 Door,Defense Up,1,remastered/pp10.ard/UK_pp10_ard0.evdl,2,D045
Neverland,Clock Tower,Open 10:00 Door,Defense Up,1,remastered/pp10.ard/UK_pp10_ard1.evdl,1,768D
Neverland,Clock Tower,Open 10:00 Door,Defense Up,1,remastered/pp10.ard/UK_pp10_ard1.evdl,2,7699
Neverland,Clock Tower,Open 10:00 Door,Defense Up,1,remastered/pp10.ard/UK_pp10_ard2.evdl,1,51B5
Neverland,Clock Tower,Open 10:00 Door,Defense Up,1,remastered/pp10.ard/UK_pp10_ard2.evdl,2,51C1
Neverland,Clock Tower,Open 10:00 Door,Defense Up,1,remastered/pp10.ard/UK_pp10_ard19.evdl,1,4C55
Neverland,Clock Tower,Open 10:00 Door,Defense Up,1,remastered/pp10.ard/UK_pp10_ard19.evdl,2,4C61
Neverland,Clock Tower,Open 10:00 Door,Defense Up,1,remastered/pp10.ard/UK_pp10_ardc.evdl,1,6665
Neverland,Clock Tower,Open 10:00 Door,Defense Up,1,remastered/pp10.ard/UK_pp10_ardc.evdl,2,6671
Neverland,Clock Tower,Open 11:00 Door,Mythril Shard,1,remastered/pp10.ard/UK_pp10_ard0.evdl,1,D535
Neverland,Clock Tower,Open 11:00 Door,Mythril Shard,1,remastered/pp10.ard/UK_pp10_ard0.evdl,2,D541
Neverland,Clock Tower,Open 11:00 Door,Mythril Shard,1,remastered/pp10.ard/UK_pp10_ard1.evdl,1,7B89
Neverland,Clock Tower,Open 11:00 Door,Mythril Shard,1,remastered/pp10.ard/UK_pp10_ard1.evdl,2,7B95
Neverland,Clock Tower,Open 11:00 Door,Mythril Shard,1,remastered/pp10.ard/UK_pp10_ard2.evdl,1,56B1
Neverland,Clock Tower,Open 11:00 Door,Mythril Shard,1,remastered/pp10.ard/UK_pp10_ard2.evdl,2,56BD
Neverland,Clock Tower,Open 11:00 Door,Mythril Shard,1,remastered/pp10.ard/UK_pp10_ard19.evdl,1,5151
Neverland,Clock Tower,Open 11:00 Door,Mythril Shard,1,remastered/pp10.ard/UK_pp10_ard19.evdl,2,515D
Neverland,Clock Tower,Open 11:00 Door,Mythril Shard,1,remastered/pp10.ard/UK_pp10_ardc.evdl,1,6B61
Neverland,Clock Tower,Open 11:00 Door,Mythril Shard,1,remastered/pp10.ard/UK_pp10_ardc.evdl,2,6B6D
Neverland,Clock Tower,Open 12:00 Door,Megalixir,1,remastered/pp10.ard/UK_pp10_ard0.evdl,1,DA31
Neverland,Clock Tower,Open 12:00 Door,Megalixir,1,remastered/pp10.ard/UK_pp10_ard0.evdl,2,DA3D
Neverland,Clock Tower,Open 12:00 Door,Megalixir,1,remastered/pp10.ard/UK_pp10_ard1.evdl,1,8085
Neverland,Clock Tower,Open 12:00 Door,Megalixir,1,remastered/pp10.ard/UK_pp10_ard1.evdl,2,8091
Neverland,Clock Tower,Open 12:00 Door,Megalixir,1,remastered/pp10.ard/UK_pp10_ard2.evdl,1,5BAD
Neverland,Clock Tower,Open 12:00 Door,Megalixir,1,remastered/pp10.ard/UK_pp10_ard2.evdl,2,5BB9
Neverland,Clock Tower,Open 12:00 Door,Megalixir,1,remastered/pp10.ard/UK_pp10_ard19.evdl,1,564D
Neverland,Clock Tower,Open 12:00 Door,Megalixir,1,remastered/pp10.ard/UK_pp10_ard19.evdl,2,5659
Neverland,Clock Tower,Open 12:00 Door,Megalixir,1,remastered/pp10.ard/UK_pp10_ardc.evdl,1,705D
Neverland,Clock Tower,Open 12:00 Door,Megalixir,1,remastered/pp10.ard/UK_pp10_ardc.evdl,2,7069
Wonderland,Bizarre Room,Read Book,Mythril Shard,1,remastered/aw03.ard/UK_aw03_ard0.evdl,1,936D
Wonderland,Bizarre Room,Read Book,Mythril Shard,1,remastered/aw03.ard/UK_aw03_ard0.evdl,2,9379
Wonderland,Bizarre Room,Read Book,Mythril Shard,1,remastered/aw03.ard/UK_aw03_ard2.evdl,1,7CC9
Wonderland,Bizarre Room,Read Book,Mythril Shard,1,remastered/aw03.ard/UK_aw03_ard2.evdl,2,7CD5
Wonderland,Bizarre Room,Read Book,Mythril Shard,1,remastered/aw03.ard/UK_aw03_ard19.evdl,1,487D
Wonderland,Bizarre Room,Read Book,Mythril Shard,1,remastered/aw03.ard/UK_aw03_ard19.evdl,2,4889
Wonderland,Bizarre Room,Read Book,Mythril Shard,1,remastered/aw03.ard/UK_aw03_ardc.evdl,1,7C3D
Wonderland,Bizarre Room,Read Book,Mythril Shard,1,remastered/aw03.ard/UK_aw03_ardc.evdl,2,7C49
Wonderland,Bizarre Room,Defeat Trickmaster,Blizzard,1,remastered/aw02.ard/UK_aw02_ard0.evdl,1,11198
Wonderland,Bizarre Room,Defeat Trickmaster,Blizzard,1,remastered/aw02.ard/UK_aw02_ard0.evdl,2,111A4
Wonderland,Bizarre Room,Defeat Trickmaster,Navi-G Piece 2,1,remastered/aw02.ard/UK_aw02_ard0.evdl,1,10E08
Wonderland,Bizarre Room,Defeat Trickmaster,Navi-G Piece 2,1,remastered/aw02.ard/UK_aw02_ard0.evdl,2,10E14
Monstro,Throat,Defeat Parasite Cage 2,Stop,1,remastered/pi03.ard/UK_pi03_ard2.evdl,1,5D39
Monstro,Throat,Defeat Parasite Cage 2,Stop,1,remastered/pi03.ard/UK_pi03_ard2.evdl,2,5D45
Monstro,Throat,Defeat Parasite Cage 2,Stop,1,remastered/pi03.ard/UK_pi03_ard2.evdl,3,5D51
Monstro,Throat,Defeat Parasite Cage 2,Stop,1,remastered/pi03.ard/UK_pi03_ard0.evdl,1,6E5D
Monstro,Throat,Defeat Parasite Cage 2,Stop,1,remastered/pi03.ard/UK_pi03_ard0.evdl,2,6E69
Monstro,Throat,Defeat Parasite Cage 2,Stop,1,remastered/pi03.ard/UK_pi03_ard0.evdl,3,6E75
End of the World,World Terminus: Atlantica,Chest,AP Up,1,remastered/ew22.ard/UK_ew22_ard19.evdl,1,1B65
End of the World,World Terminus: Atlantica,Chest,AP Up,1,remastered/ew22.ard/UK_ew22_ard19.evdl,2,1B0D
End of the World,World Terminus: Atlantica,Chest,AP Up,1,remastered/ew22.ard/UK_ew22_ard19.evdl,3,1B15
End of the World,World Terminus: Atlantica,Chest,AP Up,1,remastered/ew22.ard/UK_ew22_ardc.evdl,1,1E19
End of the World,World Terminus: Atlantica,Chest,AP Up,1,remastered/ew22.ard/UK_ew22_ardc.evdl,2,1E5D
End of the World,World Terminus: Atlantica,Chest,AP Up,1,remastered/ew22.ard/UK_ew22_ardc.evdl,3,1E71
End of the World,World Terminus: Atlantica,Chest,AP Up,1,remastered/ew22.ard/UK_ew22_ardc.evdl,1,1E19
End of the World,World Terminus: Atlantica,Chest,AP Up,1,remastered/ew22.ard/UK_ew22_ardc.evdl,2,1E5D
End of the World,World Terminus: Atlantica,Chest,AP Up,1,remastered/ew22.ard/UK_ew22_ardc.evdl,3,1E71
End of the World,World Terminus: Atlantica,Chest,AP Up,1,remastered/ew22.ard/UK_ew22_ardd.evdl,1,1B65
End of the World,World Terminus: Atlantica,Chest,AP Up,1,remastered/ew22.ard/UK_ew22_ardd.evdl,2,1BA9
End of the World,World Terminus: Atlantica,Chest,AP Up,1,remastered/ew22.ard/UK_ew22_ardd.evdl,3,1BBD
Olympus Coliseum,Lobby,Complete Hercules Cup Together,Yellow Trinity,1,remastered/he02.ard/UK_he02e.ev,1,7B8D
Olympus Coliseum,Lobby,Complete Hercules Cup Together,Yellow Trinity,1,remastered/he02.ard/UK_he02e.ev,2,7B99
Olympus Coliseum,Lobby,Complete Hercules Cup Together,Yellow Trinity,1,remastered/he02.ard/UK_he02e.ev,3,7BA5
Olympus Coliseum,Lobby,Complete Hercules Cup Together,Yellow Trinity,1,remastered/he02.ard/UK_he02e.ev,4,7E99
Olympus Coliseum,Lobby,Complete Hercules Cup Together,Yellow Trinity,1,remastered/he02.ard/UK_he02e.ev,5,7EA5
Olympus Coliseum,Lobby,Complete Hercules Cup Together,Yellow Trinity,1,remastered/he02.ard/UK_he02e.ev,6,7EB1
Olympus Coliseum,Lobby,Complete Hercules Cup Together,Yellow Trinity,1,remastered/he02.ard/UK_he02e.ev,7,81A5
Olympus Coliseum,Lobby,Complete Hercules Cup Together,Yellow Trinity,1,remastered/he02.ard/UK_he02e.ev,8,81B1
Olympus Coliseum,Lobby,Complete Hercules Cup Together,Yellow Trinity,1,remastered/he02.ard/UK_he02e.ev,9,81BD
100 Acre Wood,Pooh's House,Start Fire,Mythril,1,remastered/po01.ard/UK_po01_ard0.evdl,1,72B9
100 Acre Wood,Pooh's House,Start Fire,Mythril,1,remastered/po01.ard/UK_po01_ard0.evdl,2,72C5
100 Acre Wood,Pooh's House,Start Fire,Mythril,1,remastered/po01.ard/UK_po01_ard0.evdl,3,72D1
100 Acre Wood,Pooh's House,Start Fire,Mythril,1,remastered/po01.ard/UK_po01a.ev,1,72D1
100 Acre Wood,Pooh's House,Start Fire,Mythril,1,remastered/po01.ard/UK_po01a.ev,2,72DD
100 Acre Wood,Pooh's House,Start Fire,Mythril,1,remastered/po01.ard/UK_po01a.ev,3,72E9
100 Acre Wood,Pooh's House,Start Fire,Mythril,1,po01.ard,1,15E281
100 Acre Wood,Pooh's House,Start Fire,Mythril,1,po01.ard,2,15E28D
100 Acre Wood,Pooh's House,Start Fire,Mythril,1,po01.ard,3,15E299
Traverse Town,Geppetto's House,Enter House,Geppetto,1,remastered/tw13.ard/UK_tw13_ard0.evdl,1,CF22
Traverse Town,Geppetto's House,Enter House,Geppetto,1,remastered/tw13.ard/UK_tw13_ard0.evdl,2,CF2E
Traverse Town,Geppetto's House,Enter House,Geppetto,1,remastered/tw13.ard/UK_tw13_ard0.evdl,3,CF3A
Traverse Town,Geppetto's House,Talk to Geppetto 1,Cactaur,1,remastered/tw13.ard/UK_tw13_ard0.evdl,1,BC81
Traverse Town,Geppetto's House,Talk to Geppetto 1,Cactaur,1,remastered/tw13.ard/UK_tw13_ard0.evdl,2,BC8D
Traverse Town,Geppetto's House,Talk to Geppetto 1,Cactaur,1,remastered/tw13.ard/UK_tw13_ard0.evdl,3,BC99
Traverse Town,Geppetto's House,Talk to Geppetto 2,Yuffie,1,remastered/tw13.ard/UK_tw13_ard0.evdl,1,BDC9
Traverse Town,Geppetto's House,Talk to Geppetto 2,Yuffie,1,remastered/tw13.ard/UK_tw13_ard0.evdl,2,BDD5
Traverse Town,Geppetto's House,Talk to Geppetto 2,Yuffie,1,remastered/tw13.ard/UK_tw13_ard0.evdl,3,BDE1
Traverse Town,Geppetto's House,Talk to Geppetto 3,Aerith,1,remastered/tw13.ard/UK_tw13_ard0.evdl,1,BF11
Traverse Town,Geppetto's House,Talk to Geppetto 3,Aerith,1,remastered/tw13.ard/UK_tw13_ard0.evdl,2,BF1D
Traverse Town,Geppetto's House,Talk to Geppetto 3,Aerith,1,remastered/tw13.ard/UK_tw13_ard0.evdl,3,BF29
Traverse Town,Geppetto's House,Talk to Geppetto 4,Leon,1,remastered/tw13.ard/UK_tw13_ard0.evdl,1,C059
Traverse Town,Geppetto's House,Talk to Geppetto 4,Leon,1,remastered/tw13.ard/UK_tw13_ard0.evdl,2,C065
Traverse Town,Geppetto's House,Talk to Geppetto 4,Leon,1,remastered/tw13.ard/UK_tw13_ard0.evdl,3,C071
Traverse Town,Geppetto's House,Talk to Geppetto with All Summons,Hyperion,1,remastered/tw13.ard/UK_tw13_ard0.evdl,1,C1B1
Traverse Town,Geppetto's House,Talk to Geppetto with All Summons,Hyperion,1,remastered/tw13.ard/UK_tw13_ard0.evdl,2,C1BD
Traverse Town,Geppetto's House,Talk to Geppetto with All Summons,Hyperion,1,remastered/tw13.ard/UK_tw13_ard0.evdl,3,C1C9
Traverse Town,Geppetto's House,Talk to Pinocchio,Chocobo,1,remastered/tw13.ard/UK_tw13_ard0.evdl,1,B7F1
Traverse Town,Geppetto's House,Talk to Pinocchio,Chocobo,1,remastered/tw13.ard/UK_tw13_ard0.evdl,2,B7FD
Traverse Town,Geppetto's House,Talk to Pinocchio,Chocobo,1,remastered/tw13.ard/UK_tw13_ard0.evdl,3,B809
Traverse Town,Geppetto's House,Examine Shelf,Postcard,1,remastered/tw13.ard/UK_tw13_ard0.evdl,1,C8AD
Traverse Town,Geppetto's House,Examine Shelf,Postcard,1,remastered/tw13.ard/UK_tw13_ard0.evdl,2,C8B9
Traverse Town,Secret Waterway,Examine Sun Motif,Navi Gummi,1,remastered/tw23.ard/UK_tw23_ard3.evdl,1,12FD3
Traverse Town,Secret Waterway,Examine Sun Motif,Navi Gummi,1,remastered/tw23.ard/UK_tw23_ard3.evdl,2,12FDF
Traverse Town,Secret Waterway,Examine Sun Motif,Navi Gummi,1,remastered/tw23.ard/UK_tw23d.ev,1,106AB
Traverse Town,Secret Waterway,Examine Sun Motif,Navi Gummi,1,remastered/tw23.ard/UK_tw23d.ev,2,106B7
Destiny Islands,Seashore,Log on Riku's Island (Day 1),Log,1,remastered/di01.ard/UK_di01a.ev,1,13BE9
Destiny Islands,Seashore,Log on Riku's Island (Day 1),Log,1,remastered/di01.ard/UK_di01a.ev,2,13BF5
Destiny Islands,Seashore,Log Under Bridge (Day 1),Log,1,remastered/di01.ard/UK_di01a.ev,1,13E65
Destiny Islands,Seashore,Log Under Bridge (Day 1),Log,1,remastered/di01.ard/UK_di01a.ev,2,13E71
Destiny Islands,Seashore,Gather Cloth (Day 1),Cloth,1,remastered/di01.ard/UK_di01a.ev,1,140F1
Destiny Islands,Seashore,Gather Cloth (Day 1),Cloth,1,remastered/di01.ard/UK_di01a.ev,2,140FD
Destiny Islands,Seashore,Gather Coconut (Day 1),Coconut,1,remastered/di01.ard/UK_di01a.ev,1,17599
Destiny Islands,Seashore,Gather Coconut (Day 1),Coconut,1,remastered/di01.ard/UK_di01a.ev,2,175A5
Destiny Islands,Seashore,Gather Rope (Day 1),Rope,1,remastered/di01.ard/UK_di01a.ev,1,19499
Destiny Islands,Seashore,Gather Rope (Day 1),Rope,1,remastered/di01.ard/UK_di01a.ev,2,194A5
Destiny Islands,Seashore,Defeat Riku (Day 1),Potion,1,remastered/di01.ard/UK_di01a.ev,1,F45D
Destiny Islands,Seashore,Defeat Riku (Day 1),Potion,1,remastered/di01.ard/UK_di01a.ev,2,F469
Destiny Islands,Seashore,Defeat Trio (Day 1),Potion,1,remastered/di01.ard/UK_di01a.ev,1,114A9
Destiny Islands,Seashore,Defeat Trio (Day 1),Potion,1,remastered/di01.ard/UK_di01a.ev,2,114B5
Destiny Islands,Seashore,Brings Items to Kairi (Day 1),Hi-Potion,1,remastered/di01.ard/UK_di01a.ev,1,15089
Destiny Islands,Seashore,Brings Items to Kairi (Day 1),Hi-Potion,1,remastered/di01.ard/UK_di01a.ev,2,15095
Destiny Islands,Seashore,Capture Fish 3 (Day 2),Fish,1,remastered/di01.ard/UK_di01_ard2.evdl,1,FCC5
Destiny Islands,Seashore,Capture Fish 3 (Day 2),Fish,1,remastered/di01.ard/UK_di01_ard2.evdl,2,FCD1
Destiny Islands,Seashore,Capture Fish 1 (Day 2),Fish,1,remastered/di01.ard/UK_di01_ard2.evdl,1,F7B1
Destiny Islands,Seashore,Capture Fish 1 (Day 2),Fish,1,remastered/di01.ard/UK_di01_ard2.evdl,2,F7BD
Destiny Islands,Seashore,Capture Fish 2 (Day 2),Fish,1,remastered/di01.ard/UK_di01_ard2.evdl,1,FA39
Destiny Islands,Seashore,Capture Fish 2 (Day 2),Fish,1,remastered/di01.ard/UK_di01_ard2.evdl,2,FA45
Destiny Islands,Seashore,Gather Seagull Egg (Day 2),Seagull Egg,1,remastered/di01.ard/UK_di01_ard2.evdl,1,FF1D
Destiny Islands,Seashore,Gather Seagull Egg (Day 2),Seagull Egg,1,remastered/di01.ard/UK_di01_ard2.evdl,2,FF29
Destiny Islands,Seashore,Gather Coconut (Day 2),Coconut,1,remastered/di01.ard/UK_di01_ard2.evdl,1,1201D
Destiny Islands,Seashore,Gather Coconut (Day 2),Coconut,1,remastered/di01.ard/UK_di01_ard2.evdl,2,12029
Destiny Islands,Secret Place,Gather Mushroom (Day 2),Mushroom,1,remastered/di11.ard/UK_di11_ard0.evdl,1,8671
Destiny Islands,Secret Place,Gather Mushroom (Day 2),Mushroom,1,remastered/di11.ard/UK_di11_ard0.evdl,2,867D
Destiny Islands,Cove,Win Race Against Riku (Day 2),Pretty Stone,1,remastered/di03.ard/UK_di03a.ev,1,EB64
Destiny Islands,Cove,Win Race Against Riku (Day 2),Pretty Stone,1,remastered/di03.ard/UK_di03a.ev,2,EB70
Destiny Islands,Cove,Gather Mushroom Near Zip Line (Day 2),Mushroom,1,remastered/di03.ard/UK_di03a.ev,1,75DD
Destiny Islands,Cove,Gather Mushroom Near Zip Line (Day 2),Mushroom,1,remastered/di03.ard/UK_di03a.ev,2,75E9
Destiny Islands,Cove,Gather Mushroom in Small Cave (Day 2),Mushroom,1,remastered/di03.ard/UK_di03a.ev,1,7811
Destiny Islands,Cove,Gather Mushroom in Small Cave (Day 2),Mushroom,1,remastered/di03.ard/UK_di03a.ev,2,781D
Destiny Islands,Cove,Talk to Kairi (Day 2),Empty Bottle,1,remastered/di03.ard/UK_di03a.ev,1,184A9
Destiny Islands,Cove,Talk to Kairi (Day 2),Empty Bottle,1,remastered/di03.ard/UK_di03a.ev,2,184B5
Destiny Islands,Cove,Gather Drinking Water (Day 2),Drinking Water,1,remastered/di03.ard/UK_di03a.ev,1,18ECB
Destiny Islands,Cove,Gather Drinking Water (Day 2),Drinking Water,1,remastered/di03.ard/UK_di03a.ev,2,18ED7
Destiny Islands,Seashore,Gather Coconuts (Day 2),Coconut,1,remastered/di01.ard/UK_di01_ard2.evdl,1,1201D
Destiny Islands,Seashore,Gather Coconuts (Day 2),Coconut,1,remastered/di01.ard/UK_di01_ard2.evdl,2,12029
Destiny Islands,Seashore,Gather Rope (Day 1),Rope,1,remastered/di01.ard/UK_di01_ard2.evdl,1,13F1D
Destiny Islands,Seashore,Gather Rope (Day 1),Rope,1,remastered/di01.ard/UK_di01_ard2.evdl,2,13F29
Destiny Islands,Seashore,Gather Drinking Water (Day 2),Drinking Water,1,remastered/di01.ard/UK_di01_ard2.evdl,1,1663B
Destiny Islands,Seashore,Gather Drinking Water (Day 2),Drinking Water,1,remastered/di01.ard/UK_di01_ard2.evdl,2,16647
Destiny Islands,Cove,Gather Coconut (Day 2),Coconut,1,remastered/di03.ard/UK_di03a.ev,1,8FF5
Destiny Islands,Cove,Gather Coconut (Day 2),Coconut,1,remastered/di03.ard/UK_di03a.ev,2,9001
Destiny Islands,Cove,Gather Coconut (Day 2),Coconut,1,remastered/di03.ard/UK_di03a.ev,3,12A54
Destiny Islands,Cove,Gather Coconut (Day 2),Coconut,1,remastered/di03.ard/UK_di03a.ev,4,12A60
Destiny Islands,Cove,Kairi Reward (Day 2),Hi-Potion,1,remastered/di03.ard/UK_di03a.ev,1,17B2D
Destiny Islands,Cove,Kairi Reward (Day 2),Hi-Potion,1,remastered/di03.ard/UK_di03a.ev,2,17B39
