Enemy,File,Page,Offset,Field,Value (HEX),Value
Iago (Parrot),xa_al_1020.mdls,0,89D14,HP,00 00 00 00,0
Iago (Parrot),xa_al_1020.mdls,0,89D18,ATK Level,09 00 00 00,9
Iago (Parrot),xa_al_1020.mdls,0,89D1C,DEF Level,09 00 00 00,9
Iago (Parrot),xa_al_1020.mdls,0,89D20,Min Damage Taken,00 00 00 00,0
Iago (Parrot),xa_al_1020.mdls,0,89D24,Max Damage Taken,00 00 00 00,0
Iago (Parrot),xa_al_1020.mdls,0,89D28,MP Recovery On Hit,00 00 00 00,0
Iago (Parrot),xa_al_1020.mdls,0,89D2C,Knockback Weight,00 00 00 00,0
Iago (Parrot),xa_al_1020.mdls,0,89D30,EXP,00 00 00 00,0
Iago (Parrot),xa_al_1020.mdls,0,89D34,??? (+20),65 14 00 00,5221
Iago (Parrot),xa_al_1020.mdls,0,89D38,Outgoing Damage Multiplier,00 00 80 3F,1
Iago (Parrot),xa_al_1020.mdls,0,89D3C,Resist 00 Unknown,00 00 00 00,0
Iago (Parrot),xa_al_1020.mdls,0,89D40,Resist 01 Physical,00 00 00 00,0
Iago (Parrot),xa_al_1020.mdls,0,89D44,Resist 02 Fire,00 00 00 00,0
Iago (Parrot),xa_al_1020.mdls,0,89D48,Resist 03 Blizzard,00 00 00 00,0
Iago (Parrot),xa_al_1020.mdls,0,89D4C,Resist 04 Thunder,00 00 00 00,0
Iago (Parrot),xa_al_1020.mdls,0,89D50,Resist 05 Unknown,00 00 00 00,0
Iago (Parrot),xa_al_1020.mdls,0,89D54,Resist 06 Unknown,64 00 00 00,100
Iago (Parrot),xa_al_1020.mdls,0,89D58,Resist 07 Unknown,64 00 00 00,100
Iago (Parrot),xa_al_1020.mdls,0,89D5C,Resist 08 Percent HP,00 00 00 00,0
Iago (Parrot),xa_al_1020.mdls,0,89D60,Resist 09 Stop,00 00 00 00,0
Iago (Parrot),xa_al_1020.mdls,0,89D64,Resist 0A Stun,00 00 00 00,0
Iago (Parrot),xa_al_1020.mdls,0,89D68,Resist 0B Heal,64 00 00 00,100
Iago (Parrot),xa_al_1020.mdls,0,89D6C,Resist 0C Unknown,64 00 00 00,100
Iago (Parrot),xa_al_1020.mdls,0,89D70,Resist 0D Unknown,64 00 00 00,100
Iago (Parrot),xa_al_1020.mdls,0,89D74,Resist 0E Unknown,64 00 00 00,100
Iago (Parrot),xa_al_1020.mdls,0,89D78,Resist 0F Unknown,64 00 00 00,100
Iago (Parrot),xa_al_1020.mdls,0,89D7C,??? (+68),01 00 00 00,1
Dark Lamp (Jafar’s Lamp),xa_al_2010.mdls,0,40214,HP,00 00 00 00,0
Dark Lamp (Jafar’s Lamp),xa_al_2010.mdls,0,40218,ATK Level,09 00 00 00,9
Dark Lamp (Jafar’s Lamp),xa_al_2010.mdls,0,4021C,DEF Level,09 00 00 00,9
Dark Lamp (Jafar’s Lamp),xa_al_2010.mdls,0,40220,Min Damage Taken,02 00 00 00,2
Dark Lamp (Jafar’s Lamp),xa_al_2010.mdls,0,40224,Max Damage Taken,14 00 00 00,20
Dark Lamp (Jafar’s Lamp),xa_al_2010.mdls,0,40228,MP Recovery On Hit,1D 00 00 00,29
Dark Lamp (Jafar’s Lamp),xa_al_2010.mdls,0,4022C,Knockback Weight,00 00 00 00,0
Dark Lamp (Jafar’s Lamp),xa_al_2010.mdls,0,40230,EXP,00 00 00 00,0
Dark Lamp (Jafar’s Lamp),xa_al_2010.mdls,0,40234,??? (+20),00 00 00 00,0
Dark Lamp (Jafar’s Lamp),xa_al_2010.mdls,0,40238,Outgoing Damage Multiplier,00 00 80 3F,1
Dark Lamp (Jafar’s Lamp),xa_al_2010.mdls,0,4023C,Resist 00 Unknown,64 00 00 00,100
Dark Lamp (Jafar’s Lamp),xa_al_2010.mdls,0,40240,Resist 01 Physical,64 00 00 00,100
Dark Lamp (Jafar’s Lamp),xa_al_2010.mdls,0,40244,Resist 02 Fire,64 00 00 00,100
Dark Lamp (Jafar’s Lamp),xa_al_2010.mdls,0,40248,Resist 03 Blizzard,64 00 00 00,100
Dark Lamp (Jafar’s Lamp),xa_al_2010.mdls,0,4024C,Resist 04 Thunder,64 00 00 00,100
Dark Lamp (Jafar’s Lamp),xa_al_2010.mdls,0,40250,Resist 05 Unknown,64 00 00 00,100
Dark Lamp (Jafar’s Lamp),xa_al_2010.mdls,0,40254,Resist 06 Unknown,64 00 00 00,100
Dark Lamp (Jafar’s Lamp),xa_al_2010.mdls,0,40258,Resist 07 Unknown,64 00 00 00,100
Dark Lamp (Jafar’s Lamp),xa_al_2010.mdls,0,4025C,Resist 08 Percent HP,64 00 00 00,100
Dark Lamp (Jafar’s Lamp),xa_al_2010.mdls,0,40260,Resist 09 Stop,64 00 00 00,100
Dark Lamp (Jafar’s Lamp),xa_al_2010.mdls,0,40264,Resist 0A Stun,32 00 00 00,50
Dark Lamp (Jafar’s Lamp),xa_al_2010.mdls,0,40268,Resist 0B Heal,64 00 00 00,100
Dark Lamp (Jafar’s Lamp),xa_al_2010.mdls,0,4026C,Resist 0C Unknown,64 00 00 00,100
Dark Lamp (Jafar’s Lamp),xa_al_2010.mdls,0,40270,Resist 0D Unknown,64 00 00 00,100
Dark Lamp (Jafar’s Lamp),xa_al_2010.mdls,0,40274,Resist 0E Unknown,64 00 00 00,100
Dark Lamp (Jafar’s Lamp),xa_al_2010.mdls,0,40278,Resist 0F Unknown,64 00 00 00,100
Dark Lamp (Jafar’s Lamp),xa_al_2010.mdls,0,4027C,??? (+68),1C 03 00 00,796
Jafar,xa_al_3010.mdls,0,142094,HP,F4 01 00 00,500
Jafar,xa_al_3010.mdls,0,142098,ATK Level,09 00 00 00,9
Jafar,xa_al_3010.mdls,0,14209C,DEF Level,09 00 00 00,9
Jafar,xa_al_3010.mdls,0,1420A0,Min Damage Taken,02 00 00 00,2
Jafar,xa_al_3010.mdls,0,1420A4,Max Damage Taken,0F 00 00 00,15
Jafar,xa_al_3010.mdls,0,1420A8,MP Recovery On Hit,1B 00 00 00,27
Jafar,xa_al_3010.mdls,0,1420AC,Knockback Weight,00 00 00 3F,0.5
Jafar,xa_al_3010.mdls,0,1420B0,EXP,58 02 00 00,600
Jafar,xa_al_3010.mdls,0,1420B4,??? (+20),00 00 00 00,0
Jafar,xa_al_3010.mdls,0,1420B8,Outgoing Damage Multiplier,00 00 80 3F,1
Jafar,xa_al_3010.mdls,0,1420BC,Resist 00 Unknown,32 00 00 00,50
Jafar,xa_al_3010.mdls,0,1420C0,Resist 01 Physical,64 00 00 00,100
Jafar,xa_al_3010.mdls,0,1420C4,Resist 02 Fire,31 00 00 00,49
Jafar,xa_al_3010.mdls,0,1420C8,Resist 03 Blizzard,32 00 00 00,50
Jafar,xa_al_3010.mdls,0,1420CC,Resist 04 Thunder,64 00 00 00,100
Jafar,xa_al_3010.mdls,0,1420D0,Resist 05 Unknown,64 00 00 00,100
Jafar,xa_al_3010.mdls,0,1420D4,Resist 06 Unknown,64 00 00 00,100
Jafar,xa_al_3010.mdls,0,1420D8,Resist 07 Unknown,64 00 00 00,100
Jafar,xa_al_3010.mdls,0,1420DC,Resist 08 Percent HP,04 00 00 00,4
Jafar,xa_al_3010.mdls,0,1420E0,Resist 09 Stop,1E 00 00 00,30
Jafar,xa_al_3010.mdls,0,1420E4,Resist 0A Stun,32 00 00 00,50
Jafar,xa_al_3010.mdls,0,1420E8,Resist 0B Heal,64 00 00 00,100
Jafar,xa_al_3010.mdls,0,1420EC,Resist 0C Unknown,64 00 00 00,100
Jafar,xa_al_3010.mdls,0,1420F0,Resist 0D Unknown,64 00 00 00,100
Jafar,xa_al_3010.mdls,0,1420F4,Resist 0E Unknown,64 00 00 00,100
Jafar,xa_al_3010.mdls,0,1420F8,Resist 0F Unknown,64 00 00 00,100
Jafar,xa_al_3010.mdls,0,1420FC,??? (+68),00 00 00 00,0
Jafar Genie,xa_al_3020.mdls,0,147C94,HP,EE 02 00 00,750
Jafar Genie,xa_al_3020.mdls,0,147C98,ATK Level,09 00 00 00,9
Jafar Genie,xa_al_3020.mdls,0,147C9C,DEF Level,09 00 00 00,9
Jafar Genie,xa_al_3020.mdls,0,147CA0,Min Damage Taken,02 00 00 00,2
Jafar Genie,xa_al_3020.mdls,0,147CA4,Max Damage Taken,14 00 00 00,20
Jafar Genie,xa_al_3020.mdls,0,147CA8,MP Recovery On Hit,1D 00 00 00,29
Jafar Genie,xa_al_3020.mdls,0,147CAC,Knockback Weight,00 00 80 3F,1
Jafar Genie,xa_al_3020.mdls,0,147CB0,EXP,DA 02 00 00,730
Jafar Genie,xa_al_3020.mdls,0,147CB4,??? (+20),69 14 00 00,5225
Jafar Genie,xa_al_3020.mdls,0,147CB8,Outgoing Damage Multiplier,00 00 80 3F,1
Jafar Genie,xa_al_3020.mdls,0,147CBC,Resist 00 Unknown,32 00 00 00,50
Jafar Genie,xa_al_3020.mdls,0,147CC0,Resist 01 Physical,64 00 00 00,100
Jafar Genie,xa_al_3020.mdls,0,147CC4,Resist 02 Fire,00 00 00 00,0
Jafar Genie,xa_al_3020.mdls,0,147CC8,Resist 03 Blizzard,32 00 00 00,50
Jafar Genie,xa_al_3020.mdls,0,147CCC,Resist 04 Thunder,00 00 00 00,0
Jafar Genie,xa_al_3020.mdls,0,147CD0,Resist 05 Unknown,64 00 00 00,100
Jafar Genie,xa_al_3020.mdls,0,147CD4,Resist 06 Unknown,64 00 00 00,100
Jafar Genie,xa_al_3020.mdls,0,147CD8,Resist 07 Unknown,64 00 00 00,100
Jafar Genie,xa_al_3020.mdls,0,147CDC,Resist 08 Percent HP,04 00 00 00,4
Jafar Genie,xa_al_3020.mdls,0,147CE0,Resist 09 Stop,1E 00 00 00,30
Jafar Genie,xa_al_3020.mdls,0,147CE4,Resist 0A Stun,32 00 00 00,50
Jafar Genie,xa_al_3020.mdls,0,147CE8,Resist 0B Heal,64 00 00 00,100
Jafar Genie,xa_al_3020.mdls,0,147CEC,Resist 0C Unknown,64 00 00 00,100
Jafar Genie,xa_al_3020.mdls,0,147CF0,Resist 0D Unknown,64 00 00 00,100
Jafar Genie,xa_al_3020.mdls,0,147CF4,Resist 0E Unknown,64 00 00 00,100
Jafar Genie,xa_al_3020.mdls,0,147CF8,Resist 0F Unknown,64 00 00 00,100
Jafar Genie,xa_al_3020.mdls,0,147CFC,??? (+68),15 00 00 00,21
Pot Centipede (Piece 1),xa_al_3030.mdls,0,9B694,HP,F4 01 00 00,500
Pot Centipede (Piece 1),xa_al_3030.mdls,0,9B698,ATK Level,09 00 00 00,9
Pot Centipede (Piece 1),xa_al_3030.mdls,0,9B69C,DEF Level,09 00 00 00,9
Pot Centipede (Piece 1),xa_al_3030.mdls,0,9B6A0,Min Damage Taken,02 00 00 00,2
Pot Centipede (Piece 1),xa_al_3030.mdls,0,9B6A4,Max Damage Taken,14 00 00 00,20
Pot Centipede (Piece 1),xa_al_3030.mdls,0,9B6A8,MP Recovery On Hit,19 00 00 00,25
Pot Centipede (Piece 1),xa_al_3030.mdls,0,9B6AC,Knockback Weight,00 00 80 3F,1
Pot Centipede (Piece 1),xa_al_3030.mdls,0,9B6B0,EXP,FA 00 00 00,250
Pot Centipede (Piece 1),xa_al_3030.mdls,0,9B6B4,??? (+20),3D 14 00 00,5181
Pot Centipede (Piece 1),xa_al_3030.mdls,0,9B6B8,Outgoing Damage Multiplier,00 00 80 3F,1
Pot Centipede (Piece 1),xa_al_3030.mdls,0,9B6BC,Resist 00 Unknown,32 00 00 00,50
Pot Centipede (Piece 1),xa_al_3030.mdls,0,9B6C0,Resist 01 Physical,64 00 00 00,100
Pot Centipede (Piece 1),xa_al_3030.mdls,0,9B6C4,Resist 02 Fire,31 00 00 00,49
Pot Centipede (Piece 1),xa_al_3030.mdls,0,9B6C8,Resist 03 Blizzard,32 00 00 00,50
Pot Centipede (Piece 1),xa_al_3030.mdls,0,9B6CC,Resist 04 Thunder,64 00 00 00,100
Pot Centipede (Piece 1),xa_al_3030.mdls,0,9B6D0,Resist 05 Unknown,64 00 00 00,100
Pot Centipede (Piece 1),xa_al_3030.mdls,0,9B6D4,Resist 06 Unknown,64 00 00 00,100
Pot Centipede (Piece 1),xa_al_3030.mdls,0,9B6D8,Resist 07 Unknown,64 00 00 00,100
Pot Centipede (Piece 1),xa_al_3030.mdls,0,9B6DC,Resist 08 Percent HP,04 00 00 00,4
Pot Centipede (Piece 1),xa_al_3030.mdls,0,9B6E0,Resist 09 Stop,1E 00 00 00,30
Pot Centipede (Piece 1),xa_al_3030.mdls,0,9B6E4,Resist 0A Stun,32 00 00 00,50
Pot Centipede (Piece 1),xa_al_3030.mdls,0,9B6E8,Resist 0B Heal,64 00 00 00,100
Pot Centipede (Piece 1),xa_al_3030.mdls,0,9B6EC,Resist 0C Unknown,64 00 00 00,100
Pot Centipede (Piece 1),xa_al_3030.mdls,0,9B6F0,Resist 0D Unknown,64 00 00 00,100
Pot Centipede (Piece 1),xa_al_3030.mdls,0,9B6F4,Resist 0E Unknown,64 00 00 00,100
Pot Centipede (Piece 1),xa_al_3030.mdls,0,9B6F8,Resist 0F Unknown,64 00 00 00,100
Pot Centipede (Piece 1),xa_al_3030.mdls,0,9B6FC,??? (+68),00 00 00 00,0
Pot Centipede (Piece 2),xa_al_3040.mdls,0,51314,HP,00 00 00 00,0
Pot Centipede (Piece 2),xa_al_3040.mdls,0,51318,ATK Level,09 00 00 00,9
Pot Centipede (Piece 2),xa_al_3040.mdls,0,5131C,DEF Level,09 00 00 00,9
Pot Centipede (Piece 2),xa_al_3040.mdls,0,51320,Min Damage Taken,02 00 00 00,2
Pot Centipede (Piece 2),xa_al_3040.mdls,0,51324,Max Damage Taken,14 00 00 00,20
Pot Centipede (Piece 2),xa_al_3040.mdls,0,51328,MP Recovery On Hit,19 00 00 00,25
Pot Centipede (Piece 2),xa_al_3040.mdls,0,5132C,Knockback Weight,00 00 80 3F,1
Pot Centipede (Piece 2),xa_al_3040.mdls,0,51330,EXP,00 00 00 00,0
Pot Centipede (Piece 2),xa_al_3040.mdls,0,51334,??? (+20),41 14 00 00,5185
Pot Centipede (Piece 2),xa_al_3040.mdls,0,51338,Outgoing Damage Multiplier,00 00 80 3F,1
Pot Centipede (Piece 2),xa_al_3040.mdls,0,5133C,Resist 00 Unknown,32 00 00 00,50
Pot Centipede (Piece 2),xa_al_3040.mdls,0,51340,Resist 01 Physical,64 00 00 00,100
Pot Centipede (Piece 2),xa_al_3040.mdls,0,51344,Resist 02 Fire,31 00 00 00,49
Pot Centipede (Piece 2),xa_al_3040.mdls,0,51348,Resist 03 Blizzard,32 00 00 00,50
Pot Centipede (Piece 2),xa_al_3040.mdls,0,5134C,Resist 04 Thunder,64 00 00 00,100
Pot Centipede (Piece 2),xa_al_3040.mdls,0,51350,Resist 05 Unknown,64 00 00 00,100
Pot Centipede (Piece 2),xa_al_3040.mdls,0,51354,Resist 06 Unknown,64 00 00 00,100
Pot Centipede (Piece 2),xa_al_3040.mdls,0,51358,Resist 07 Unknown,64 00 00 00,100
Pot Centipede (Piece 2),xa_al_3040.mdls,0,5135C,Resist 08 Percent HP,04 00 00 00,4
Pot Centipede (Piece 2),xa_al_3040.mdls,0,51360,Resist 09 Stop,1E 00 00 00,30
Pot Centipede (Piece 2),xa_al_3040.mdls,0,51364,Resist 0A Stun,32 00 00 00,50
Pot Centipede (Piece 2),xa_al_3040.mdls,0,51368,Resist 0B Heal,64 00 00 00,100
Pot Centipede (Piece 2),xa_al_3040.mdls,0,5136C,Resist 0C Unknown,64 00 00 00,100
Pot Centipede (Piece 2),xa_al_3040.mdls,0,51370,Resist 0D Unknown,64 00 00 00,100
Pot Centipede (Piece 2),xa_al_3040.mdls,0,51374,Resist 0E Unknown,64 00 00 00,100
Pot Centipede (Piece 2),xa_al_3040.mdls,0,51378,Resist 0F Unknown,64 00 00 00,100
Pot Centipede (Piece 2),xa_al_3040.mdls,0,5137C,??? (+68),00 00 00 00,0
Kurt Zisa,xa_al_3050.mdls,0,2BC714,HP,DC 05 00 00,1500
Kurt Zisa,xa_al_3050.mdls,0,2BC718,ATK Level,13 00 00 00,19
Kurt Zisa,xa_al_3050.mdls,0,2BC71C,DEF Level,13 00 00 00,19
Kurt Zisa,xa_al_3050.mdls,0,2BC720,Min Damage Taken,04 00 00 00,4
Kurt Zisa,xa_al_3050.mdls,0,2BC724,Max Damage Taken,14 00 00 00,20
Kurt Zisa,xa_al_3050.mdls,0,2BC728,MP Recovery On Hit,40 00 00 00,64
Kurt Zisa,xa_al_3050.mdls,0,2BC72C,Knockback Weight,00 00 80 3F,1
Kurt Zisa,xa_al_3050.mdls,0,2BC730,EXP,10 27 00 00,10000
Kurt Zisa,xa_al_3050.mdls,0,2BC734,??? (+20),00 00 00 00,0
Kurt Zisa,xa_al_3050.mdls,0,2BC738,Outgoing Damage Multiplier,00 00 80 3F,1
Kurt Zisa,xa_al_3050.mdls,0,2BC73C,Resist 00 Unknown,32 00 00 00,50
Kurt Zisa,xa_al_3050.mdls,0,2BC740,Resist 01 Physical,64 00 00 00,100
Kurt Zisa,xa_al_3050.mdls,0,2BC744,Resist 02 Fire,31 00 00 00,49
Kurt Zisa,xa_al_3050.mdls,0,2BC748,Resist 03 Blizzard,32 00 00 00,50
Kurt Zisa,xa_al_3050.mdls,0,2BC74C,Resist 04 Thunder,64 00 00 00,100
Kurt Zisa,xa_al_3050.mdls,0,2BC750,Resist 05 Unknown,64 00 00 00,100
Kurt Zisa,xa_al_3050.mdls,0,2BC754,Resist 06 Unknown,64 00 00 00,100
Kurt Zisa,xa_al_3050.mdls,0,2BC758,Resist 07 Unknown,64 00 00 00,100
Kurt Zisa,xa_al_3050.mdls,0,2BC75C,Resist 08 Percent HP,02 00 00 00,2
Kurt Zisa,xa_al_3050.mdls,0,2BC760,Resist 09 Stop,00 00 00 00,0
Kurt Zisa,xa_al_3050.mdls,0,2BC764,Resist 0A Stun,32 00 00 00,50
Kurt Zisa,xa_al_3050.mdls,0,2BC768,Resist 0B Heal,64 00 00 00,100
Kurt Zisa,xa_al_3050.mdls,0,2BC76C,Resist 0C Unknown,64 00 00 00,100
Kurt Zisa,xa_al_3050.mdls,0,2BC770,Resist 0D Unknown,64 00 00 00,100
Kurt Zisa,xa_al_3050.mdls,0,2BC774,Resist 0E Unknown,64 00 00 00,100
Kurt Zisa,xa_al_3050.mdls,0,2BC778,Resist 0F Unknown,64 00 00 00,100
Kurt Zisa,xa_al_3050.mdls,0,2BC77C,??? (+68),00 02 00 00,512
Cave of Wonders Guardian (Tiger Head),xa_al_3060.mdls,0,108B94,HP,7C 01 00 00,380
Cave of Wonders Guardian (Tiger Head),xa_al_3060.mdls,0,108B98,ATK Level,09 00 00 00,9
Cave of Wonders Guardian (Tiger Head),xa_al_3060.mdls,0,108B9C,DEF Level,09 00 00 00,9
Cave of Wonders Guardian (Tiger Head),xa_al_3060.mdls,0,108BA0,Min Damage Taken,02 00 00 00,2
Cave of Wonders Guardian (Tiger Head),xa_al_3060.mdls,0,108BA4,Max Damage Taken,0F 00 00 00,15
Cave of Wonders Guardian (Tiger Head),xa_al_3060.mdls,0,108BA8,MP Recovery On Hit,1A 00 00 00,26
Cave of Wonders Guardian (Tiger Head),xa_al_3060.mdls,0,108BAC,Knockback Weight,00 00 00 00,0
Cave of Wonders Guardian (Tiger Head),xa_al_3060.mdls,0,108BB0,EXP,90 01 00 00,400
Cave of Wonders Guardian (Tiger Head),xa_al_3060.mdls,0,108BB4,??? (+20),00 00 00 00,0
Cave of Wonders Guardian (Tiger Head),xa_al_3060.mdls,0,108BB8,Outgoing Damage Multiplier,00 00 80 3F,1
Cave of Wonders Guardian (Tiger Head),xa_al_3060.mdls,0,108BBC,Resist 00 Unknown,32 00 00 00,50
Cave of Wonders Guardian (Tiger Head),xa_al_3060.mdls,0,108BC0,Resist 01 Physical,64 00 00 00,100
Cave of Wonders Guardian (Tiger Head),xa_al_3060.mdls,0,108BC4,Resist 02 Fire,31 00 00 00,49
Cave of Wonders Guardian (Tiger Head),xa_al_3060.mdls,0,108BC8,Resist 03 Blizzard,32 00 00 00,50
Cave of Wonders Guardian (Tiger Head),xa_al_3060.mdls,0,108BCC,Resist 04 Thunder,64 00 00 00,100
Cave of Wonders Guardian (Tiger Head),xa_al_3060.mdls,0,108BD0,Resist 05 Unknown,64 00 00 00,100
Cave of Wonders Guardian (Tiger Head),xa_al_3060.mdls,0,108BD4,Resist 06 Unknown,64 00 00 00,100
Cave of Wonders Guardian (Tiger Head),xa_al_3060.mdls,0,108BD8,Resist 07 Unknown,64 00 00 00,100
Cave of Wonders Guardian (Tiger Head),xa_al_3060.mdls,0,108BDC,Resist 08 Percent HP,04 00 00 00,4
Cave of Wonders Guardian (Tiger Head),xa_al_3060.mdls,0,108BE0,Resist 09 Stop,1E 00 00 00,30
Cave of Wonders Guardian (Tiger Head),xa_al_3060.mdls,0,108BE4,Resist 0A Stun,32 00 00 00,50
Cave of Wonders Guardian (Tiger Head),xa_al_3060.mdls,0,108BE8,Resist 0B Heal,64 00 00 00,100
Cave of Wonders Guardian (Tiger Head),xa_al_3060.mdls,0,108BEC,Resist 0C Unknown,64 00 00 00,100
Cave of Wonders Guardian (Tiger Head),xa_al_3060.mdls,0,108BF0,Resist 0D Unknown,64 00 00 00,100
Cave of Wonders Guardian (Tiger Head),xa_al_3060.mdls,0,108BF4,Resist 0E Unknown,64 00 00 00,100
Cave of Wonders Guardian (Tiger Head),xa_al_3060.mdls,0,108BF8,Resist 0F Unknown,64 00 00 00,100
Cave of Wonders Guardian (Tiger Head),xa_al_3060.mdls,0,108BFC,??? (+68),00 00 00 00,0
Queen of Hearts,xa_aw_1010.mdls,0,9B514,HP,0A 00 00 00,10
Queen of Hearts,xa_aw_1010.mdls,0,9B518,ATK Level,04 00 00 00,4
Queen of Hearts,xa_aw_1010.mdls,0,9B51C,DEF Level,04 00 00 00,4
Queen of Hearts,xa_aw_1010.mdls,0,9B520,Min Damage Taken,02 00 00 00,2
Queen of Hearts,xa_aw_1010.mdls,0,9B524,Max Damage Taken,14 00 00 00,20
Queen of Hearts,xa_aw_1010.mdls,0,9B528,MP Recovery On Hit,0D 00 00 00,13
Queen of Hearts,xa_aw_1010.mdls,0,9B52C,Knockback Weight,00 00 80 3F,1
Queen of Hearts,xa_aw_1010.mdls,0,9B530,EXP,64 00 00 00,100
Queen of Hearts,xa_aw_1010.mdls,0,9B534,??? (+20),00 00 00 00,0
Queen of Hearts,xa_aw_1010.mdls,0,9B538,Outgoing Damage Multiplier,00 00 80 3F,1
Queen of Hearts,xa_aw_1010.mdls,0,9B53C,Resist 00 Unknown,64 00 00 00,100
Queen of Hearts,xa_aw_1010.mdls,0,9B540,Resist 01 Physical,64 00 00 00,100
Queen of Hearts,xa_aw_1010.mdls,0,9B544,Resist 02 Fire,64 00 00 00,100
Queen of Hearts,xa_aw_1010.mdls,0,9B548,Resist 03 Blizzard,64 00 00 00,100
Queen of Hearts,xa_aw_1010.mdls,0,9B54C,Resist 04 Thunder,64 00 00 00,100
Queen of Hearts,xa_aw_1010.mdls,0,9B550,Resist 05 Unknown,64 00 00 00,100
Queen of Hearts,xa_aw_1010.mdls,0,9B554,Resist 06 Unknown,64 00 00 00,100
Queen of Hearts,xa_aw_1010.mdls,0,9B558,Resist 07 Unknown,64 00 00 00,100
Queen of Hearts,xa_aw_1010.mdls,0,9B55C,Resist 08 Percent HP,64 00 00 00,100
Queen of Hearts,xa_aw_1010.mdls,0,9B560,Resist 09 Stop,64 00 00 00,100
Queen of Hearts,xa_aw_1010.mdls,0,9B564,Resist 0A Stun,64 00 00 00,100
Queen of Hearts,xa_aw_1010.mdls,0,9B568,Resist 0B Heal,64 00 00 00,100
Queen of Hearts,xa_aw_1010.mdls,0,9B56C,Resist 0C Unknown,64 00 00 00,100
Queen of Hearts,xa_aw_1010.mdls,0,9B570,Resist 0D Unknown,64 00 00 00,100
Queen of Hearts,xa_aw_1010.mdls,0,9B574,Resist 0E Unknown,64 00 00 00,100
Queen of Hearts,xa_aw_1010.mdls,0,9B578,Resist 0F Unknown,64 00 00 00,100
Queen of Hearts,xa_aw_1010.mdls,0,9B57C,??? (+68),00 00 00 00,0
Ace of Spade Card,xa_aw_1030.mdls,0,4DA94,HP,2D 00 00 00,45
Ace of Spade Card,xa_aw_1030.mdls,0,4DA98,ATK Level,04 00 00 00,4
Ace of Spade Card,xa_aw_1030.mdls,0,4DA9C,DEF Level,04 00 00 00,4
Ace of Spade Card,xa_aw_1030.mdls,0,4DAA0,Min Damage Taken,02 00 00 00,2
Ace of Spade Card,xa_aw_1030.mdls,0,4DAA4,Max Damage Taken,64 00 00 00,100
Ace of Spade Card,xa_aw_1030.mdls,0,4DAA8,MP Recovery On Hit,0B 00 00 00,11
Ace of Spade Card,xa_aw_1030.mdls,0,4DAAC,Knockback Weight,00 00 80 3F,1
Ace of Spade Card,xa_aw_1030.mdls,0,4DAB0,EXP,00 00 00 00,0
Ace of Spade Card,xa_aw_1030.mdls,0,4DAB4,??? (+20),05 14 00 00,5125
Ace of Spade Card,xa_aw_1030.mdls,0,4DAB8,Outgoing Damage Multiplier,00 00 80 3F,1
Ace of Spade Card,xa_aw_1030.mdls,0,4DABC,Resist 00 Unknown,64 00 00 00,100
Ace of Spade Card,xa_aw_1030.mdls,0,4DAC0,Resist 01 Physical,64 00 00 00,100
Ace of Spade Card,xa_aw_1030.mdls,0,4DAC4,Resist 02 Fire,64 00 00 00,100
Ace of Spade Card,xa_aw_1030.mdls,0,4DAC8,Resist 03 Blizzard,64 00 00 00,100
Ace of Spade Card,xa_aw_1030.mdls,0,4DACC,Resist 04 Thunder,64 00 00 00,100
Ace of Spade Card,xa_aw_1030.mdls,0,4DAD0,Resist 05 Unknown,64 00 00 00,100
Ace of Spade Card,xa_aw_1030.mdls,0,4DAD4,Resist 06 Unknown,64 00 00 00,100
Ace of Spade Card,xa_aw_1030.mdls,0,4DAD8,Resist 07 Unknown,64 00 00 00,100
Ace of Spade Card,xa_aw_1030.mdls,0,4DADC,Resist 08 Percent HP,64 00 00 00,100
Ace of Spade Card,xa_aw_1030.mdls,0,4DAE0,Resist 09 Stop,64 00 00 00,100
Ace of Spade Card,xa_aw_1030.mdls,0,4DAE4,Resist 0A Stun,64 00 00 00,100
Ace of Spade Card,xa_aw_1030.mdls,0,4DAE8,Resist 0B Heal,64 00 00 00,100
Ace of Spade Card,xa_aw_1030.mdls,0,4DAEC,Resist 0C Unknown,64 00 00 00,100
Ace of Spade Card,xa_aw_1030.mdls,0,4DAF0,Resist 0D Unknown,64 00 00 00,100
Ace of Spade Card,xa_aw_1030.mdls,0,4DAF4,Resist 0E Unknown,64 00 00 00,100
Ace of Spade Card,xa_aw_1030.mdls,0,4DAF8,Resist 0F Unknown,64 00 00 00,100
Ace of Spade Card,xa_aw_1030.mdls,0,4DAFC,??? (+68),00 00 00 00,0
Ace of Hearts Card,xa_aw_1060.mdls,0,4D214,HP,3C 00 00 00,60
Ace of Hearts Card,xa_aw_1060.mdls,0,4D218,ATK Level,04 00 00 00,4
Ace of Hearts Card,xa_aw_1060.mdls,0,4D21C,DEF Level,04 00 00 00,4
Ace of Hearts Card,xa_aw_1060.mdls,0,4D220,Min Damage Taken,02 00 00 00,2
Ace of Hearts Card,xa_aw_1060.mdls,0,4D224,Max Damage Taken,64 00 00 00,100
Ace of Hearts Card,xa_aw_1060.mdls,0,4D228,MP Recovery On Hit,0B 00 00 00,11
Ace of Hearts Card,xa_aw_1060.mdls,0,4D22C,Knockback Weight,00 00 80 3F,1
Ace of Hearts Card,xa_aw_1060.mdls,0,4D230,EXP,00 00 00 00,0
Ace of Hearts Card,xa_aw_1060.mdls,0,4D234,??? (+20),09 14 00 00,5129
Ace of Hearts Card,xa_aw_1060.mdls,0,4D238,Outgoing Damage Multiplier,00 00 80 3F,1
Ace of Hearts Card,xa_aw_1060.mdls,0,4D23C,Resist 00 Unknown,64 00 00 00,100
Ace of Hearts Card,xa_aw_1060.mdls,0,4D240,Resist 01 Physical,64 00 00 00,100
Ace of Hearts Card,xa_aw_1060.mdls,0,4D244,Resist 02 Fire,64 00 00 00,100
Ace of Hearts Card,xa_aw_1060.mdls,0,4D248,Resist 03 Blizzard,64 00 00 00,100
Ace of Hearts Card,xa_aw_1060.mdls,0,4D24C,Resist 04 Thunder,64 00 00 00,100
Ace of Hearts Card,xa_aw_1060.mdls,0,4D250,Resist 05 Unknown,64 00 00 00,100
Ace of Hearts Card,xa_aw_1060.mdls,0,4D254,Resist 06 Unknown,64 00 00 00,100
Ace of Hearts Card,xa_aw_1060.mdls,0,4D258,Resist 07 Unknown,64 00 00 00,100
Ace of Hearts Card,xa_aw_1060.mdls,0,4D25C,Resist 08 Percent HP,64 00 00 00,100
Ace of Hearts Card,xa_aw_1060.mdls,0,4D260,Resist 09 Stop,64 00 00 00,100
Ace of Hearts Card,xa_aw_1060.mdls,0,4D264,Resist 0A Stun,64 00 00 00,100
Ace of Hearts Card,xa_aw_1060.mdls,0,4D268,Resist 0B Heal,64 00 00 00,100
Ace of Hearts Card,xa_aw_1060.mdls,0,4D26C,Resist 0C Unknown,64 00 00 00,100
Ace of Hearts Card,xa_aw_1060.mdls,0,4D270,Resist 0D Unknown,64 00 00 00,100
Ace of Hearts Card,xa_aw_1060.mdls,0,4D274,Resist 0E Unknown,64 00 00 00,100
Ace of Hearts Card,xa_aw_1060.mdls,0,4D278,Resist 0F Unknown,64 00 00 00,100
Ace of Hearts Card,xa_aw_1060.mdls,0,4D27C,??? (+68),00 00 00 00,0
Trickmaster,xa_aw_3000.mdls,0,159814,HP,58 02 00 00,600
Trickmaster,xa_aw_3000.mdls,0,159818,ATK Level,04 00 00 00,4
Trickmaster,xa_aw_3000.mdls,0,15981C,DEF Level,04 00 00 00,4
Trickmaster,xa_aw_3000.mdls,0,159820,Min Damage Taken,02 00 00 00,2
Trickmaster,xa_aw_3000.mdls,0,159824,Max Damage Taken,14 00 00 00,20
Trickmaster,xa_aw_3000.mdls,0,159828,MP Recovery On Hit,0F 00 00 00,15
Trickmaster,xa_aw_3000.mdls,0,15982C,Knockback Weight,00 00 00 00,0
Trickmaster,xa_aw_3000.mdls,0,159830,EXP,96 00 00 00,150
Trickmaster,xa_aw_3000.mdls,0,159834,??? (+20),15 14 00 00,5141
Trickmaster,xa_aw_3000.mdls,0,159838,Outgoing Damage Multiplier,00 00 80 3F,1
Trickmaster,xa_aw_3000.mdls,0,15983C,Resist 00 Unknown,32 00 00 00,50
Trickmaster,xa_aw_3000.mdls,0,159840,Resist 01 Physical,64 00 00 00,100
Trickmaster,xa_aw_3000.mdls,0,159844,Resist 02 Fire,31 00 00 00,49
Trickmaster,xa_aw_3000.mdls,0,159848,Resist 03 Blizzard,32 00 00 00,50
Trickmaster,xa_aw_3000.mdls,0,15984C,Resist 04 Thunder,64 00 00 00,100
Trickmaster,xa_aw_3000.mdls,0,159850,Resist 05 Unknown,64 00 00 00,100
Trickmaster,xa_aw_3000.mdls,0,159854,Resist 06 Unknown,64 00 00 00,100
Trickmaster,xa_aw_3000.mdls,0,159858,Resist 07 Unknown,64 00 00 00,100
Trickmaster,xa_aw_3000.mdls,0,15985C,Resist 08 Percent HP,04 00 00 00,4
Trickmaster,xa_aw_3000.mdls,0,159860,Resist 09 Stop,1E 00 00 00,30
Trickmaster,xa_aw_3000.mdls,0,159864,Resist 0A Stun,32 00 00 00,50
Trickmaster,xa_aw_3000.mdls,0,159868,Resist 0B Heal,64 00 00 00,100
Trickmaster,xa_aw_3000.mdls,0,15986C,Resist 0C Unknown,64 00 00 00,100
Trickmaster,xa_aw_3000.mdls,0,159870,Resist 0D Unknown,64 00 00 00,100
Trickmaster,xa_aw_3000.mdls,0,159874,Resist 0E Unknown,64 00 00 00,100
Trickmaster,xa_aw_3000.mdls,0,159878,Resist 0F Unknown,64 00 00 00,100
Trickmaster,xa_aw_3000.mdls,0,15987C,??? (+68),04 00 00 00,4
Tidus,xa_di_1010.mdls,0,7D794,HP,3C 00 00 00,60
Tidus,xa_di_1010.mdls,0,7D798,ATK Level,01 00 00 00,1
Tidus,xa_di_1010.mdls,0,7D79C,DEF Level,01 00 00 00,1
Tidus,xa_di_1010.mdls,0,7D7A0,Min Damage Taken,02 00 00 00,2
Tidus,xa_di_1010.mdls,0,7D7A4,Max Damage Taken,0A 00 00 00,10
Tidus,xa_di_1010.mdls,0,7D7A8,MP Recovery On Hit,00 00 00 00,0
Tidus,xa_di_1010.mdls,0,7D7AC,Knockback Weight,00 00 80 3F,1
Tidus,xa_di_1010.mdls,0,7D7B0,EXP,02 00 00 00,2
Tidus,xa_di_1010.mdls,0,7D7B4,??? (+20),00 00 00 00,0
Tidus,xa_di_1010.mdls,0,7D7B8,Outgoing Damage Multiplier,00 00 80 3F,1
Tidus,xa_di_1010.mdls,0,7D7BC,Resist 00 Unknown,64 00 00 00,100
Tidus,xa_di_1010.mdls,0,7D7C0,Resist 01 Physical,64 00 00 00,100
Tidus,xa_di_1010.mdls,0,7D7C4,Resist 02 Fire,64 00 00 00,100
Tidus,xa_di_1010.mdls,0,7D7C8,Resist 03 Blizzard,64 00 00 00,100
Tidus,xa_di_1010.mdls,0,7D7CC,Resist 04 Thunder,64 00 00 00,100
Tidus,xa_di_1010.mdls,0,7D7D0,Resist 05 Unknown,64 00 00 00,100
Tidus,xa_di_1010.mdls,0,7D7D4,Resist 06 Unknown,64 00 00 00,100
Tidus,xa_di_1010.mdls,0,7D7D8,Resist 07 Unknown,64 00 00 00,100
Tidus,xa_di_1010.mdls,0,7D7DC,Resist 08 Percent HP,64 00 00 00,100
Tidus,xa_di_1010.mdls,0,7D7E0,Resist 09 Stop,64 00 00 00,100
Tidus,xa_di_1010.mdls,0,7D7E4,Resist 0A Stun,32 00 00 00,50
Tidus,xa_di_1010.mdls,0,7D7E8,Resist 0B Heal,64 00 00 00,100
Tidus,xa_di_1010.mdls,0,7D7EC,Resist 0C Unknown,64 00 00 00,100
Tidus,xa_di_1010.mdls,0,7D7F0,Resist 0D Unknown,64 00 00 00,100
Tidus,xa_di_1010.mdls,0,7D7F4,Resist 0E Unknown,64 00 00 00,100
Tidus,xa_di_1010.mdls,0,7D7F8,Resist 0F Unknown,64 00 00 00,100
Tidus,xa_di_1010.mdls,0,7D7FC,??? (+68),00 00 00 00,0
Selphie,xa_di_1020.mdls,0,83714,HP,2D 00 00 00,45
Selphie,xa_di_1020.mdls,0,83718,ATK Level,01 00 00 00,1
Selphie,xa_di_1020.mdls,0,8371C,DEF Level,01 00 00 00,1
Selphie,xa_di_1020.mdls,0,83720,Min Damage Taken,02 00 00 00,2
Selphie,xa_di_1020.mdls,0,83724,Max Damage Taken,0A 00 00 00,10
Selphie,xa_di_1020.mdls,0,83728,MP Recovery On Hit,00 00 00 00,0
Selphie,xa_di_1020.mdls,0,8372C,Knockback Weight,00 00 80 3F,1
Selphie,xa_di_1020.mdls,0,83730,EXP,01 00 00 00,1
Selphie,xa_di_1020.mdls,0,83734,??? (+20),00 00 00 00,0
Selphie,xa_di_1020.mdls,0,83738,Outgoing Damage Multiplier,00 00 80 3F,1
Selphie,xa_di_1020.mdls,0,8373C,Resist 00 Unknown,64 00 00 00,100
Selphie,xa_di_1020.mdls,0,83740,Resist 01 Physical,64 00 00 00,100
Selphie,xa_di_1020.mdls,0,83744,Resist 02 Fire,64 00 00 00,100
Selphie,xa_di_1020.mdls,0,83748,Resist 03 Blizzard,64 00 00 00,100
Selphie,xa_di_1020.mdls,0,8374C,Resist 04 Thunder,64 00 00 00,100
Selphie,xa_di_1020.mdls,0,83750,Resist 05 Unknown,64 00 00 00,100
Selphie,xa_di_1020.mdls,0,83754,Resist 06 Unknown,64 00 00 00,100
Selphie,xa_di_1020.mdls,0,83758,Resist 07 Unknown,64 00 00 00,100
Selphie,xa_di_1020.mdls,0,8375C,Resist 08 Percent HP,64 00 00 00,100
Selphie,xa_di_1020.mdls,0,83760,Resist 09 Stop,64 00 00 00,100
Selphie,xa_di_1020.mdls,0,83764,Resist 0A Stun,32 00 00 00,50
Selphie,xa_di_1020.mdls,0,83768,Resist 0B Heal,64 00 00 00,100
Selphie,xa_di_1020.mdls,0,8376C,Resist 0C Unknown,64 00 00 00,100
Selphie,xa_di_1020.mdls,0,83770,Resist 0D Unknown,64 00 00 00,100
Selphie,xa_di_1020.mdls,0,83774,Resist 0E Unknown,64 00 00 00,100
Selphie,xa_di_1020.mdls,0,83778,Resist 0F Unknown,64 00 00 00,100
Selphie,xa_di_1020.mdls,0,8377C,??? (+68),00 00 00 00,0
Wakka,xa_di_1030.mdls,0,A0194,HP,4B 00 00 00,75
Wakka,xa_di_1030.mdls,0,A0198,ATK Level,01 00 00 00,1
Wakka,xa_di_1030.mdls,0,A019C,DEF Level,01 00 00 00,1
Wakka,xa_di_1030.mdls,0,A01A0,Min Damage Taken,02 00 00 00,2
Wakka,xa_di_1030.mdls,0,A01A4,Max Damage Taken,0A 00 00 00,10
Wakka,xa_di_1030.mdls,0,A01A8,MP Recovery On Hit,00 00 00 00,0
Wakka,xa_di_1030.mdls,0,A01AC,Knockback Weight,00 00 80 3F,1
Wakka,xa_di_1030.mdls,0,A01B0,EXP,01 00 00 00,1
Wakka,xa_di_1030.mdls,0,A01B4,??? (+20),00 00 00 00,0
Wakka,xa_di_1030.mdls,0,A01B8,Outgoing Damage Multiplier,00 00 80 3F,1
Wakka,xa_di_1030.mdls,0,A01BC,Resist 00 Unknown,64 00 00 00,100
Wakka,xa_di_1030.mdls,0,A01C0,Resist 01 Physical,64 00 00 00,100
Wakka,xa_di_1030.mdls,0,A01C4,Resist 02 Fire,64 00 00 00,100
Wakka,xa_di_1030.mdls,0,A01C8,Resist 03 Blizzard,64 00 00 00,100
Wakka,xa_di_1030.mdls,0,A01CC,Resist 04 Thunder,64 00 00 00,100
Wakka,xa_di_1030.mdls,0,A01D0,Resist 05 Unknown,64 00 00 00,100
Wakka,xa_di_1030.mdls,0,A01D4,Resist 06 Unknown,64 00 00 00,100
Wakka,xa_di_1030.mdls,0,A01D8,Resist 07 Unknown,64 00 00 00,100
Wakka,xa_di_1030.mdls,0,A01DC,Resist 08 Percent HP,64 00 00 00,100
Wakka,xa_di_1030.mdls,0,A01E0,Resist 09 Stop,64 00 00 00,100
Wakka,xa_di_1030.mdls,0,A01E4,Resist 0A Stun,64 00 00 00,100
Wakka,xa_di_1030.mdls,0,A01E8,Resist 0B Heal,64 00 00 00,100
Wakka,xa_di_1030.mdls,0,A01EC,Resist 0C Unknown,64 00 00 00,100
Wakka,xa_di_1030.mdls,0,A01F0,Resist 0D Unknown,64 00 00 00,100
Wakka,xa_di_1030.mdls,0,A01F4,Resist 0E Unknown,64 00 00 00,100
Wakka,xa_di_1030.mdls,0,A01F8,Resist 0F Unknown,64 00 00 00,100
Wakka,xa_di_1030.mdls,0,A01FC,??? (+68),00 00 00 00,0
Darkside,xa_di_3000.mdls,0,181794,HP,F0 00 00 00,240
Darkside,xa_di_3000.mdls,0,181798,ATK Level,00 00 00 00,0
Darkside,xa_di_3000.mdls,0,18179C,DEF Level,00 00 00 00,0
Darkside,xa_di_3000.mdls,0,1817A0,Min Damage Taken,02 00 00 00,2
Darkside,xa_di_3000.mdls,0,1817A4,Max Damage Taken,14 00 00 00,20
Darkside,xa_di_3000.mdls,0,1817A8,MP Recovery On Hit,00 00 00 00,0
Darkside,xa_di_3000.mdls,0,1817AC,Knockback Weight,00 00 80 3F,1
Darkside,xa_di_3000.mdls,0,1817B0,EXP,12 00 00 00,18
Darkside,xa_di_3000.mdls,0,1817B4,??? (+20),D9 13 00 00,5081
Darkside,xa_di_3000.mdls,0,1817B8,Outgoing Damage Multiplier,00 00 80 3F,1
Darkside,xa_di_3000.mdls,0,1817BC,Resist 00 Unknown,32 00 00 00,50
Darkside,xa_di_3000.mdls,0,1817C0,Resist 01 Physical,64 00 00 00,100
Darkside,xa_di_3000.mdls,0,1817C4,Resist 02 Fire,31 00 00 00,49
Darkside,xa_di_3000.mdls,0,1817C8,Resist 03 Blizzard,32 00 00 00,50
Darkside,xa_di_3000.mdls,0,1817CC,Resist 04 Thunder,64 00 00 00,100
Darkside,xa_di_3000.mdls,0,1817D0,Resist 05 Unknown,64 00 00 00,100
Darkside,xa_di_3000.mdls,0,1817D4,Resist 06 Unknown,64 00 00 00,100
Darkside,xa_di_3000.mdls,0,1817D8,Resist 07 Unknown,64 00 00 00,100
Darkside,xa_di_3000.mdls,0,1817DC,Resist 08 Percent HP,04 00 00 00,4
Darkside,xa_di_3000.mdls,0,1817E0,Resist 09 Stop,00 00 00 00,0
Darkside,xa_di_3000.mdls,0,1817E4,Resist 0A Stun,32 00 00 00,50
Darkside,xa_di_3000.mdls,0,1817E8,Resist 0B Heal,64 00 00 00,100
Darkside,xa_di_3000.mdls,0,1817EC,Resist 0C Unknown,64 00 00 00,100
Darkside,xa_di_3000.mdls,0,1817F0,Resist 0D Unknown,64 00 00 00,100
Darkside,xa_di_3000.mdls,0,1817F4,Resist 0E Unknown,64 00 00 00,100
Darkside,xa_di_3000.mdls,0,1817F8,Resist 0F Unknown,64 00 00 00,100
Darkside,xa_di_3000.mdls,0,1817FC,??? (+68),00 02 00 00,512
Darkside,xa_di_3000.mdls,1,181800,HP,2C 01 00 00,300
Darkside,xa_di_3000.mdls,1,181804,ATK Level,02 00 00 00,2
Darkside,xa_di_3000.mdls,1,181808,DEF Level,02 00 00 00,2
Darkside,xa_di_3000.mdls,1,18180C,Min Damage Taken,03 00 00 00,3
Darkside,xa_di_3000.mdls,1,181810,Max Damage Taken,14 00 00 00,20
Darkside,xa_di_3000.mdls,1,181814,MP Recovery On Hit,00 00 00 00,0
Darkside,xa_di_3000.mdls,1,181818,Knockback Weight,00 00 80 3F,1
Darkside,xa_di_3000.mdls,1,18181C,EXP,3C 00 00 00,60
Darkside,xa_di_3000.mdls,1,181820,??? (+20),D9 13 00 00,5081
Darkside,xa_di_3000.mdls,1,181824,Outgoing Damage Multiplier,00 00 80 3F,1
Darkside,xa_di_3000.mdls,1,181828,Resist 00 Unknown,32 00 00 00,50
Darkside,xa_di_3000.mdls,1,18182C,Resist 01 Physical,64 00 00 00,100
Darkside,xa_di_3000.mdls,1,181830,Resist 02 Fire,31 00 00 00,49
Darkside,xa_di_3000.mdls,1,181834,Resist 03 Blizzard,32 00 00 00,50
Darkside,xa_di_3000.mdls,1,181838,Resist 04 Thunder,64 00 00 00,100
Darkside,xa_di_3000.mdls,1,18183C,Resist 05 Unknown,64 00 00 00,100
Darkside,xa_di_3000.mdls,1,181840,Resist 06 Unknown,64 00 00 00,100
Darkside,xa_di_3000.mdls,1,181844,Resist 07 Unknown,64 00 00 00,100
Darkside,xa_di_3000.mdls,1,181848,Resist 08 Percent HP,04 00 00 00,4
Darkside,xa_di_3000.mdls,1,18184C,Resist 09 Stop,00 00 00 00,0
Darkside,xa_di_3000.mdls,1,181850,Resist 0A Stun,32 00 00 00,50
Darkside,xa_di_3000.mdls,1,181854,Resist 0B Heal,64 00 00 00,100
Darkside,xa_di_3000.mdls,1,181858,Resist 0C Unknown,64 00 00 00,100
Darkside,xa_di_3000.mdls,1,18185C,Resist 0D Unknown,64 00 00 00,100
Darkside,xa_di_3000.mdls,1,181860,Resist 0E Unknown,64 00 00 00,100
Darkside,xa_di_3000.mdls,1,181864,Resist 0F Unknown,64 00 00 00,100
Darkside,xa_di_3000.mdls,1,181868,??? (+68),00 02 00 00,512
Darkside,xa_di_3000.mdls,2,18186C,HP,84 03 00 00,900
Darkside,xa_di_3000.mdls,2,181870,ATK Level,12 00 00 00,18
Darkside,xa_di_3000.mdls,2,181874,DEF Level,12 00 00 00,18
Darkside,xa_di_3000.mdls,2,181878,Min Damage Taken,02 00 00 00,2
Darkside,xa_di_3000.mdls,2,18187C,Max Damage Taken,14 00 00 00,20
Darkside,xa_di_3000.mdls,2,181880,MP Recovery On Hit,3A 00 00 00,58
Darkside,xa_di_3000.mdls,2,181884,Knockback Weight,00 00 80 3F,1
Darkside,xa_di_3000.mdls,2,181888,EXP,40 1F 00 00,8000
Darkside,xa_di_3000.mdls,2,18188C,??? (+20),D9 13 00 00,5081
Darkside,xa_di_3000.mdls,2,181890,Outgoing Damage Multiplier,9A 99 59 40,3.4
Darkside,xa_di_3000.mdls,2,181894,Resist 00 Unknown,32 00 00 00,50
Darkside,xa_di_3000.mdls,2,181898,Resist 01 Physical,64 00 00 00,100
Darkside,xa_di_3000.mdls,2,18189C,Resist 02 Fire,31 00 00 00,49
Darkside,xa_di_3000.mdls,2,1818A0,Resist 03 Blizzard,32 00 00 00,50
Darkside,xa_di_3000.mdls,2,1818A4,Resist 04 Thunder,64 00 00 00,100
Darkside,xa_di_3000.mdls,2,1818A8,Resist 05 Unknown,64 00 00 00,100
Darkside,xa_di_3000.mdls,2,1818AC,Resist 06 Unknown,64 00 00 00,100
Darkside,xa_di_3000.mdls,2,1818B0,Resist 07 Unknown,64 00 00 00,100
Darkside,xa_di_3000.mdls,2,1818B4,Resist 08 Percent HP,03 00 00 00,3
Darkside,xa_di_3000.mdls,2,1818B8,Resist 09 Stop,00 00 00 00,0
Darkside,xa_di_3000.mdls,2,1818BC,Resist 0A Stun,32 00 00 00,50
Darkside,xa_di_3000.mdls,2,1818C0,Resist 0B Heal,64 00 00 00,100
Darkside,xa_di_3000.mdls,2,1818C4,Resist 0C Unknown,64 00 00 00,100
Darkside,xa_di_3000.mdls,2,1818C8,Resist 0D Unknown,64 00 00 00,100
Darkside,xa_di_3000.mdls,2,1818CC,Resist 0E Unknown,64 00 00 00,100
Darkside,xa_di_3000.mdls,2,1818D0,Resist 0F Unknown,64 00 00 00,100
Darkside,xa_di_3000.mdls,2,1818D4,??? (+68),00 02 00 00,512
Bit Sniper,xa_ew_2010.mdls,0,2CC94,HP,78 00 00 00,120
Bit Sniper,xa_ew_2010.mdls,0,2CC98,ATK Level,12 00 00 00,18
Bit Sniper,xa_ew_2010.mdls,0,2CC9C,DEF Level,12 00 00 00,18
Bit Sniper,xa_ew_2010.mdls,0,2CCA0,Min Damage Taken,02 00 00 00,2
Bit Sniper,xa_ew_2010.mdls,0,2CCA4,Max Damage Taken,2C 01 00 00,300
Bit Sniper,xa_ew_2010.mdls,0,2CCA8,MP Recovery On Hit,38 00 00 00,56
Bit Sniper,xa_ew_2010.mdls,0,2CCAC,Knockback Weight,00 00 80 3F,1
Bit Sniper,xa_ew_2010.mdls,0,2CCB0,EXP,78 00 00 00,120
Bit Sniper,xa_ew_2010.mdls,0,2CCB4,??? (+20),75 14 00 00,5237
Bit Sniper,xa_ew_2010.mdls,0,2CCB8,Outgoing Damage Multiplier,00 00 80 3F,1
Bit Sniper,xa_ew_2010.mdls,0,2CCBC,Resist 00 Unknown,64 00 00 00,100
Bit Sniper,xa_ew_2010.mdls,0,2CCC0,Resist 01 Physical,64 00 00 00,100
Bit Sniper,xa_ew_2010.mdls,0,2CCC4,Resist 02 Fire,64 00 00 00,100
Bit Sniper,xa_ew_2010.mdls,0,2CCC8,Resist 03 Blizzard,64 00 00 00,100
Bit Sniper,xa_ew_2010.mdls,0,2CCCC,Resist 04 Thunder,64 00 00 00,100
Bit Sniper,xa_ew_2010.mdls,0,2CCD0,Resist 05 Unknown,64 00 00 00,100
Bit Sniper,xa_ew_2010.mdls,0,2CCD4,Resist 06 Unknown,64 00 00 00,100
Bit Sniper,xa_ew_2010.mdls,0,2CCD8,Resist 07 Unknown,64 00 00 00,100
Bit Sniper,xa_ew_2010.mdls,0,2CCDC,Resist 08 Percent HP,50 00 00 00,80
Bit Sniper,xa_ew_2010.mdls,0,2CCE0,Resist 09 Stop,3C 00 00 00,60
Bit Sniper,xa_ew_2010.mdls,0,2CCE4,Resist 0A Stun,64 00 00 00,100
Bit Sniper,xa_ew_2010.mdls,0,2CCE8,Resist 0B Heal,64 00 00 00,100
Bit Sniper,xa_ew_2010.mdls,0,2CCEC,Resist 0C Unknown,64 00 00 00,100
Bit Sniper,xa_ew_2010.mdls,0,2CCF0,Resist 0D Unknown,64 00 00 00,100
Bit Sniper,xa_ew_2010.mdls,0,2CCF4,Resist 0E Unknown,64 00 00 00,100
Bit Sniper,xa_ew_2010.mdls,0,2CCF8,Resist 0F Unknown,64 00 00 00,100
Bit Sniper,xa_ew_2010.mdls,0,2CCFC,??? (+68),00 00 00 00,0
Part of Ansem Boss (Structure),xa_ew_2020.mdls,0,7FC14,HP,78 00 00 00,120
Part of Ansem Boss (Structure),xa_ew_2020.mdls,0,7FC18,ATK Level,12 00 00 00,18
Part of Ansem Boss (Structure),xa_ew_2020.mdls,0,7FC1C,DEF Level,12 00 00 00,18
Part of Ansem Boss (Structure),xa_ew_2020.mdls,0,7FC20,Min Damage Taken,05 00 00 00,5
Part of Ansem Boss (Structure),xa_ew_2020.mdls,0,7FC24,Max Damage Taken,2C 01 00 00,300
Part of Ansem Boss (Structure),xa_ew_2020.mdls,0,7FC28,MP Recovery On Hit,38 00 00 00,56
Part of Ansem Boss (Structure),xa_ew_2020.mdls,0,7FC2C,Knockback Weight,00 00 80 3F,1
Part of Ansem Boss (Structure),xa_ew_2020.mdls,0,7FC30,EXP,5A 00 00 00,90
Part of Ansem Boss (Structure),xa_ew_2020.mdls,0,7FC34,??? (+20),79 14 00 00,5241
Part of Ansem Boss (Structure),xa_ew_2020.mdls,0,7FC38,Outgoing Damage Multiplier,00 00 80 3F,1
Part of Ansem Boss (Structure),xa_ew_2020.mdls,0,7FC3C,Resist 00 Unknown,64 00 00 00,100
Part of Ansem Boss (Structure),xa_ew_2020.mdls,0,7FC40,Resist 01 Physical,64 00 00 00,100
Part of Ansem Boss (Structure),xa_ew_2020.mdls,0,7FC44,Resist 02 Fire,64 00 00 00,100
Part of Ansem Boss (Structure),xa_ew_2020.mdls,0,7FC48,Resist 03 Blizzard,64 00 00 00,100
Part of Ansem Boss (Structure),xa_ew_2020.mdls,0,7FC4C,Resist 04 Thunder,64 00 00 00,100
Part of Ansem Boss (Structure),xa_ew_2020.mdls,0,7FC50,Resist 05 Unknown,64 00 00 00,100
Part of Ansem Boss (Structure),xa_ew_2020.mdls,0,7FC54,Resist 06 Unknown,64 00 00 00,100
Part of Ansem Boss (Structure),xa_ew_2020.mdls,0,7FC58,Resist 07 Unknown,64 00 00 00,100
Part of Ansem Boss (Structure),xa_ew_2020.mdls,0,7FC5C,Resist 08 Percent HP,50 00 00 00,80
Part of Ansem Boss (Structure),xa_ew_2020.mdls,0,7FC60,Resist 09 Stop,3C 00 00 00,60
Part of Ansem Boss (Structure),xa_ew_2020.mdls,0,7FC64,Resist 0A Stun,64 00 00 00,100
Part of Ansem Boss (Structure),xa_ew_2020.mdls,0,7FC68,Resist 0B Heal,64 00 00 00,100
Part of Ansem Boss (Structure),xa_ew_2020.mdls,0,7FC6C,Resist 0C Unknown,64 00 00 00,100
Part of Ansem Boss (Structure),xa_ew_2020.mdls,0,7FC70,Resist 0D Unknown,64 00 00 00,100
Part of Ansem Boss (Structure),xa_ew_2020.mdls,0,7FC74,Resist 0E Unknown,64 00 00 00,100
Part of Ansem Boss (Structure),xa_ew_2020.mdls,0,7FC78,Resist 0F Unknown,64 00 00 00,100
Part of Ansem Boss (Structure),xa_ew_2020.mdls,0,7FC7C,??? (+68),00 00 00 00,0
Part of Ansem Boss (Structure),xa_ew_2020.mdls,1,7FC80,HP,F0 00 00 00,240
Part of Ansem Boss (Structure),xa_ew_2020.mdls,1,7FC84,ATK Level,12 00 00 00,18
Part of Ansem Boss (Structure),xa_ew_2020.mdls,1,7FC88,DEF Level,12 00 00 00,18
Part of Ansem Boss (Structure),xa_ew_2020.mdls,1,7FC8C,Min Damage Taken,05 00 00 00,5
Part of Ansem Boss (Structure),xa_ew_2020.mdls,1,7FC90,Max Damage Taken,64 00 00 00,100
Part of Ansem Boss (Structure),xa_ew_2020.mdls,1,7FC94,MP Recovery On Hit,3A 00 00 00,58
Part of Ansem Boss (Structure),xa_ew_2020.mdls,1,7FC98,Knockback Weight,00 00 80 3F,1
Part of Ansem Boss (Structure),xa_ew_2020.mdls,1,7FC9C,EXP,F0 00 00 00,240
Part of Ansem Boss (Structure),xa_ew_2020.mdls,1,7FCA0,??? (+20),7D 14 00 00,5245
Part of Ansem Boss (Structure),xa_ew_2020.mdls,1,7FCA4,Outgoing Damage Multiplier,00 00 80 3F,1
Part of Ansem Boss (Structure),xa_ew_2020.mdls,1,7FCA8,Resist 00 Unknown,64 00 00 00,100
Part of Ansem Boss (Structure),xa_ew_2020.mdls,1,7FCAC,Resist 01 Physical,64 00 00 00,100
Part of Ansem Boss (Structure),xa_ew_2020.mdls,1,7FCB0,Resist 02 Fire,64 00 00 00,100
Part of Ansem Boss (Structure),xa_ew_2020.mdls,1,7FCB4,Resist 03 Blizzard,64 00 00 00,100
Part of Ansem Boss (Structure),xa_ew_2020.mdls,1,7FCB8,Resist 04 Thunder,64 00 00 00,100
Part of Ansem Boss (Structure),xa_ew_2020.mdls,1,7FCBC,Resist 05 Unknown,64 00 00 00,100
Part of Ansem Boss (Structure),xa_ew_2020.mdls,1,7FCC0,Resist 06 Unknown,64 00 00 00,100
Part of Ansem Boss (Structure),xa_ew_2020.mdls,1,7FCC4,Resist 07 Unknown,64 00 00 00,100
Part of Ansem Boss (Structure),xa_ew_2020.mdls,1,7FCC8,Resist 08 Percent HP,50 00 00 00,80
Part of Ansem Boss (Structure),xa_ew_2020.mdls,1,7FCCC,Resist 09 Stop,3C 00 00 00,60
Part of Ansem Boss (Structure),xa_ew_2020.mdls,1,7FCD0,Resist 0A Stun,64 00 00 00,100
Part of Ansem Boss (Structure),xa_ew_2020.mdls,1,7FCD4,Resist 0B Heal,64 00 00 00,100
Part of Ansem Boss (Structure),xa_ew_2020.mdls,1,7FCD8,Resist 0C Unknown,64 00 00 00,100
Part of Ansem Boss (Structure),xa_ew_2020.mdls,1,7FCDC,Resist 0D Unknown,64 00 00 00,100
Part of Ansem Boss (Structure),xa_ew_2020.mdls,1,7FCE0,Resist 0E Unknown,64 00 00 00,100
Part of Ansem Boss (Structure),xa_ew_2020.mdls,1,7FCE4,Resist 0F Unknown,64 00 00 00,100
Part of Ansem Boss (Structure),xa_ew_2020.mdls,1,7FCE8,??? (+68),00 00 00 00,0
Part of Ansem Boss (Structure),xa_ew_2030.mdls,0,A6B94,HP,78 00 00 00,120
Part of Ansem Boss (Structure),xa_ew_2030.mdls,0,A6B98,ATK Level,12 00 00 00,18
Part of Ansem Boss (Structure),xa_ew_2030.mdls,0,A6B9C,DEF Level,12 00 00 00,18
Part of Ansem Boss (Structure),xa_ew_2030.mdls,0,A6BA0,Min Damage Taken,05 00 00 00,5
Part of Ansem Boss (Structure),xa_ew_2030.mdls,0,A6BA4,Max Damage Taken,2C 01 00 00,300
Part of Ansem Boss (Structure),xa_ew_2030.mdls,0,A6BA8,MP Recovery On Hit,38 00 00 00,56
Part of Ansem Boss (Structure),xa_ew_2030.mdls,0,A6BAC,Knockback Weight,00 00 80 3F,1
Part of Ansem Boss (Structure),xa_ew_2030.mdls,0,A6BB0,EXP,5A 00 00 00,90
Part of Ansem Boss (Structure),xa_ew_2030.mdls,0,A6BB4,??? (+20),79 14 00 00,5241
Part of Ansem Boss (Structure),xa_ew_2030.mdls,0,A6BB8,Outgoing Damage Multiplier,00 00 80 3F,1
Part of Ansem Boss (Structure),xa_ew_2030.mdls,0,A6BBC,Resist 00 Unknown,64 00 00 00,100
Part of Ansem Boss (Structure),xa_ew_2030.mdls,0,A6BC0,Resist 01 Physical,64 00 00 00,100
Part of Ansem Boss (Structure),xa_ew_2030.mdls,0,A6BC4,Resist 02 Fire,64 00 00 00,100
Part of Ansem Boss (Structure),xa_ew_2030.mdls,0,A6BC8,Resist 03 Blizzard,64 00 00 00,100
Part of Ansem Boss (Structure),xa_ew_2030.mdls,0,A6BCC,Resist 04 Thunder,64 00 00 00,100
Part of Ansem Boss (Structure),xa_ew_2030.mdls,0,A6BD0,Resist 05 Unknown,64 00 00 00,100
Part of Ansem Boss (Structure),xa_ew_2030.mdls,0,A6BD4,Resist 06 Unknown,64 00 00 00,100
Part of Ansem Boss (Structure),xa_ew_2030.mdls,0,A6BD8,Resist 07 Unknown,64 00 00 00,100
Part of Ansem Boss (Structure),xa_ew_2030.mdls,0,A6BDC,Resist 08 Percent HP,50 00 00 00,80
Part of Ansem Boss (Structure),xa_ew_2030.mdls,0,A6BE0,Resist 09 Stop,3C 00 00 00,60
Part of Ansem Boss (Structure),xa_ew_2030.mdls,0,A6BE4,Resist 0A Stun,64 00 00 00,100
Part of Ansem Boss (Structure),xa_ew_2030.mdls,0,A6BE8,Resist 0B Heal,64 00 00 00,100
Part of Ansem Boss (Structure),xa_ew_2030.mdls,0,A6BEC,Resist 0C Unknown,64 00 00 00,100
Part of Ansem Boss (Structure),xa_ew_2030.mdls,0,A6BF0,Resist 0D Unknown,64 00 00 00,100
Part of Ansem Boss (Structure),xa_ew_2030.mdls,0,A6BF4,Resist 0E Unknown,64 00 00 00,100
Part of Ansem Boss (Structure),xa_ew_2030.mdls,0,A6BF8,Resist 0F Unknown,64 00 00 00,100
Part of Ansem Boss (Structure),xa_ew_2030.mdls,0,A6BFC,??? (+68),00 00 00 00,0
Part of Ansem Boss (Structure),xa_ew_2030.mdls,1,A6C00,HP,F0 00 00 00,240
Part of Ansem Boss (Structure),xa_ew_2030.mdls,1,A6C04,ATK Level,12 00 00 00,18
Part of Ansem Boss (Structure),xa_ew_2030.mdls,1,A6C08,DEF Level,12 00 00 00,18
Part of Ansem Boss (Structure),xa_ew_2030.mdls,1,A6C0C,Min Damage Taken,05 00 00 00,5
Part of Ansem Boss (Structure),xa_ew_2030.mdls,1,A6C10,Max Damage Taken,64 00 00 00,100
Part of Ansem Boss (Structure),xa_ew_2030.mdls,1,A6C14,MP Recovery On Hit,3A 00 00 00,58
Part of Ansem Boss (Structure),xa_ew_2030.mdls,1,A6C18,Knockback Weight,00 00 80 3F,1
Part of Ansem Boss (Structure),xa_ew_2030.mdls,1,A6C1C,EXP,F0 00 00 00,240
Part of Ansem Boss (Structure),xa_ew_2030.mdls,1,A6C20,??? (+20),7D 14 00 00,5245
Part of Ansem Boss (Structure),xa_ew_2030.mdls,1,A6C24,Outgoing Damage Multiplier,00 00 80 3F,1
Part of Ansem Boss (Structure),xa_ew_2030.mdls,1,A6C28,Resist 00 Unknown,64 00 00 00,100
Part of Ansem Boss (Structure),xa_ew_2030.mdls,1,A6C2C,Resist 01 Physical,64 00 00 00,100
Part of Ansem Boss (Structure),xa_ew_2030.mdls,1,A6C30,Resist 02 Fire,64 00 00 00,100
Part of Ansem Boss (Structure),xa_ew_2030.mdls,1,A6C34,Resist 03 Blizzard,64 00 00 00,100
Part of Ansem Boss (Structure),xa_ew_2030.mdls,1,A6C38,Resist 04 Thunder,64 00 00 00,100
Part of Ansem Boss (Structure),xa_ew_2030.mdls,1,A6C3C,Resist 05 Unknown,64 00 00 00,100
Part of Ansem Boss (Structure),xa_ew_2030.mdls,1,A6C40,Resist 06 Unknown,64 00 00 00,100
Part of Ansem Boss (Structure),xa_ew_2030.mdls,1,A6C44,Resist 07 Unknown,64 00 00 00,100
Part of Ansem Boss (Structure),xa_ew_2030.mdls,1,A6C48,Resist 08 Percent HP,50 00 00 00,80
Part of Ansem Boss (Structure),xa_ew_2030.mdls,1,A6C4C,Resist 09 Stop,3C 00 00 00,60
Part of Ansem Boss (Structure),xa_ew_2030.mdls,1,A6C50,Resist 0A Stun,64 00 00 00,100
Part of Ansem Boss (Structure),xa_ew_2030.mdls,1,A6C54,Resist 0B Heal,64 00 00 00,100
Part of Ansem Boss (Structure),xa_ew_2030.mdls,1,A6C58,Resist 0C Unknown,64 00 00 00,100
Part of Ansem Boss (Structure),xa_ew_2030.mdls,1,A6C5C,Resist 0D Unknown,64 00 00 00,100
Part of Ansem Boss (Structure),xa_ew_2030.mdls,1,A6C60,Resist 0E Unknown,64 00 00 00,100
Part of Ansem Boss (Structure),xa_ew_2030.mdls,1,A6C64,Resist 0F Unknown,64 00 00 00,100
Part of Ansem Boss (Structure),xa_ew_2030.mdls,1,A6C68,??? (+68),00 00 00 00,0
Part of Ansem Boss (Monster Face),xa_ew_2040.mdls,0,D8F14,HP,B0 04 00 00,1200
Part of Ansem Boss (Monster Face),xa_ew_2040.mdls,0,D8F18,ATK Level,12 00 00 00,18
Part of Ansem Boss (Monster Face),xa_ew_2040.mdls,0,D8F1C,DEF Level,12 00 00 00,18
Part of Ansem Boss (Monster Face),xa_ew_2040.mdls,0,D8F20,Min Damage Taken,03 00 00 00,3
Part of Ansem Boss (Monster Face),xa_ew_2040.mdls,0,D8F24,Max Damage Taken,14 00 00 00,20
Part of Ansem Boss (Monster Face),xa_ew_2040.mdls,0,D8F28,MP Recovery On Hit,3E 00 00 00,62
Part of Ansem Boss (Monster Face),xa_ew_2040.mdls,0,D8F2C,Knockback Weight,00 00 80 3F,1
Part of Ansem Boss (Monster Face),xa_ew_2040.mdls,0,D8F30,EXP,B8 0B 00 00,3000
Part of Ansem Boss (Monster Face),xa_ew_2040.mdls,0,D8F34,??? (+20),00 00 00 00,0
Part of Ansem Boss (Monster Face),xa_ew_2040.mdls,0,D8F38,Outgoing Damage Multiplier,00 00 80 3F,1
Part of Ansem Boss (Monster Face),xa_ew_2040.mdls,0,D8F3C,Resist 00 Unknown,32 00 00 00,50
Part of Ansem Boss (Monster Face),xa_ew_2040.mdls,0,D8F40,Resist 01 Physical,64 00 00 00,100
Part of Ansem Boss (Monster Face),xa_ew_2040.mdls,0,D8F44,Resist 02 Fire,31 00 00 00,49
Part of Ansem Boss (Monster Face),xa_ew_2040.mdls,0,D8F48,Resist 03 Blizzard,32 00 00 00,50
Part of Ansem Boss (Monster Face),xa_ew_2040.mdls,0,D8F4C,Resist 04 Thunder,64 00 00 00,100
Part of Ansem Boss (Monster Face),xa_ew_2040.mdls,0,D8F50,Resist 05 Unknown,64 00 00 00,100
Part of Ansem Boss (Monster Face),xa_ew_2040.mdls,0,D8F54,Resist 06 Unknown,64 00 00 00,100
Part of Ansem Boss (Monster Face),xa_ew_2040.mdls,0,D8F58,Resist 07 Unknown,64 00 00 00,100
Part of Ansem Boss (Monster Face),xa_ew_2040.mdls,0,D8F5C,Resist 08 Percent HP,02 00 00 00,2
Part of Ansem Boss (Monster Face),xa_ew_2040.mdls,0,D8F60,Resist 09 Stop,00 00 00 00,0
Part of Ansem Boss (Monster Face),xa_ew_2040.mdls,0,D8F64,Resist 0A Stun,32 00 00 00,50
Part of Ansem Boss (Monster Face),xa_ew_2040.mdls,0,D8F68,Resist 0B Heal,64 00 00 00,100
Part of Ansem Boss (Monster Face),xa_ew_2040.mdls,0,D8F6C,Resist 0C Unknown,64 00 00 00,100
Part of Ansem Boss (Monster Face),xa_ew_2040.mdls,0,D8F70,Resist 0D Unknown,64 00 00 00,100
Part of Ansem Boss (Monster Face),xa_ew_2040.mdls,0,D8F74,Resist 0E Unknown,64 00 00 00,100
Part of Ansem Boss (Monster Face),xa_ew_2040.mdls,0,D8F78,Resist 0F Unknown,64 00 00 00,100
Part of Ansem Boss (Monster Face),xa_ew_2040.mdls,0,D8F7C,??? (+68),00 02 00 00,512
Part of Ansem Boss (Structure),xa_ew_2050.mdls,0,81B94,HP,2C 01 00 00,300
Part of Ansem Boss (Structure),xa_ew_2050.mdls,0,81B98,ATK Level,12 00 00 00,18
Part of Ansem Boss (Structure),xa_ew_2050.mdls,0,81B9C,DEF Level,12 00 00 00,18
Part of Ansem Boss (Structure),xa_ew_2050.mdls,0,81BA0,Min Damage Taken,0A 00 00 00,10
Part of Ansem Boss (Structure),xa_ew_2050.mdls,0,81BA4,Max Damage Taken,0A 00 00 00,10
Part of Ansem Boss (Structure),xa_ew_2050.mdls,0,81BA8,MP Recovery On Hit,3C 00 00 00,60
Part of Ansem Boss (Structure),xa_ew_2050.mdls,0,81BAC,Knockback Weight,00 00 80 3F,1
Part of Ansem Boss (Structure),xa_ew_2050.mdls,0,81BB0,EXP,00 00 00 00,0
Part of Ansem Boss (Structure),xa_ew_2050.mdls,0,81BB4,??? (+20),81 14 00 00,5249
Part of Ansem Boss (Structure),xa_ew_2050.mdls,0,81BB8,Outgoing Damage Multiplier,00 00 80 3F,1
Part of Ansem Boss (Structure),xa_ew_2050.mdls,0,81BBC,Resist 00 Unknown,64 00 00 00,100
Part of Ansem Boss (Structure),xa_ew_2050.mdls,0,81BC0,Resist 01 Physical,64 00 00 00,100
Part of Ansem Boss (Structure),xa_ew_2050.mdls,0,81BC4,Resist 02 Fire,64 00 00 00,100
Part of Ansem Boss (Structure),xa_ew_2050.mdls,0,81BC8,Resist 03 Blizzard,64 00 00 00,100
Part of Ansem Boss (Structure),xa_ew_2050.mdls,0,81BCC,Resist 04 Thunder,64 00 00 00,100
Part of Ansem Boss (Structure),xa_ew_2050.mdls,0,81BD0,Resist 05 Unknown,64 00 00 00,100
Part of Ansem Boss (Structure),xa_ew_2050.mdls,0,81BD4,Resist 06 Unknown,64 00 00 00,100
Part of Ansem Boss (Structure),xa_ew_2050.mdls,0,81BD8,Resist 07 Unknown,64 00 00 00,100
Part of Ansem Boss (Structure),xa_ew_2050.mdls,0,81BDC,Resist 08 Percent HP,50 00 00 00,80
Part of Ansem Boss (Structure),xa_ew_2050.mdls,0,81BE0,Resist 09 Stop,00 00 00 00,0
Part of Ansem Boss (Structure),xa_ew_2050.mdls,0,81BE4,Resist 0A Stun,64 00 00 00,100
Part of Ansem Boss (Structure),xa_ew_2050.mdls,0,81BE8,Resist 0B Heal,64 00 00 00,100
Part of Ansem Boss (Structure),xa_ew_2050.mdls,0,81BEC,Resist 0C Unknown,64 00 00 00,100
Part of Ansem Boss (Structure),xa_ew_2050.mdls,0,81BF0,Resist 0D Unknown,64 00 00 00,100
Part of Ansem Boss (Structure),xa_ew_2050.mdls,0,81BF4,Resist 0E Unknown,64 00 00 00,100
Part of Ansem Boss (Structure),xa_ew_2050.mdls,0,81BF8,Resist 0F Unknown,64 00 00 00,100
Part of Ansem Boss (Structure),xa_ew_2050.mdls,0,81BFC,??? (+68),01 02 00 00,513
End of World Piece? (unknown),xa_ew_2060.mdls,0,71394,HP,1E 00 00 00,30
End of World Piece? (unknown),xa_ew_2060.mdls,0,71398,ATK Level,12 00 00 00,18
End of World Piece? (unknown),xa_ew_2060.mdls,0,7139C,DEF Level,12 00 00 00,18
End of World Piece? (unknown),xa_ew_2060.mdls,0,713A0,Min Damage Taken,0A 00 00 00,10
End of World Piece? (unknown),xa_ew_2060.mdls,0,713A4,Max Damage Taken,0A 00 00 00,10
End of World Piece? (unknown),xa_ew_2060.mdls,0,713A8,MP Recovery On Hit,3A 00 00 00,58
End of World Piece? (unknown),xa_ew_2060.mdls,0,713AC,Knockback Weight,00 00 80 3F,1
End of World Piece? (unknown),xa_ew_2060.mdls,0,713B0,EXP,00 00 00 00,0
End of World Piece? (unknown),xa_ew_2060.mdls,0,713B4,??? (+20),85 14 00 00,5253
End of World Piece? (unknown),xa_ew_2060.mdls,0,713B8,Outgoing Damage Multiplier,00 00 80 3F,1
End of World Piece? (unknown),xa_ew_2060.mdls,0,713BC,Resist 00 Unknown,64 00 00 00,100
End of World Piece? (unknown),xa_ew_2060.mdls,0,713C0,Resist 01 Physical,64 00 00 00,100
End of World Piece? (unknown),xa_ew_2060.mdls,0,713C4,Resist 02 Fire,64 00 00 00,100
End of World Piece? (unknown),xa_ew_2060.mdls,0,713C8,Resist 03 Blizzard,64 00 00 00,100
End of World Piece? (unknown),xa_ew_2060.mdls,0,713CC,Resist 04 Thunder,64 00 00 00,100
End of World Piece? (unknown),xa_ew_2060.mdls,0,713D0,Resist 05 Unknown,64 00 00 00,100
End of World Piece? (unknown),xa_ew_2060.mdls,0,713D4,Resist 06 Unknown,64 00 00 00,100
End of World Piece? (unknown),xa_ew_2060.mdls,0,713D8,Resist 07 Unknown,64 00 00 00,100
End of World Piece? (unknown),xa_ew_2060.mdls,0,713DC,Resist 08 Percent HP,50 00 00 00,80
End of World Piece? (unknown),xa_ew_2060.mdls,0,713E0,Resist 09 Stop,00 00 00 00,0
End of World Piece? (unknown),xa_ew_2060.mdls,0,713E4,Resist 0A Stun,64 00 00 00,100
End of World Piece? (unknown),xa_ew_2060.mdls,0,713E8,Resist 0B Heal,64 00 00 00,100
End of World Piece? (unknown),xa_ew_2060.mdls,0,713EC,Resist 0C Unknown,64 00 00 00,100
End of World Piece? (unknown),xa_ew_2060.mdls,0,713F0,Resist 0D Unknown,64 00 00 00,100
End of World Piece? (unknown),xa_ew_2060.mdls,0,713F4,Resist 0E Unknown,64 00 00 00,100
End of World Piece? (unknown),xa_ew_2060.mdls,0,713F8,Resist 0F Unknown,64 00 00 00,100
End of World Piece? (unknown),xa_ew_2060.mdls,0,713FC,??? (+68),01 02 00 00,513
Ansem (Final Boss),xa_ew_3020.mdls,0,320A94,HP,DC 05 00 00,1500
Ansem (Final Boss),xa_ew_3020.mdls,0,320A98,ATK Level,12 00 00 00,18
Ansem (Final Boss),xa_ew_3020.mdls,0,320A9C,DEF Level,12 00 00 00,18
Ansem (Final Boss),xa_ew_3020.mdls,0,320AA0,Min Damage Taken,04 00 00 00,4
Ansem (Final Boss),xa_ew_3020.mdls,0,320AA4,Max Damage Taken,14 00 00 00,20
Ansem (Final Boss),xa_ew_3020.mdls,0,320AA8,MP Recovery On Hit,40 00 00 00,64
Ansem (Final Boss),xa_ew_3020.mdls,0,320AAC,Knockback Weight,00 00 80 3F,1
Ansem (Final Boss),xa_ew_3020.mdls,0,320AB0,EXP,20 4E 00 00,20000
Ansem (Final Boss),xa_ew_3020.mdls,0,320AB4,??? (+20),00 00 00 00,0
Ansem (Final Boss),xa_ew_3020.mdls,0,320AB8,Outgoing Damage Multiplier,00 00 80 3F,1
Ansem (Final Boss),xa_ew_3020.mdls,0,320ABC,Resist 00 Unknown,32 00 00 00,50
Ansem (Final Boss),xa_ew_3020.mdls,0,320AC0,Resist 01 Physical,64 00 00 00,100
Ansem (Final Boss),xa_ew_3020.mdls,0,320AC4,Resist 02 Fire,31 00 00 00,49
Ansem (Final Boss),xa_ew_3020.mdls,0,320AC8,Resist 03 Blizzard,32 00 00 00,50
Ansem (Final Boss),xa_ew_3020.mdls,0,320ACC,Resist 04 Thunder,64 00 00 00,100
Ansem (Final Boss),xa_ew_3020.mdls,0,320AD0,Resist 05 Unknown,64 00 00 00,100
Ansem (Final Boss),xa_ew_3020.mdls,0,320AD4,Resist 06 Unknown,64 00 00 00,100
Ansem (Final Boss),xa_ew_3020.mdls,0,320AD8,Resist 07 Unknown,64 00 00 00,100
Ansem (Final Boss),xa_ew_3020.mdls,0,320ADC,Resist 08 Percent HP,02 00 00 00,2
Ansem (Final Boss),xa_ew_3020.mdls,0,320AE0,Resist 09 Stop,00 00 00 00,0
Ansem (Final Boss),xa_ew_3020.mdls,0,320AE4,Resist 0A Stun,32 00 00 00,50
Ansem (Final Boss),xa_ew_3020.mdls,0,320AE8,Resist 0B Heal,64 00 00 00,100
Ansem (Final Boss),xa_ew_3020.mdls,0,320AEC,Resist 0C Unknown,64 00 00 00,100
Ansem (Final Boss),xa_ew_3020.mdls,0,320AF0,Resist 0D Unknown,64 00 00 00,100
Ansem (Final Boss),xa_ew_3020.mdls,0,320AF4,Resist 0E Unknown,64 00 00 00,100
Ansem (Final Boss),xa_ew_3020.mdls,0,320AF8,Resist 0F Unknown,64 00 00 00,100
Ansem (Final Boss),xa_ew_3020.mdls,0,320AFC,??? (+68),00 02 00 00,512
Riku (Wooden Sword),xa_ex_1010.mdls,0,82694,HP,5A 00 00 00,90
Riku (Wooden Sword),xa_ex_1010.mdls,0,82698,ATK Level,01 00 00 00,1
Riku (Wooden Sword),xa_ex_1010.mdls,0,8269C,DEF Level,01 00 00 00,1
Riku (Wooden Sword),xa_ex_1010.mdls,0,826A0,Min Damage Taken,02 00 00 00,2
Riku (Wooden Sword),xa_ex_1010.mdls,0,826A4,Max Damage Taken,0A 00 00 00,10
Riku (Wooden Sword),xa_ex_1010.mdls,0,826A8,MP Recovery On Hit,00 00 00 00,0
Riku (Wooden Sword),xa_ex_1010.mdls,0,826AC,Knockback Weight,00 00 80 3F,1
Riku (Wooden Sword),xa_ex_1010.mdls,0,826B0,EXP,05 00 00 00,5
Riku (Wooden Sword),xa_ex_1010.mdls,0,826B4,??? (+20),00 00 00 00,0
Riku (Wooden Sword),xa_ex_1010.mdls,0,826B8,Outgoing Damage Multiplier,00 00 80 3F,1
Riku (Wooden Sword),xa_ex_1010.mdls,0,826BC,Resist 00 Unknown,64 00 00 00,100
Riku (Wooden Sword),xa_ex_1010.mdls,0,826C0,Resist 01 Physical,64 00 00 00,100
Riku (Wooden Sword),xa_ex_1010.mdls,0,826C4,Resist 02 Fire,64 00 00 00,100
Riku (Wooden Sword),xa_ex_1010.mdls,0,826C8,Resist 03 Blizzard,64 00 00 00,100
Riku (Wooden Sword),xa_ex_1010.mdls,0,826CC,Resist 04 Thunder,64 00 00 00,100
Riku (Wooden Sword),xa_ex_1010.mdls,0,826D0,Resist 05 Unknown,64 00 00 00,100
Riku (Wooden Sword),xa_ex_1010.mdls,0,826D4,Resist 06 Unknown,64 00 00 00,100
Riku (Wooden Sword),xa_ex_1010.mdls,0,826D8,Resist 07 Unknown,64 00 00 00,100
Riku (Wooden Sword),xa_ex_1010.mdls,0,826DC,Resist 08 Percent HP,64 00 00 00,100
Riku (Wooden Sword),xa_ex_1010.mdls,0,826E0,Resist 09 Stop,64 00 00 00,100
Riku (Wooden Sword),xa_ex_1010.mdls,0,826E4,Resist 0A Stun,64 00 00 00,100
Riku (Wooden Sword),xa_ex_1010.mdls,0,826E8,Resist 0B Heal,64 00 00 00,100
Riku (Wooden Sword),xa_ex_1010.mdls,0,826EC,Resist 0C Unknown,64 00 00 00,100
Riku (Wooden Sword),xa_ex_1010.mdls,0,826F0,Resist 0D Unknown,64 00 00 00,100
Riku (Wooden Sword),xa_ex_1010.mdls,0,826F4,Resist 0E Unknown,64 00 00 00,100
Riku (Wooden Sword),xa_ex_1010.mdls,0,826F8,Resist 0F Unknown,64 00 00 00,100
Riku (Wooden Sword),xa_ex_1010.mdls,0,826FC,??? (+68),00 00 00 00,0
Leon,xa_ex_1030.mdls,0,11D494,HP,78 00 00 00,120
Leon,xa_ex_1030.mdls,0,11D498,ATK Level,03 00 00 00,3
Leon,xa_ex_1030.mdls,0,11D49C,DEF Level,03 00 00 00,3
Leon,xa_ex_1030.mdls,0,11D4A0,Min Damage Taken,02 00 00 00,2
Leon,xa_ex_1030.mdls,0,11D4A4,Max Damage Taken,0A 00 00 00,10
Leon,xa_ex_1030.mdls,0,11D4A8,MP Recovery On Hit,0A 00 00 00,10
Leon,xa_ex_1030.mdls,0,11D4AC,Knockback Weight,00 00 80 3F,1
Leon,xa_ex_1030.mdls,0,11D4B0,EXP,1E 00 00 00,30
Leon,xa_ex_1030.mdls,0,11D4B4,??? (+20),00 00 00 00,0
Leon,xa_ex_1030.mdls,0,11D4B8,Outgoing Damage Multiplier,00 00 80 3F,1
Leon,xa_ex_1030.mdls,0,11D4BC,Resist 00 Unknown,32 00 00 00,50
Leon,xa_ex_1030.mdls,0,11D4C0,Resist 01 Physical,64 00 00 00,100
Leon,xa_ex_1030.mdls,0,11D4C4,Resist 02 Fire,31 00 00 00,49
Leon,xa_ex_1030.mdls,0,11D4C8,Resist 03 Blizzard,32 00 00 00,50
Leon,xa_ex_1030.mdls,0,11D4CC,Resist 04 Thunder,64 00 00 00,100
Leon,xa_ex_1030.mdls,0,11D4D0,Resist 05 Unknown,64 00 00 00,100
Leon,xa_ex_1030.mdls,0,11D4D4,Resist 06 Unknown,64 00 00 00,100
Leon,xa_ex_1030.mdls,0,11D4D8,Resist 07 Unknown,64 00 00 00,100
Leon,xa_ex_1030.mdls,0,11D4DC,Resist 08 Percent HP,04 00 00 00,4
Leon,xa_ex_1030.mdls,0,11D4E0,Resist 09 Stop,1E 00 00 00,30
Leon,xa_ex_1030.mdls,0,11D4E4,Resist 0A Stun,32 00 00 00,50
Leon,xa_ex_1030.mdls,0,11D4E8,Resist 0B Heal,64 00 00 00,100
Leon,xa_ex_1030.mdls,0,11D4EC,Resist 0C Unknown,64 00 00 00,100
Leon,xa_ex_1030.mdls,0,11D4F0,Resist 0D Unknown,64 00 00 00,100
Leon,xa_ex_1030.mdls,0,11D4F4,Resist 0E Unknown,64 00 00 00,100
Leon,xa_ex_1030.mdls,0,11D4F8,Resist 0F Unknown,64 00 00 00,100
Leon,xa_ex_1030.mdls,0,11D4FC,??? (+68),00 00 00 00,0
Leon,xa_ex_1030.mdls,1,11D500,HP,58 02 00 00,600
Leon,xa_ex_1030.mdls,1,11D504,ATK Level,0B 00 00 00,11
Leon,xa_ex_1030.mdls,1,11D508,DEF Level,0B 00 00 00,11
Leon,xa_ex_1030.mdls,1,11D50C,Min Damage Taken,02 00 00 00,2
Leon,xa_ex_1030.mdls,1,11D510,Max Damage Taken,14 00 00 00,20
Leon,xa_ex_1030.mdls,1,11D514,MP Recovery On Hit,21 00 00 00,33
Leon,xa_ex_1030.mdls,1,11D518,Knockback Weight,00 00 80 3F,1
Leon,xa_ex_1030.mdls,1,11D51C,EXP,90 01 00 00,400
Leon,xa_ex_1030.mdls,1,11D520,??? (+20),00 00 00 00,0
Leon,xa_ex_1030.mdls,1,11D524,Outgoing Damage Multiplier,33 33 F3 3F,1.9
Leon,xa_ex_1030.mdls,1,11D528,Resist 00 Unknown,32 00 00 00,50
Leon,xa_ex_1030.mdls,1,11D52C,Resist 01 Physical,64 00 00 00,100
Leon,xa_ex_1030.mdls,1,11D530,Resist 02 Fire,31 00 00 00,49
Leon,xa_ex_1030.mdls,1,11D534,Resist 03 Blizzard,32 00 00 00,50
Leon,xa_ex_1030.mdls,1,11D538,Resist 04 Thunder,64 00 00 00,100
Leon,xa_ex_1030.mdls,1,11D53C,Resist 05 Unknown,64 00 00 00,100
Leon,xa_ex_1030.mdls,1,11D540,Resist 06 Unknown,64 00 00 00,100
Leon,xa_ex_1030.mdls,1,11D544,Resist 07 Unknown,64 00 00 00,100
Leon,xa_ex_1030.mdls,1,11D548,Resist 08 Percent HP,04 00 00 00,4
Leon,xa_ex_1030.mdls,1,11D54C,Resist 09 Stop,1E 00 00 00,30
Leon,xa_ex_1030.mdls,1,11D550,Resist 0A Stun,32 00 00 00,50
Leon,xa_ex_1030.mdls,1,11D554,Resist 0B Heal,64 00 00 00,100
Leon,xa_ex_1030.mdls,1,11D558,Resist 0C Unknown,64 00 00 00,100
Leon,xa_ex_1030.mdls,1,11D55C,Resist 0D Unknown,64 00 00 00,100
Leon,xa_ex_1030.mdls,1,11D560,Resist 0E Unknown,64 00 00 00,100
Leon,xa_ex_1030.mdls,1,11D564,Resist 0F Unknown,64 00 00 00,100
Leon,xa_ex_1030.mdls,1,11D568,??? (+68),00 00 00 00,0
Leon,xa_ex_1030.mdls,2,11D56C,HP,58 02 00 00,600
Leon,xa_ex_1030.mdls,2,11D570,ATK Level,0B 00 00 00,11
Leon,xa_ex_1030.mdls,2,11D574,DEF Level,0B 00 00 00,11
Leon,xa_ex_1030.mdls,2,11D578,Min Damage Taken,02 00 00 00,2
Leon,xa_ex_1030.mdls,2,11D57C,Max Damage Taken,14 00 00 00,20
Leon,xa_ex_1030.mdls,2,11D580,MP Recovery On Hit,21 00 00 00,33
Leon,xa_ex_1030.mdls,2,11D584,Knockback Weight,00 00 80 3F,1
Leon,xa_ex_1030.mdls,2,11D588,EXP,90 01 00 00,400
Leon,xa_ex_1030.mdls,2,11D58C,??? (+20),00 00 00 00,0
Leon,xa_ex_1030.mdls,2,11D590,Outgoing Damage Multiplier,33 33 F3 3F,1.9
Leon,xa_ex_1030.mdls,2,11D594,Resist 00 Unknown,32 00 00 00,50
Leon,xa_ex_1030.mdls,2,11D598,Resist 01 Physical,64 00 00 00,100
Leon,xa_ex_1030.mdls,2,11D59C,Resist 02 Fire,31 00 00 00,49
Leon,xa_ex_1030.mdls,2,11D5A0,Resist 03 Blizzard,32 00 00 00,50
Leon,xa_ex_1030.mdls,2,11D5A4,Resist 04 Thunder,64 00 00 00,100
Leon,xa_ex_1030.mdls,2,11D5A8,Resist 05 Unknown,64 00 00 00,100
Leon,xa_ex_1030.mdls,2,11D5AC,Resist 06 Unknown,64 00 00 00,100
Leon,xa_ex_1030.mdls,2,11D5B0,Resist 07 Unknown,64 00 00 00,100
Leon,xa_ex_1030.mdls,2,11D5B4,Resist 08 Percent HP,04 00 00 00,4
Leon,xa_ex_1030.mdls,2,11D5B8,Resist 09 Stop,1E 00 00 00,30
Leon,xa_ex_1030.mdls,2,11D5BC,Resist 0A Stun,32 00 00 00,50
Leon,xa_ex_1030.mdls,2,11D5C0,Resist 0B Heal,64 00 00 00,100
Leon,xa_ex_1030.mdls,2,11D5C4,Resist 0C Unknown,64 00 00 00,100
Leon,xa_ex_1030.mdls,2,11D5C8,Resist 0D Unknown,64 00 00 00,100
Leon,xa_ex_1030.mdls,2,11D5CC,Resist 0E Unknown,64 00 00 00,100
Leon,xa_ex_1030.mdls,2,11D5D0,Resist 0F Unknown,64 00 00 00,100
Leon,xa_ex_1030.mdls,2,11D5D4,??? (+68),00 00 00 00,0
Leon,xa_ex_1030.mdls,3,11D5D8,HP,EE 02 00 00,750
Leon,xa_ex_1030.mdls,3,11D5DC,ATK Level,11 00 00 00,17
Leon,xa_ex_1030.mdls,3,11D5E0,DEF Level,11 00 00 00,17
Leon,xa_ex_1030.mdls,3,11D5E4,Min Damage Taken,02 00 00 00,2
Leon,xa_ex_1030.mdls,3,11D5E8,Max Damage Taken,14 00 00 00,20
Leon,xa_ex_1030.mdls,3,11D5EC,MP Recovery On Hit,35 00 00 00,53
Leon,xa_ex_1030.mdls,3,11D5F0,Knockback Weight,00 00 80 3F,1
Leon,xa_ex_1030.mdls,3,11D5F4,EXP,20 03 00 00,800
Leon,xa_ex_1030.mdls,3,11D5F8,??? (+20),00 00 00 00,0
Leon,xa_ex_1030.mdls,3,11D5FC,Outgoing Damage Multiplier,00 00 40 40,3
Leon,xa_ex_1030.mdls,3,11D600,Resist 00 Unknown,32 00 00 00,50
Leon,xa_ex_1030.mdls,3,11D604,Resist 01 Physical,64 00 00 00,100
Leon,xa_ex_1030.mdls,3,11D608,Resist 02 Fire,31 00 00 00,49
Leon,xa_ex_1030.mdls,3,11D60C,Resist 03 Blizzard,32 00 00 00,50
Leon,xa_ex_1030.mdls,3,11D610,Resist 04 Thunder,64 00 00 00,100
Leon,xa_ex_1030.mdls,3,11D614,Resist 05 Unknown,64 00 00 00,100
Leon,xa_ex_1030.mdls,3,11D618,Resist 06 Unknown,64 00 00 00,100
Leon,xa_ex_1030.mdls,3,11D61C,Resist 07 Unknown,64 00 00 00,100
Leon,xa_ex_1030.mdls,3,11D620,Resist 08 Percent HP,03 00 00 00,3
Leon,xa_ex_1030.mdls,3,11D624,Resist 09 Stop,14 00 00 00,20
Leon,xa_ex_1030.mdls,3,11D628,Resist 0A Stun,32 00 00 00,50
Leon,xa_ex_1030.mdls,3,11D62C,Resist 0B Heal,64 00 00 00,100
Leon,xa_ex_1030.mdls,3,11D630,Resist 0C Unknown,64 00 00 00,100
Leon,xa_ex_1030.mdls,3,11D634,Resist 0D Unknown,64 00 00 00,100
Leon,xa_ex_1030.mdls,3,11D638,Resist 0E Unknown,64 00 00 00,100
Leon,xa_ex_1030.mdls,3,11D63C,Resist 0F Unknown,64 00 00 00,100
Leon,xa_ex_1030.mdls,3,11D640,??? (+68),00 00 00 00,0
Leon,xa_ex_1030.mdls,4,11D644,HP,EE 02 00 00,750
Leon,xa_ex_1030.mdls,4,11D648,ATK Level,11 00 00 00,17
Leon,xa_ex_1030.mdls,4,11D64C,DEF Level,11 00 00 00,17
Leon,xa_ex_1030.mdls,4,11D650,Min Damage Taken,02 00 00 00,2
Leon,xa_ex_1030.mdls,4,11D654,Max Damage Taken,14 00 00 00,20
Leon,xa_ex_1030.mdls,4,11D658,MP Recovery On Hit,35 00 00 00,53
Leon,xa_ex_1030.mdls,4,11D65C,Knockback Weight,00 00 80 3F,1
Leon,xa_ex_1030.mdls,4,11D660,EXP,20 03 00 00,800
Leon,xa_ex_1030.mdls,4,11D664,??? (+20),00 00 00 00,0
Leon,xa_ex_1030.mdls,4,11D668,Outgoing Damage Multiplier,00 00 40 40,3
Leon,xa_ex_1030.mdls,4,11D66C,Resist 00 Unknown,32 00 00 00,50
Leon,xa_ex_1030.mdls,4,11D670,Resist 01 Physical,64 00 00 00,100
Leon,xa_ex_1030.mdls,4,11D674,Resist 02 Fire,31 00 00 00,49
Leon,xa_ex_1030.mdls,4,11D678,Resist 03 Blizzard,32 00 00 00,50
Leon,xa_ex_1030.mdls,4,11D67C,Resist 04 Thunder,64 00 00 00,100
Leon,xa_ex_1030.mdls,4,11D680,Resist 05 Unknown,64 00 00 00,100
Leon,xa_ex_1030.mdls,4,11D684,Resist 06 Unknown,64 00 00 00,100
Leon,xa_ex_1030.mdls,4,11D688,Resist 07 Unknown,64 00 00 00,100
Leon,xa_ex_1030.mdls,4,11D68C,Resist 08 Percent HP,03 00 00 00,3
Leon,xa_ex_1030.mdls,4,11D690,Resist 09 Stop,14 00 00 00,20
Leon,xa_ex_1030.mdls,4,11D694,Resist 0A Stun,32 00 00 00,50
Leon,xa_ex_1030.mdls,4,11D698,Resist 0B Heal,64 00 00 00,100
Leon,xa_ex_1030.mdls,4,11D69C,Resist 0C Unknown,64 00 00 00,100
Leon,xa_ex_1030.mdls,4,11D6A0,Resist 0D Unknown,64 00 00 00,100
Leon,xa_ex_1030.mdls,4,11D6A4,Resist 0E Unknown,64 00 00 00,100
Leon,xa_ex_1030.mdls,4,11D6A8,Resist 0F Unknown,64 00 00 00,100
Leon,xa_ex_1030.mdls,4,11D6AC,??? (+68),00 00 00 00,0
Leon,xa_ex_1030.mdls,5,11D6B0,HP,EE 02 00 00,750
Leon,xa_ex_1030.mdls,5,11D6B4,ATK Level,13 00 00 00,19
Leon,xa_ex_1030.mdls,5,11D6B8,DEF Level,13 00 00 00,19
Leon,xa_ex_1030.mdls,5,11D6BC,Min Damage Taken,02 00 00 00,2
Leon,xa_ex_1030.mdls,5,11D6C0,Max Damage Taken,14 00 00 00,20
Leon,xa_ex_1030.mdls,5,11D6C4,MP Recovery On Hit,39 00 00 00,57
Leon,xa_ex_1030.mdls,5,11D6C8,Knockback Weight,00 00 80 3F,1
Leon,xa_ex_1030.mdls,5,11D6CC,EXP,20 03 00 00,800
Leon,xa_ex_1030.mdls,5,11D6D0,??? (+20),00 00 00 00,0
Leon,xa_ex_1030.mdls,5,11D6D4,Outgoing Damage Multiplier,9A 99 79 40,3.9
Leon,xa_ex_1030.mdls,5,11D6D8,Resist 00 Unknown,32 00 00 00,50
Leon,xa_ex_1030.mdls,5,11D6DC,Resist 01 Physical,64 00 00 00,100
Leon,xa_ex_1030.mdls,5,11D6E0,Resist 02 Fire,31 00 00 00,49
Leon,xa_ex_1030.mdls,5,11D6E4,Resist 03 Blizzard,32 00 00 00,50
Leon,xa_ex_1030.mdls,5,11D6E8,Resist 04 Thunder,64 00 00 00,100
Leon,xa_ex_1030.mdls,5,11D6EC,Resist 05 Unknown,64 00 00 00,100
Leon,xa_ex_1030.mdls,5,11D6F0,Resist 06 Unknown,64 00 00 00,100
Leon,xa_ex_1030.mdls,5,11D6F4,Resist 07 Unknown,64 00 00 00,100
Leon,xa_ex_1030.mdls,5,11D6F8,Resist 08 Percent HP,03 00 00 00,3
Leon,xa_ex_1030.mdls,5,11D6FC,Resist 09 Stop,14 00 00 00,20
Leon,xa_ex_1030.mdls,5,11D700,Resist 0A Stun,32 00 00 00,50
Leon,xa_ex_1030.mdls,5,11D704,Resist 0B Heal,64 00 00 00,100
Leon,xa_ex_1030.mdls,5,11D708,Resist 0C Unknown,64 00 00 00,100
Leon,xa_ex_1030.mdls,5,11D70C,Resist 0D Unknown,64 00 00 00,100
Leon,xa_ex_1030.mdls,5,11D710,Resist 0E Unknown,64 00 00 00,100
Leon,xa_ex_1030.mdls,5,11D714,Resist 0F Unknown,64 00 00 00,100
Leon,xa_ex_1030.mdls,5,11D718,??? (+68),00 00 00 00,0
Leon,xa_ex_1030.mdls,6,11D71C,HP,EE 02 00 00,750
Leon,xa_ex_1030.mdls,6,11D720,ATK Level,13 00 00 00,19
Leon,xa_ex_1030.mdls,6,11D724,DEF Level,13 00 00 00,19
Leon,xa_ex_1030.mdls,6,11D728,Min Damage Taken,02 00 00 00,2
Leon,xa_ex_1030.mdls,6,11D72C,Max Damage Taken,14 00 00 00,20
Leon,xa_ex_1030.mdls,6,11D730,MP Recovery On Hit,39 00 00 00,57
Leon,xa_ex_1030.mdls,6,11D734,Knockback Weight,00 00 80 3F,1
Leon,xa_ex_1030.mdls,6,11D738,EXP,20 03 00 00,800
Leon,xa_ex_1030.mdls,6,11D73C,??? (+20),00 00 00 00,0
Leon,xa_ex_1030.mdls,6,11D740,Outgoing Damage Multiplier,9A 99 79 40,3.9
Leon,xa_ex_1030.mdls,6,11D744,Resist 00 Unknown,32 00 00 00,50
Leon,xa_ex_1030.mdls,6,11D748,Resist 01 Physical,64 00 00 00,100
Leon,xa_ex_1030.mdls,6,11D74C,Resist 02 Fire,31 00 00 00,49
Leon,xa_ex_1030.mdls,6,11D750,Resist 03 Blizzard,32 00 00 00,50
Leon,xa_ex_1030.mdls,6,11D754,Resist 04 Thunder,64 00 00 00,100
Leon,xa_ex_1030.mdls,6,11D758,Resist 05 Unknown,64 00 00 00,100
Leon,xa_ex_1030.mdls,6,11D75C,Resist 06 Unknown,64 00 00 00,100
Leon,xa_ex_1030.mdls,6,11D760,Resist 07 Unknown,64 00 00 00,100
Leon,xa_ex_1030.mdls,6,11D764,Resist 08 Percent HP,03 00 00 00,3
Leon,xa_ex_1030.mdls,6,11D768,Resist 09 Stop,14 00 00 00,20
Leon,xa_ex_1030.mdls,6,11D76C,Resist 0A Stun,32 00 00 00,50
Leon,xa_ex_1030.mdls,6,11D770,Resist 0B Heal,64 00 00 00,100
Leon,xa_ex_1030.mdls,6,11D774,Resist 0C Unknown,64 00 00 00,100
Leon,xa_ex_1030.mdls,6,11D778,Resist 0D Unknown,64 00 00 00,100
Leon,xa_ex_1030.mdls,6,11D77C,Resist 0E Unknown,64 00 00 00,100
Leon,xa_ex_1030.mdls,6,11D780,Resist 0F Unknown,64 00 00 00,100
Leon,xa_ex_1030.mdls,6,11D784,??? (+68),00 00 00 00,0
Yuffie,xa_ex_1040.mdls,0,D0D14,HP,2C 01 00 00,300
Yuffie,xa_ex_1040.mdls,0,D0D18,ATK Level,0B 00 00 00,11
Yuffie,xa_ex_1040.mdls,0,D0D1C,DEF Level,0B 00 00 00,11
Yuffie,xa_ex_1040.mdls,0,D0D20,Min Damage Taken,02 00 00 00,2
Yuffie,xa_ex_1040.mdls,0,D0D24,Max Damage Taken,14 00 00 00,20
Yuffie,xa_ex_1040.mdls,0,D0D28,MP Recovery On Hit,21 00 00 00,33
Yuffie,xa_ex_1040.mdls,0,D0D2C,Knockback Weight,00 00 80 3F,1
Yuffie,xa_ex_1040.mdls,0,D0D30,EXP,2C 01 00 00,300
Yuffie,xa_ex_1040.mdls,0,D0D34,??? (+20),00 00 00 00,0
Yuffie,xa_ex_1040.mdls,0,D0D38,Outgoing Damage Multiplier,00 00 80 3F,1
Yuffie,xa_ex_1040.mdls,0,D0D3C,Resist 00 Unknown,32 00 00 00,50
Yuffie,xa_ex_1040.mdls,0,D0D40,Resist 01 Physical,64 00 00 00,100
Yuffie,xa_ex_1040.mdls,0,D0D44,Resist 02 Fire,31 00 00 00,49
Yuffie,xa_ex_1040.mdls,0,D0D48,Resist 03 Blizzard,32 00 00 00,50
Yuffie,xa_ex_1040.mdls,0,D0D4C,Resist 04 Thunder,64 00 00 00,100
Yuffie,xa_ex_1040.mdls,0,D0D50,Resist 05 Unknown,64 00 00 00,100
Yuffie,xa_ex_1040.mdls,0,D0D54,Resist 06 Unknown,64 00 00 00,100
Yuffie,xa_ex_1040.mdls,0,D0D58,Resist 07 Unknown,64 00 00 00,100
Yuffie,xa_ex_1040.mdls,0,D0D5C,Resist 08 Percent HP,04 00 00 00,4
Yuffie,xa_ex_1040.mdls,0,D0D60,Resist 09 Stop,1E 00 00 00,30
Yuffie,xa_ex_1040.mdls,0,D0D64,Resist 0A Stun,32 00 00 00,50
Yuffie,xa_ex_1040.mdls,0,D0D68,Resist 0B Heal,64 00 00 00,100
Yuffie,xa_ex_1040.mdls,0,D0D6C,Resist 0C Unknown,64 00 00 00,100
Yuffie,xa_ex_1040.mdls,0,D0D70,Resist 0D Unknown,64 00 00 00,100
Yuffie,xa_ex_1040.mdls,0,D0D74,Resist 0E Unknown,64 00 00 00,100
Yuffie,xa_ex_1040.mdls,0,D0D78,Resist 0F Unknown,64 00 00 00,100
Yuffie,xa_ex_1040.mdls,0,D0D7C,??? (+68),00 00 00 00,0
Yuffie,xa_ex_1040.mdls,1,D0D80,HP,2C 01 00 00,300
Yuffie,xa_ex_1040.mdls,1,D0D84,ATK Level,0B 00 00 00,11
Yuffie,xa_ex_1040.mdls,1,D0D88,DEF Level,0B 00 00 00,11
Yuffie,xa_ex_1040.mdls,1,D0D8C,Min Damage Taken,02 00 00 00,2
Yuffie,xa_ex_1040.mdls,1,D0D90,Max Damage Taken,14 00 00 00,20
Yuffie,xa_ex_1040.mdls,1,D0D94,MP Recovery On Hit,21 00 00 00,33
Yuffie,xa_ex_1040.mdls,1,D0D98,Knockback Weight,00 00 80 3F,1
Yuffie,xa_ex_1040.mdls,1,D0D9C,EXP,2C 01 00 00,300
Yuffie,xa_ex_1040.mdls,1,D0DA0,??? (+20),00 00 00 00,0
Yuffie,xa_ex_1040.mdls,1,D0DA4,Outgoing Damage Multiplier,00 00 80 3F,1
Yuffie,xa_ex_1040.mdls,1,D0DA8,Resist 00 Unknown,32 00 00 00,50
Yuffie,xa_ex_1040.mdls,1,D0DAC,Resist 01 Physical,64 00 00 00,100
Yuffie,xa_ex_1040.mdls,1,D0DB0,Resist 02 Fire,31 00 00 00,49
Yuffie,xa_ex_1040.mdls,1,D0DB4,Resist 03 Blizzard,32 00 00 00,50
Yuffie,xa_ex_1040.mdls,1,D0DB8,Resist 04 Thunder,64 00 00 00,100
Yuffie,xa_ex_1040.mdls,1,D0DBC,Resist 05 Unknown,64 00 00 00,100
Yuffie,xa_ex_1040.mdls,1,D0DC0,Resist 06 Unknown,64 00 00 00,100
Yuffie,xa_ex_1040.mdls,1,D0DC4,Resist 07 Unknown,64 00 00 00,100
Yuffie,xa_ex_1040.mdls,1,D0DC8,Resist 08 Percent HP,04 00 00 00,4
Yuffie,xa_ex_1040.mdls,1,D0DCC,Resist 09 Stop,1E 00 00 00,30
Yuffie,xa_ex_1040.mdls,1,D0DD0,Resist 0A Stun,32 00 00 00,50
Yuffie,xa_ex_1040.mdls,1,D0DD4,Resist 0B Heal,64 00 00 00,100
Yuffie,xa_ex_1040.mdls,1,D0DD8,Resist 0C Unknown,64 00 00 00,100
Yuffie,xa_ex_1040.mdls,1,D0DDC,Resist 0D Unknown,64 00 00 00,100
Yuffie,xa_ex_1040.mdls,1,D0DE0,Resist 0E Unknown,64 00 00 00,100
Yuffie,xa_ex_1040.mdls,1,D0DE4,Resist 0F Unknown,64 00 00 00,100
Yuffie,xa_ex_1040.mdls,1,D0DE8,??? (+68),00 00 00 00,0
Yuffie,xa_ex_1040.mdls,2,D0DEC,HP,C2 01 00 00,450
Yuffie,xa_ex_1040.mdls,2,D0DF0,ATK Level,11 00 00 00,17
Yuffie,xa_ex_1040.mdls,2,D0DF4,DEF Level,11 00 00 00,17
Yuffie,xa_ex_1040.mdls,2,D0DF8,Min Damage Taken,02 00 00 00,2
Yuffie,xa_ex_1040.mdls,2,D0DFC,Max Damage Taken,14 00 00 00,20
Yuffie,xa_ex_1040.mdls,2,D0E00,MP Recovery On Hit,35 00 00 00,53
Yuffie,xa_ex_1040.mdls,2,D0E04,Knockback Weight,00 00 80 3F,1
Yuffie,xa_ex_1040.mdls,2,D0E08,EXP,58 02 00 00,600
Yuffie,xa_ex_1040.mdls,2,D0E0C,??? (+20),00 00 00 00,0
Yuffie,xa_ex_1040.mdls,2,D0E10,Outgoing Damage Multiplier,00 00 00 40,2
Yuffie,xa_ex_1040.mdls,2,D0E14,Resist 00 Unknown,32 00 00 00,50
Yuffie,xa_ex_1040.mdls,2,D0E18,Resist 01 Physical,64 00 00 00,100
Yuffie,xa_ex_1040.mdls,2,D0E1C,Resist 02 Fire,31 00 00 00,49
Yuffie,xa_ex_1040.mdls,2,D0E20,Resist 03 Blizzard,32 00 00 00,50
Yuffie,xa_ex_1040.mdls,2,D0E24,Resist 04 Thunder,64 00 00 00,100
Yuffie,xa_ex_1040.mdls,2,D0E28,Resist 05 Unknown,64 00 00 00,100
Yuffie,xa_ex_1040.mdls,2,D0E2C,Resist 06 Unknown,64 00 00 00,100
Yuffie,xa_ex_1040.mdls,2,D0E30,Resist 07 Unknown,64 00 00 00,100
Yuffie,xa_ex_1040.mdls,2,D0E34,Resist 08 Percent HP,03 00 00 00,3
Yuffie,xa_ex_1040.mdls,2,D0E38,Resist 09 Stop,14 00 00 00,20
Yuffie,xa_ex_1040.mdls,2,D0E3C,Resist 0A Stun,32 00 00 00,50
Yuffie,xa_ex_1040.mdls,2,D0E40,Resist 0B Heal,64 00 00 00,100
Yuffie,xa_ex_1040.mdls,2,D0E44,Resist 0C Unknown,64 00 00 00,100
Yuffie,xa_ex_1040.mdls,2,D0E48,Resist 0D Unknown,64 00 00 00,100
Yuffie,xa_ex_1040.mdls,2,D0E4C,Resist 0E Unknown,64 00 00 00,100
Yuffie,xa_ex_1040.mdls,2,D0E50,Resist 0F Unknown,64 00 00 00,100
Yuffie,xa_ex_1040.mdls,2,D0E54,??? (+68),00 00 00 00,0
Yuffie,xa_ex_1040.mdls,3,D0E58,HP,C2 01 00 00,450
Yuffie,xa_ex_1040.mdls,3,D0E5C,ATK Level,11 00 00 00,17
Yuffie,xa_ex_1040.mdls,3,D0E60,DEF Level,11 00 00 00,17
Yuffie,xa_ex_1040.mdls,3,D0E64,Min Damage Taken,02 00 00 00,2
Yuffie,xa_ex_1040.mdls,3,D0E68,Max Damage Taken,14 00 00 00,20
Yuffie,xa_ex_1040.mdls,3,D0E6C,MP Recovery On Hit,35 00 00 00,53
Yuffie,xa_ex_1040.mdls,3,D0E70,Knockback Weight,00 00 80 3F,1
Yuffie,xa_ex_1040.mdls,3,D0E74,EXP,58 02 00 00,600
Yuffie,xa_ex_1040.mdls,3,D0E78,??? (+20),00 00 00 00,0
Yuffie,xa_ex_1040.mdls,3,D0E7C,Outgoing Damage Multiplier,00 00 00 40,2
Yuffie,xa_ex_1040.mdls,3,D0E80,Resist 00 Unknown,32 00 00 00,50
Yuffie,xa_ex_1040.mdls,3,D0E84,Resist 01 Physical,64 00 00 00,100
Yuffie,xa_ex_1040.mdls,3,D0E88,Resist 02 Fire,31 00 00 00,49
Yuffie,xa_ex_1040.mdls,3,D0E8C,Resist 03 Blizzard,32 00 00 00,50
Yuffie,xa_ex_1040.mdls,3,D0E90,Resist 04 Thunder,64 00 00 00,100
Yuffie,xa_ex_1040.mdls,3,D0E94,Resist 05 Unknown,64 00 00 00,100
Yuffie,xa_ex_1040.mdls,3,D0E98,Resist 06 Unknown,64 00 00 00,100
Yuffie,xa_ex_1040.mdls,3,D0E9C,Resist 07 Unknown,64 00 00 00,100
Yuffie,xa_ex_1040.mdls,3,D0EA0,Resist 08 Percent HP,03 00 00 00,3
Yuffie,xa_ex_1040.mdls,3,D0EA4,Resist 09 Stop,14 00 00 00,20
Yuffie,xa_ex_1040.mdls,3,D0EA8,Resist 0A Stun,32 00 00 00,50
Yuffie,xa_ex_1040.mdls,3,D0EAC,Resist 0B Heal,64 00 00 00,100
Yuffie,xa_ex_1040.mdls,3,D0EB0,Resist 0C Unknown,64 00 00 00,100
Yuffie,xa_ex_1040.mdls,3,D0EB4,Resist 0D Unknown,64 00 00 00,100
Yuffie,xa_ex_1040.mdls,3,D0EB8,Resist 0E Unknown,64 00 00 00,100
Yuffie,xa_ex_1040.mdls,3,D0EBC,Resist 0F Unknown,64 00 00 00,100
Yuffie,xa_ex_1040.mdls,3,D0EC0,??? (+68),00 00 00 00,0
Yuffie,xa_ex_1040.mdls,4,D0EC4,HP,C2 01 00 00,450
Yuffie,xa_ex_1040.mdls,4,D0EC8,ATK Level,12 00 00 00,18
Yuffie,xa_ex_1040.mdls,4,D0ECC,DEF Level,12 00 00 00,18
Yuffie,xa_ex_1040.mdls,4,D0ED0,Min Damage Taken,02 00 00 00,2
Yuffie,xa_ex_1040.mdls,4,D0ED4,Max Damage Taken,14 00 00 00,20
Yuffie,xa_ex_1040.mdls,4,D0ED8,MP Recovery On Hit,35 00 00 00,53
Yuffie,xa_ex_1040.mdls,4,D0EDC,Knockback Weight,00 00 80 3F,1
Yuffie,xa_ex_1040.mdls,4,D0EE0,EXP,58 02 00 00,600
Yuffie,xa_ex_1040.mdls,4,D0EE4,??? (+20),00 00 00 00,0
Yuffie,xa_ex_1040.mdls,4,D0EE8,Outgoing Damage Multiplier,00 00 00 40,2
Yuffie,xa_ex_1040.mdls,4,D0EEC,Resist 00 Unknown,32 00 00 00,50
Yuffie,xa_ex_1040.mdls,4,D0EF0,Resist 01 Physical,64 00 00 00,100
Yuffie,xa_ex_1040.mdls,4,D0EF4,Resist 02 Fire,31 00 00 00,49
Yuffie,xa_ex_1040.mdls,4,D0EF8,Resist 03 Blizzard,32 00 00 00,50
Yuffie,xa_ex_1040.mdls,4,D0EFC,Resist 04 Thunder,64 00 00 00,100
Yuffie,xa_ex_1040.mdls,4,D0F00,Resist 05 Unknown,64 00 00 00,100
Yuffie,xa_ex_1040.mdls,4,D0F04,Resist 06 Unknown,64 00 00 00,100
Yuffie,xa_ex_1040.mdls,4,D0F08,Resist 07 Unknown,64 00 00 00,100
Yuffie,xa_ex_1040.mdls,4,D0F0C,Resist 08 Percent HP,03 00 00 00,3
Yuffie,xa_ex_1040.mdls,4,D0F10,Resist 09 Stop,14 00 00 00,20
Yuffie,xa_ex_1040.mdls,4,D0F14,Resist 0A Stun,32 00 00 00,50
Yuffie,xa_ex_1040.mdls,4,D0F18,Resist 0B Heal,64 00 00 00,100
Yuffie,xa_ex_1040.mdls,4,D0F1C,Resist 0C Unknown,64 00 00 00,100
Yuffie,xa_ex_1040.mdls,4,D0F20,Resist 0D Unknown,64 00 00 00,100
Yuffie,xa_ex_1040.mdls,4,D0F24,Resist 0E Unknown,64 00 00 00,100
Yuffie,xa_ex_1040.mdls,4,D0F28,Resist 0F Unknown,64 00 00 00,100
Yuffie,xa_ex_1040.mdls,4,D0F2C,??? (+68),00 00 00 00,0
Yuffie,xa_ex_1040.mdls,5,D0F30,HP,C2 01 00 00,450
Yuffie,xa_ex_1040.mdls,5,D0F34,ATK Level,12 00 00 00,18
Yuffie,xa_ex_1040.mdls,5,D0F38,DEF Level,12 00 00 00,18
Yuffie,xa_ex_1040.mdls,5,D0F3C,Min Damage Taken,02 00 00 00,2
Yuffie,xa_ex_1040.mdls,5,D0F40,Max Damage Taken,14 00 00 00,20
Yuffie,xa_ex_1040.mdls,5,D0F44,MP Recovery On Hit,35 00 00 00,53
Yuffie,xa_ex_1040.mdls,5,D0F48,Knockback Weight,00 00 80 3F,1
Yuffie,xa_ex_1040.mdls,5,D0F4C,EXP,58 02 00 00,600
Yuffie,xa_ex_1040.mdls,5,D0F50,??? (+20),00 00 00 00,0
Yuffie,xa_ex_1040.mdls,5,D0F54,Outgoing Damage Multiplier,00 00 00 40,2
Yuffie,xa_ex_1040.mdls,5,D0F58,Resist 00 Unknown,32 00 00 00,50
Yuffie,xa_ex_1040.mdls,5,D0F5C,Resist 01 Physical,64 00 00 00,100
Yuffie,xa_ex_1040.mdls,5,D0F60,Resist 02 Fire,31 00 00 00,49
Yuffie,xa_ex_1040.mdls,5,D0F64,Resist 03 Blizzard,32 00 00 00,50
Yuffie,xa_ex_1040.mdls,5,D0F68,Resist 04 Thunder,64 00 00 00,100
Yuffie,xa_ex_1040.mdls,5,D0F6C,Resist 05 Unknown,64 00 00 00,100
Yuffie,xa_ex_1040.mdls,5,D0F70,Resist 06 Unknown,64 00 00 00,100
Yuffie,xa_ex_1040.mdls,5,D0F74,Resist 07 Unknown,64 00 00 00,100
Yuffie,xa_ex_1040.mdls,5,D0F78,Resist 08 Percent HP,03 00 00 00,3
Yuffie,xa_ex_1040.mdls,5,D0F7C,Resist 09 Stop,14 00 00 00,20
Yuffie,xa_ex_1040.mdls,5,D0F80,Resist 0A Stun,32 00 00 00,50
Yuffie,xa_ex_1040.mdls,5,D0F84,Resist 0B Heal,64 00 00 00,100
Yuffie,xa_ex_1040.mdls,5,D0F88,Resist 0C Unknown,64 00 00 00,100
Yuffie,xa_ex_1040.mdls,5,D0F8C,Resist 0D Unknown,64 00 00 00,100
Yuffie,xa_ex_1040.mdls,5,D0F90,Resist 0E Unknown,64 00 00 00,100
Yuffie,xa_ex_1040.mdls,5,D0F94,Resist 0F Unknown,64 00 00 00,100
Yuffie,xa_ex_1040.mdls,5,D0F98,??? (+68),00 00 00 00,0
Maleficent,xa_ex_1090.mdls,0,137314,HP,84 03 00 00,900
Maleficent,xa_ex_1090.mdls,0,137318,ATK Level,10 00 00 00,16
Maleficent,xa_ex_1090.mdls,0,13731C,DEF Level,10 00 00 00,16
Maleficent,xa_ex_1090.mdls,0,137320,Min Damage Taken,02 00 00 00,2
Maleficent,xa_ex_1090.mdls,0,137324,Max Damage Taken,14 00 00 00,20
Maleficent,xa_ex_1090.mdls,0,137328,MP Recovery On Hit,2F 00 00 00,47
Maleficent,xa_ex_1090.mdls,0,13732C,Knockback Weight,00 00 00 00,0
Maleficent,xa_ex_1090.mdls,0,137330,EXP,A0 0F 00 00,4000
Maleficent,xa_ex_1090.mdls,0,137334,??? (+20),A1 14 00 00,5281
Maleficent,xa_ex_1090.mdls,0,137338,Outgoing Damage Multiplier,00 00 80 3F,1
Maleficent,xa_ex_1090.mdls,0,13733C,Resist 00 Unknown,32 00 00 00,50
Maleficent,xa_ex_1090.mdls,0,137340,Resist 01 Physical,64 00 00 00,100
Maleficent,xa_ex_1090.mdls,0,137344,Resist 02 Fire,31 00 00 00,49
Maleficent,xa_ex_1090.mdls,0,137348,Resist 03 Blizzard,32 00 00 00,50
Maleficent,xa_ex_1090.mdls,0,13734C,Resist 04 Thunder,64 00 00 00,100
Maleficent,xa_ex_1090.mdls,0,137350,Resist 05 Unknown,64 00 00 00,100
Maleficent,xa_ex_1090.mdls,0,137354,Resist 06 Unknown,64 00 00 00,100
Maleficent,xa_ex_1090.mdls,0,137358,Resist 07 Unknown,64 00 00 00,100
Maleficent,xa_ex_1090.mdls,0,13735C,Resist 08 Percent HP,02 00 00 00,2
Maleficent,xa_ex_1090.mdls,0,137360,Resist 09 Stop,14 00 00 00,20
Maleficent,xa_ex_1090.mdls,0,137364,Resist 0A Stun,32 00 00 00,50
Maleficent,xa_ex_1090.mdls,0,137368,Resist 0B Heal,64 00 00 00,100
Maleficent,xa_ex_1090.mdls,0,13736C,Resist 0C Unknown,64 00 00 00,100
Maleficent,xa_ex_1090.mdls,0,137370,Resist 0D Unknown,64 00 00 00,100
Maleficent,xa_ex_1090.mdls,0,137374,Resist 0E Unknown,64 00 00 00,100
Maleficent,xa_ex_1090.mdls,0,137378,Resist 0F Unknown,64 00 00 00,100
Maleficent,xa_ex_1090.mdls,0,13737C,??? (+68),00 00 00 00,0
Cloud,xa_ex_1150.mdls,0,12B414,HP,2C 01 00 00,300
Cloud,xa_ex_1150.mdls,0,12B418,ATK Level,05 00 00 00,5
Cloud,xa_ex_1150.mdls,0,12B41C,DEF Level,05 00 00 00,5
Cloud,xa_ex_1150.mdls,0,12B420,Min Damage Taken,02 00 00 00,2
Cloud,xa_ex_1150.mdls,0,12B424,Max Damage Taken,14 00 00 00,20
Cloud,xa_ex_1150.mdls,0,12B428,MP Recovery On Hit,0F 00 00 00,15
Cloud,xa_ex_1150.mdls,0,12B42C,Knockback Weight,00 00 80 3F,1
Cloud,xa_ex_1150.mdls,0,12B430,EXP,50 00 00 00,80
Cloud,xa_ex_1150.mdls,0,12B434,??? (+20),00 00 00 00,0
Cloud,xa_ex_1150.mdls,0,12B438,Outgoing Damage Multiplier,00 00 80 3F,1
Cloud,xa_ex_1150.mdls,0,12B43C,Resist 00 Unknown,32 00 00 00,50
Cloud,xa_ex_1150.mdls,0,12B440,Resist 01 Physical,64 00 00 00,100
Cloud,xa_ex_1150.mdls,0,12B444,Resist 02 Fire,31 00 00 00,49
Cloud,xa_ex_1150.mdls,0,12B448,Resist 03 Blizzard,32 00 00 00,50
Cloud,xa_ex_1150.mdls,0,12B44C,Resist 04 Thunder,64 00 00 00,100
Cloud,xa_ex_1150.mdls,0,12B450,Resist 05 Unknown,64 00 00 00,100
Cloud,xa_ex_1150.mdls,0,12B454,Resist 06 Unknown,64 00 00 00,100
Cloud,xa_ex_1150.mdls,0,12B458,Resist 07 Unknown,64 00 00 00,100
Cloud,xa_ex_1150.mdls,0,12B45C,Resist 08 Percent HP,04 00 00 00,4
Cloud,xa_ex_1150.mdls,0,12B460,Resist 09 Stop,1E 00 00 00,30
Cloud,xa_ex_1150.mdls,0,12B464,Resist 0A Stun,32 00 00 00,50
Cloud,xa_ex_1150.mdls,0,12B468,Resist 0B Heal,64 00 00 00,100
Cloud,xa_ex_1150.mdls,0,12B46C,Resist 0C Unknown,64 00 00 00,100
Cloud,xa_ex_1150.mdls,0,12B470,Resist 0D Unknown,64 00 00 00,100
Cloud,xa_ex_1150.mdls,0,12B474,Resist 0E Unknown,64 00 00 00,100
Cloud,xa_ex_1150.mdls,0,12B478,Resist 0F Unknown,64 00 00 00,100
Cloud,xa_ex_1150.mdls,0,12B47C,??? (+68),00 00 00 00,0
Cloud,xa_ex_1150.mdls,1,12B480,HP,58 02 00 00,600
Cloud,xa_ex_1150.mdls,1,12B484,ATK Level,11 00 00 00,17
Cloud,xa_ex_1150.mdls,1,12B488,DEF Level,11 00 00 00,17
Cloud,xa_ex_1150.mdls,1,12B48C,Min Damage Taken,02 00 00 00,2
Cloud,xa_ex_1150.mdls,1,12B490,Max Damage Taken,14 00 00 00,20
Cloud,xa_ex_1150.mdls,1,12B494,MP Recovery On Hit,33 00 00 00,51
Cloud,xa_ex_1150.mdls,1,12B498,Knockback Weight,00 00 80 3F,1
Cloud,xa_ex_1150.mdls,1,12B49C,EXP,20 03 00 00,800
Cloud,xa_ex_1150.mdls,1,12B4A0,??? (+20),00 00 00 00,0
Cloud,xa_ex_1150.mdls,1,12B4A4,Outgoing Damage Multiplier,00 00 00 40,2
Cloud,xa_ex_1150.mdls,1,12B4A8,Resist 00 Unknown,32 00 00 00,50
Cloud,xa_ex_1150.mdls,1,12B4AC,Resist 01 Physical,64 00 00 00,100
Cloud,xa_ex_1150.mdls,1,12B4B0,Resist 02 Fire,31 00 00 00,49
Cloud,xa_ex_1150.mdls,1,12B4B4,Resist 03 Blizzard,32 00 00 00,50
Cloud,xa_ex_1150.mdls,1,12B4B8,Resist 04 Thunder,64 00 00 00,100
Cloud,xa_ex_1150.mdls,1,12B4BC,Resist 05 Unknown,64 00 00 00,100
Cloud,xa_ex_1150.mdls,1,12B4C0,Resist 06 Unknown,64 00 00 00,100
Cloud,xa_ex_1150.mdls,1,12B4C4,Resist 07 Unknown,64 00 00 00,100
Cloud,xa_ex_1150.mdls,1,12B4C8,Resist 08 Percent HP,03 00 00 00,3
Cloud,xa_ex_1150.mdls,1,12B4CC,Resist 09 Stop,14 00 00 00,20
Cloud,xa_ex_1150.mdls,1,12B4D0,Resist 0A Stun,32 00 00 00,50
Cloud,xa_ex_1150.mdls,1,12B4D4,Resist 0B Heal,64 00 00 00,100
Cloud,xa_ex_1150.mdls,1,12B4D8,Resist 0C Unknown,64 00 00 00,100
Cloud,xa_ex_1150.mdls,1,12B4DC,Resist 0D Unknown,64 00 00 00,100
Cloud,xa_ex_1150.mdls,1,12B4E0,Resist 0E Unknown,64 00 00 00,100
Cloud,xa_ex_1150.mdls,1,12B4E4,Resist 0F Unknown,64 00 00 00,100
Cloud,xa_ex_1150.mdls,1,12B4E8,??? (+68),00 00 00 00,0
Cloud,xa_ex_1150.mdls,2,12B4EC,HP,C2 01 00 00,450
Cloud,xa_ex_1150.mdls,2,12B4F0,ATK Level,0F 00 00 00,15
Cloud,xa_ex_1150.mdls,2,12B4F4,DEF Level,0F 00 00 00,15
Cloud,xa_ex_1150.mdls,2,12B4F8,Min Damage Taken,02 00 00 00,2
Cloud,xa_ex_1150.mdls,2,12B4FC,Max Damage Taken,14 00 00 00,20
Cloud,xa_ex_1150.mdls,2,12B500,MP Recovery On Hit,28 00 00 00,40
Cloud,xa_ex_1150.mdls,2,12B504,Knockback Weight,00 00 80 3F,1
Cloud,xa_ex_1150.mdls,2,12B508,EXP,F4 01 00 00,500
Cloud,xa_ex_1150.mdls,2,12B50C,??? (+20),00 00 00 00,0
Cloud,xa_ex_1150.mdls,2,12B510,Outgoing Damage Multiplier,33 33 B3 3F,1.4
Cloud,xa_ex_1150.mdls,2,12B514,Resist 00 Unknown,32 00 00 00,50
Cloud,xa_ex_1150.mdls,2,12B518,Resist 01 Physical,64 00 00 00,100
Cloud,xa_ex_1150.mdls,2,12B51C,Resist 02 Fire,31 00 00 00,49
Cloud,xa_ex_1150.mdls,2,12B520,Resist 03 Blizzard,32 00 00 00,50
Cloud,xa_ex_1150.mdls,2,12B524,Resist 04 Thunder,64 00 00 00,100
Cloud,xa_ex_1150.mdls,2,12B528,Resist 05 Unknown,64 00 00 00,100
Cloud,xa_ex_1150.mdls,2,12B52C,Resist 06 Unknown,64 00 00 00,100
Cloud,xa_ex_1150.mdls,2,12B530,Resist 07 Unknown,64 00 00 00,100
Cloud,xa_ex_1150.mdls,2,12B534,Resist 08 Percent HP,04 00 00 00,4
Cloud,xa_ex_1150.mdls,2,12B538,Resist 09 Stop,1E 00 00 00,30
Cloud,xa_ex_1150.mdls,2,12B53C,Resist 0A Stun,32 00 00 00,50
Cloud,xa_ex_1150.mdls,2,12B540,Resist 0B Heal,64 00 00 00,100
Cloud,xa_ex_1150.mdls,2,12B544,Resist 0C Unknown,64 00 00 00,100
Cloud,xa_ex_1150.mdls,2,12B548,Resist 0D Unknown,64 00 00 00,100
Cloud,xa_ex_1150.mdls,2,12B54C,Resist 0E Unknown,64 00 00 00,100
Cloud,xa_ex_1150.mdls,2,12B550,Resist 0F Unknown,64 00 00 00,100
Cloud,xa_ex_1150.mdls,2,12B554,??? (+68),00 00 00 00,0
Cloud,xa_ex_1150.mdls,3,12B558,HP,C2 01 00 00,450
Cloud,xa_ex_1150.mdls,3,12B55C,ATK Level,0F 00 00 00,15
Cloud,xa_ex_1150.mdls,3,12B560,DEF Level,0F 00 00 00,15
Cloud,xa_ex_1150.mdls,3,12B564,Min Damage Taken,02 00 00 00,2
Cloud,xa_ex_1150.mdls,3,12B568,Max Damage Taken,14 00 00 00,20
Cloud,xa_ex_1150.mdls,3,12B56C,MP Recovery On Hit,28 00 00 00,40
Cloud,xa_ex_1150.mdls,3,12B570,Knockback Weight,00 00 80 3F,1
Cloud,xa_ex_1150.mdls,3,12B574,EXP,F4 01 00 00,500
Cloud,xa_ex_1150.mdls,3,12B578,??? (+20),00 00 00 00,0
Cloud,xa_ex_1150.mdls,3,12B57C,Outgoing Damage Multiplier,33 33 B3 3F,1.4
Cloud,xa_ex_1150.mdls,3,12B580,Resist 00 Unknown,32 00 00 00,50
Cloud,xa_ex_1150.mdls,3,12B584,Resist 01 Physical,64 00 00 00,100
Cloud,xa_ex_1150.mdls,3,12B588,Resist 02 Fire,31 00 00 00,49
Cloud,xa_ex_1150.mdls,3,12B58C,Resist 03 Blizzard,32 00 00 00,50
Cloud,xa_ex_1150.mdls,3,12B590,Resist 04 Thunder,64 00 00 00,100
Cloud,xa_ex_1150.mdls,3,12B594,Resist 05 Unknown,64 00 00 00,100
Cloud,xa_ex_1150.mdls,3,12B598,Resist 06 Unknown,64 00 00 00,100
Cloud,xa_ex_1150.mdls,3,12B59C,Resist 07 Unknown,64 00 00 00,100
Cloud,xa_ex_1150.mdls,3,12B5A0,Resist 08 Percent HP,04 00 00 00,4
Cloud,xa_ex_1150.mdls,3,12B5A4,Resist 09 Stop,1E 00 00 00,30
Cloud,xa_ex_1150.mdls,3,12B5A8,Resist 0A Stun,32 00 00 00,50
Cloud,xa_ex_1150.mdls,3,12B5AC,Resist 0B Heal,64 00 00 00,100
Cloud,xa_ex_1150.mdls,3,12B5B0,Resist 0C Unknown,64 00 00 00,100
Cloud,xa_ex_1150.mdls,3,12B5B4,Resist 0D Unknown,64 00 00 00,100
Cloud,xa_ex_1150.mdls,3,12B5B8,Resist 0E Unknown,64 00 00 00,100
Cloud,xa_ex_1150.mdls,3,12B5BC,Resist 0F Unknown,64 00 00 00,100
Cloud,xa_ex_1150.mdls,3,12B5C0,??? (+68),00 00 00 00,0
Cloud,xa_ex_1150.mdls,4,12B5C4,HP,58 02 00 00,600
Cloud,xa_ex_1150.mdls,4,12B5C8,ATK Level,11 00 00 00,17
Cloud,xa_ex_1150.mdls,4,12B5CC,DEF Level,11 00 00 00,17
Cloud,xa_ex_1150.mdls,4,12B5D0,Min Damage Taken,02 00 00 00,2
Cloud,xa_ex_1150.mdls,4,12B5D4,Max Damage Taken,14 00 00 00,20
Cloud,xa_ex_1150.mdls,4,12B5D8,MP Recovery On Hit,33 00 00 00,51
Cloud,xa_ex_1150.mdls,4,12B5DC,Knockback Weight,00 00 80 3F,1
Cloud,xa_ex_1150.mdls,4,12B5E0,EXP,E8 03 00 00,1000
Cloud,xa_ex_1150.mdls,4,12B5E4,??? (+20),00 00 00 00,0
Cloud,xa_ex_1150.mdls,4,12B5E8,Outgoing Damage Multiplier,00 00 00 40,2
Cloud,xa_ex_1150.mdls,4,12B5EC,Resist 00 Unknown,32 00 00 00,50
Cloud,xa_ex_1150.mdls,4,12B5F0,Resist 01 Physical,64 00 00 00,100
Cloud,xa_ex_1150.mdls,4,12B5F4,Resist 02 Fire,31 00 00 00,49
Cloud,xa_ex_1150.mdls,4,12B5F8,Resist 03 Blizzard,32 00 00 00,50
Cloud,xa_ex_1150.mdls,4,12B5FC,Resist 04 Thunder,64 00 00 00,100
Cloud,xa_ex_1150.mdls,4,12B600,Resist 05 Unknown,64 00 00 00,100
Cloud,xa_ex_1150.mdls,4,12B604,Resist 06 Unknown,64 00 00 00,100
Cloud,xa_ex_1150.mdls,4,12B608,Resist 07 Unknown,64 00 00 00,100
Cloud,xa_ex_1150.mdls,4,12B60C,Resist 08 Percent HP,03 00 00 00,3
Cloud,xa_ex_1150.mdls,4,12B610,Resist 09 Stop,14 00 00 00,20
Cloud,xa_ex_1150.mdls,4,12B614,Resist 0A Stun,32 00 00 00,50
Cloud,xa_ex_1150.mdls,4,12B618,Resist 0B Heal,64 00 00 00,100
Cloud,xa_ex_1150.mdls,4,12B61C,Resist 0C Unknown,64 00 00 00,100
Cloud,xa_ex_1150.mdls,4,12B620,Resist 0D Unknown,64 00 00 00,100
Cloud,xa_ex_1150.mdls,4,12B624,Resist 0E Unknown,64 00 00 00,100
Cloud,xa_ex_1150.mdls,4,12B628,Resist 0F Unknown,64 00 00 00,100
Cloud,xa_ex_1150.mdls,4,12B62C,??? (+68),00 00 00 00,0
Cloud,xa_ex_1150.mdls,5,12B630,HP,58 02 00 00,600
Cloud,xa_ex_1150.mdls,5,12B634,ATK Level,11 00 00 00,17
Cloud,xa_ex_1150.mdls,5,12B638,DEF Level,11 00 00 00,17
Cloud,xa_ex_1150.mdls,5,12B63C,Min Damage Taken,02 00 00 00,2
Cloud,xa_ex_1150.mdls,5,12B640,Max Damage Taken,14 00 00 00,20
Cloud,xa_ex_1150.mdls,5,12B644,MP Recovery On Hit,33 00 00 00,51
Cloud,xa_ex_1150.mdls,5,12B648,Knockback Weight,00 00 80 3F,1
Cloud,xa_ex_1150.mdls,5,12B64C,EXP,E8 03 00 00,1000
Cloud,xa_ex_1150.mdls,5,12B650,??? (+20),00 00 00 00,0
Cloud,xa_ex_1150.mdls,5,12B654,Outgoing Damage Multiplier,00 00 00 40,2
Cloud,xa_ex_1150.mdls,5,12B658,Resist 00 Unknown,32 00 00 00,50
Cloud,xa_ex_1150.mdls,5,12B65C,Resist 01 Physical,64 00 00 00,100
Cloud,xa_ex_1150.mdls,5,12B660,Resist 02 Fire,31 00 00 00,49
Cloud,xa_ex_1150.mdls,5,12B664,Resist 03 Blizzard,32 00 00 00,50
Cloud,xa_ex_1150.mdls,5,12B668,Resist 04 Thunder,64 00 00 00,100
Cloud,xa_ex_1150.mdls,5,12B66C,Resist 05 Unknown,64 00 00 00,100
Cloud,xa_ex_1150.mdls,5,12B670,Resist 06 Unknown,64 00 00 00,100
Cloud,xa_ex_1150.mdls,5,12B674,Resist 07 Unknown,64 00 00 00,100
Cloud,xa_ex_1150.mdls,5,12B678,Resist 08 Percent HP,03 00 00 00,3
Cloud,xa_ex_1150.mdls,5,12B67C,Resist 09 Stop,14 00 00 00,20
Cloud,xa_ex_1150.mdls,5,12B680,Resist 0A Stun,32 00 00 00,50
Cloud,xa_ex_1150.mdls,5,12B684,Resist 0B Heal,64 00 00 00,100
Cloud,xa_ex_1150.mdls,5,12B688,Resist 0C Unknown,64 00 00 00,100
Cloud,xa_ex_1150.mdls,5,12B68C,Resist 0D Unknown,64 00 00 00,100
Cloud,xa_ex_1150.mdls,5,12B690,Resist 0E Unknown,64 00 00 00,100
Cloud,xa_ex_1150.mdls,5,12B694,Resist 0F Unknown,64 00 00 00,100
Cloud,xa_ex_1150.mdls,5,12B698,??? (+68),00 00 00 00,0
Cloud,xa_ex_1150.mdls,6,12B69C,HP,58 02 00 00,600
Cloud,xa_ex_1150.mdls,6,12B6A0,ATK Level,13 00 00 00,19
Cloud,xa_ex_1150.mdls,6,12B6A4,DEF Level,13 00 00 00,19
Cloud,xa_ex_1150.mdls,6,12B6A8,Min Damage Taken,02 00 00 00,2
Cloud,xa_ex_1150.mdls,6,12B6AC,Max Damage Taken,14 00 00 00,20
Cloud,xa_ex_1150.mdls,6,12B6B0,MP Recovery On Hit,39 00 00 00,57
Cloud,xa_ex_1150.mdls,6,12B6B4,Knockback Weight,00 00 80 3F,1
Cloud,xa_ex_1150.mdls,6,12B6B8,EXP,E8 03 00 00,1000
Cloud,xa_ex_1150.mdls,6,12B6BC,??? (+20),00 00 00 00,0
Cloud,xa_ex_1150.mdls,6,12B6C0,Outgoing Damage Multiplier,33 33 33 40,2.8
Cloud,xa_ex_1150.mdls,6,12B6C4,Resist 00 Unknown,32 00 00 00,50
Cloud,xa_ex_1150.mdls,6,12B6C8,Resist 01 Physical,64 00 00 00,100
Cloud,xa_ex_1150.mdls,6,12B6CC,Resist 02 Fire,31 00 00 00,49
Cloud,xa_ex_1150.mdls,6,12B6D0,Resist 03 Blizzard,32 00 00 00,50
Cloud,xa_ex_1150.mdls,6,12B6D4,Resist 04 Thunder,64 00 00 00,100
Cloud,xa_ex_1150.mdls,6,12B6D8,Resist 05 Unknown,64 00 00 00,100
Cloud,xa_ex_1150.mdls,6,12B6DC,Resist 06 Unknown,64 00 00 00,100
Cloud,xa_ex_1150.mdls,6,12B6E0,Resist 07 Unknown,64 00 00 00,100
Cloud,xa_ex_1150.mdls,6,12B6E4,Resist 08 Percent HP,03 00 00 00,3
Cloud,xa_ex_1150.mdls,6,12B6E8,Resist 09 Stop,14 00 00 00,20
Cloud,xa_ex_1150.mdls,6,12B6EC,Resist 0A Stun,32 00 00 00,50
Cloud,xa_ex_1150.mdls,6,12B6F0,Resist 0B Heal,64 00 00 00,100
Cloud,xa_ex_1150.mdls,6,12B6F4,Resist 0C Unknown,64 00 00 00,100
Cloud,xa_ex_1150.mdls,6,12B6F8,Resist 0D Unknown,64 00 00 00,100
Cloud,xa_ex_1150.mdls,6,12B6FC,Resist 0E Unknown,64 00 00 00,100
Cloud,xa_ex_1150.mdls,6,12B700,Resist 0F Unknown,64 00 00 00,100
Cloud,xa_ex_1150.mdls,6,12B704,??? (+68),00 00 00 00,0
Cloud,xa_ex_1150.mdls,7,12B708,HP,58 02 00 00,600
Cloud,xa_ex_1150.mdls,7,12B70C,ATK Level,13 00 00 00,19
Cloud,xa_ex_1150.mdls,7,12B710,DEF Level,13 00 00 00,19
Cloud,xa_ex_1150.mdls,7,12B714,Min Damage Taken,02 00 00 00,2
Cloud,xa_ex_1150.mdls,7,12B718,Max Damage Taken,14 00 00 00,20
Cloud,xa_ex_1150.mdls,7,12B71C,MP Recovery On Hit,39 00 00 00,57
Cloud,xa_ex_1150.mdls,7,12B720,Knockback Weight,00 00 80 3F,1
Cloud,xa_ex_1150.mdls,7,12B724,EXP,E8 03 00 00,1000
Cloud,xa_ex_1150.mdls,7,12B728,??? (+20),00 00 00 00,0
Cloud,xa_ex_1150.mdls,7,12B72C,Outgoing Damage Multiplier,33 33 33 40,2.8
Cloud,xa_ex_1150.mdls,7,12B730,Resist 00 Unknown,32 00 00 00,50
Cloud,xa_ex_1150.mdls,7,12B734,Resist 01 Physical,64 00 00 00,100
Cloud,xa_ex_1150.mdls,7,12B738,Resist 02 Fire,31 00 00 00,49
Cloud,xa_ex_1150.mdls,7,12B73C,Resist 03 Blizzard,32 00 00 00,50
Cloud,xa_ex_1150.mdls,7,12B740,Resist 04 Thunder,64 00 00 00,100
Cloud,xa_ex_1150.mdls,7,12B744,Resist 05 Unknown,64 00 00 00,100
Cloud,xa_ex_1150.mdls,7,12B748,Resist 06 Unknown,64 00 00 00,100
Cloud,xa_ex_1150.mdls,7,12B74C,Resist 07 Unknown,64 00 00 00,100
Cloud,xa_ex_1150.mdls,7,12B750,Resist 08 Percent HP,03 00 00 00,3
Cloud,xa_ex_1150.mdls,7,12B754,Resist 09 Stop,14 00 00 00,20
Cloud,xa_ex_1150.mdls,7,12B758,Resist 0A Stun,32 00 00 00,50
Cloud,xa_ex_1150.mdls,7,12B75C,Resist 0B Heal,64 00 00 00,100
Cloud,xa_ex_1150.mdls,7,12B760,Resist 0C Unknown,64 00 00 00,100
Cloud,xa_ex_1150.mdls,7,12B764,Resist 0D Unknown,64 00 00 00,100
Cloud,xa_ex_1150.mdls,7,12B768,Resist 0E Unknown,64 00 00 00,100
Cloud,xa_ex_1150.mdls,7,12B76C,Resist 0F Unknown,64 00 00 00,100
Cloud,xa_ex_1150.mdls,7,12B770,??? (+68),00 00 00 00,0
Dark Riku,xa_ex_1160.mdls,0,F2894,HP,F4 01 00 00,500
Dark Riku,xa_ex_1160.mdls,0,F2898,ATK Level,10 00 00 00,16
Dark Riku,xa_ex_1160.mdls,0,F289C,DEF Level,10 00 00 00,16
Dark Riku,xa_ex_1160.mdls,0,F28A0,Min Damage Taken,08 00 00 00,8
Dark Riku,xa_ex_1160.mdls,0,F28A4,Max Damage Taken,0F 00 00 00,15
Dark Riku,xa_ex_1160.mdls,0,F28A8,MP Recovery On Hit,2D 00 00 00,45
Dark Riku,xa_ex_1160.mdls,0,F28AC,Knockback Weight,00 00 80 3F,1
Dark Riku,xa_ex_1160.mdls,0,F28B0,EXP,D0 07 00 00,2000
Dark Riku,xa_ex_1160.mdls,0,F28B4,??? (+20),00 00 00 00,0
Dark Riku,xa_ex_1160.mdls,0,F28B8,Outgoing Damage Multiplier,00 00 80 3F,1
Dark Riku,xa_ex_1160.mdls,0,F28BC,Resist 00 Unknown,32 00 00 00,50
Dark Riku,xa_ex_1160.mdls,0,F28C0,Resist 01 Physical,64 00 00 00,100
Dark Riku,xa_ex_1160.mdls,0,F28C4,Resist 02 Fire,31 00 00 00,49
Dark Riku,xa_ex_1160.mdls,0,F28C8,Resist 03 Blizzard,32 00 00 00,50
Dark Riku,xa_ex_1160.mdls,0,F28CC,Resist 04 Thunder,64 00 00 00,100
Dark Riku,xa_ex_1160.mdls,0,F28D0,Resist 05 Unknown,64 00 00 00,100
Dark Riku,xa_ex_1160.mdls,0,F28D4,Resist 06 Unknown,64 00 00 00,100
Dark Riku,xa_ex_1160.mdls,0,F28D8,Resist 07 Unknown,64 00 00 00,100
Dark Riku,xa_ex_1160.mdls,0,F28DC,Resist 08 Percent HP,04 00 00 00,4
Dark Riku,xa_ex_1160.mdls,0,F28E0,Resist 09 Stop,1E 00 00 00,30
Dark Riku,xa_ex_1160.mdls,0,F28E4,Resist 0A Stun,32 00 00 00,50
Dark Riku,xa_ex_1160.mdls,0,F28E8,Resist 0B Heal,64 00 00 00,100
Dark Riku,xa_ex_1160.mdls,0,F28EC,Resist 0C Unknown,64 00 00 00,100
Dark Riku,xa_ex_1160.mdls,0,F28F0,Resist 0D Unknown,64 00 00 00,100
Dark Riku,xa_ex_1160.mdls,0,F28F4,Resist 0E Unknown,64 00 00 00,100
Dark Riku,xa_ex_1160.mdls,0,F28F8,Resist 0F Unknown,64 00 00 00,100
Dark Riku,xa_ex_1160.mdls,0,F28FC,??? (+68),1C 03 00 00,796
Dark Riku,xa_ex_1160.mdls,1,F2900,HP,84 03 00 00,900
Dark Riku,xa_ex_1160.mdls,1,F2904,ATK Level,10 00 00 00,16
Dark Riku,xa_ex_1160.mdls,1,F2908,DEF Level,10 00 00 00,16
Dark Riku,xa_ex_1160.mdls,1,F290C,Min Damage Taken,02 00 00 00,2
Dark Riku,xa_ex_1160.mdls,1,F2910,Max Damage Taken,0F 00 00 00,15
Dark Riku,xa_ex_1160.mdls,1,F2914,MP Recovery On Hit,31 00 00 00,49
Dark Riku,xa_ex_1160.mdls,1,F2918,Knockback Weight,00 00 80 3F,1
Dark Riku,xa_ex_1160.mdls,1,F291C,EXP,34 21 00 00,8500
Dark Riku,xa_ex_1160.mdls,1,F2920,??? (+20),00 00 00 00,0
Dark Riku,xa_ex_1160.mdls,1,F2924,Outgoing Damage Multiplier,00 00 80 3F,1
Dark Riku,xa_ex_1160.mdls,1,F2928,Resist 00 Unknown,32 00 00 00,50
Dark Riku,xa_ex_1160.mdls,1,F292C,Resist 01 Physical,64 00 00 00,100
Dark Riku,xa_ex_1160.mdls,1,F2930,Resist 02 Fire,31 00 00 00,49
Dark Riku,xa_ex_1160.mdls,1,F2934,Resist 03 Blizzard,32 00 00 00,50
Dark Riku,xa_ex_1160.mdls,1,F2938,Resist 04 Thunder,64 00 00 00,100
Dark Riku,xa_ex_1160.mdls,1,F293C,Resist 05 Unknown,64 00 00 00,100
Dark Riku,xa_ex_1160.mdls,1,F2940,Resist 06 Unknown,64 00 00 00,100
Dark Riku,xa_ex_1160.mdls,1,F2944,Resist 07 Unknown,64 00 00 00,100
Dark Riku,xa_ex_1160.mdls,1,F2948,Resist 08 Percent HP,04 00 00 00,4
Dark Riku,xa_ex_1160.mdls,1,F294C,Resist 09 Stop,1E 00 00 00,30
Dark Riku,xa_ex_1160.mdls,1,F2950,Resist 0A Stun,32 00 00 00,50
Dark Riku,xa_ex_1160.mdls,1,F2954,Resist 0B Heal,64 00 00 00,100
Dark Riku,xa_ex_1160.mdls,1,F2958,Resist 0C Unknown,64 00 00 00,100
Dark Riku,xa_ex_1160.mdls,1,F295C,Resist 0D Unknown,64 00 00 00,100
Dark Riku,xa_ex_1160.mdls,1,F2960,Resist 0E Unknown,64 00 00 00,100
Dark Riku,xa_ex_1160.mdls,1,F2964,Resist 0F Unknown,64 00 00 00,100
Dark Riku,xa_ex_1160.mdls,1,F2968,??? (+68),00 00 00 00,0
Riku (Soul Eater),xa_ex_1560.mdls,0,93F94,HP,32 00 00 00,50
Riku (Soul Eater),xa_ex_1560.mdls,0,93F98,ATK Level,0A 00 00 00,10
Riku (Soul Eater),xa_ex_1560.mdls,0,93F9C,DEF Level,0A 00 00 00,10
Riku (Soul Eater),xa_ex_1560.mdls,0,93FA0,Min Damage Taken,02 00 00 00,2
Riku (Soul Eater),xa_ex_1560.mdls,0,93FA4,Max Damage Taken,0A 00 00 00,10
Riku (Soul Eater),xa_ex_1560.mdls,0,93FA8,MP Recovery On Hit,04 00 00 00,4
Riku (Soul Eater),xa_ex_1560.mdls,0,93FAC,Knockback Weight,00 00 80 3F,1
Riku (Soul Eater),xa_ex_1560.mdls,0,93FB0,EXP,00 00 00 00,0
Riku (Soul Eater),xa_ex_1560.mdls,0,93FB4,??? (+20),00 00 00 00,0
Riku (Soul Eater),xa_ex_1560.mdls,0,93FB8,Outgoing Damage Multiplier,00 00 80 3F,1
Riku (Soul Eater),xa_ex_1560.mdls,0,93FBC,Resist 00 Unknown,64 00 00 00,100
Riku (Soul Eater),xa_ex_1560.mdls,0,93FC0,Resist 01 Physical,64 00 00 00,100
Riku (Soul Eater),xa_ex_1560.mdls,0,93FC4,Resist 02 Fire,64 00 00 00,100
Riku (Soul Eater),xa_ex_1560.mdls,0,93FC8,Resist 03 Blizzard,64 00 00 00,100
Riku (Soul Eater),xa_ex_1560.mdls,0,93FCC,Resist 04 Thunder,64 00 00 00,100
Riku (Soul Eater),xa_ex_1560.mdls,0,93FD0,Resist 05 Unknown,64 00 00 00,100
Riku (Soul Eater),xa_ex_1560.mdls,0,93FD4,Resist 06 Unknown,64 00 00 00,100
Riku (Soul Eater),xa_ex_1560.mdls,0,93FD8,Resist 07 Unknown,64 00 00 00,100
Riku (Soul Eater),xa_ex_1560.mdls,0,93FDC,Resist 08 Percent HP,64 00 00 00,100
Riku (Soul Eater),xa_ex_1560.mdls,0,93FE0,Resist 09 Stop,64 00 00 00,100
Riku (Soul Eater),xa_ex_1560.mdls,0,93FE4,Resist 0A Stun,64 00 00 00,100
Riku (Soul Eater),xa_ex_1560.mdls,0,93FE8,Resist 0B Heal,64 00 00 00,100
Riku (Soul Eater),xa_ex_1560.mdls,0,93FEC,Resist 0C Unknown,64 00 00 00,100
Riku (Soul Eater),xa_ex_1560.mdls,0,93FF0,Resist 0D Unknown,64 00 00 00,100
Riku (Soul Eater),xa_ex_1560.mdls,0,93FF4,Resist 0E Unknown,64 00 00 00,100
Riku (Soul Eater),xa_ex_1560.mdls,0,93FF8,Resist 0F Unknown,64 00 00 00,100
Riku (Soul Eater),xa_ex_1560.mdls,0,93FFC,??? (+68),00 00 00 00,0
Ansem (Riku),xa_ex_1580.mdls,0,251314,HP,F4 01 00 00,500
Ansem (Riku),xa_ex_1580.mdls,0,251318,ATK Level,10 00 00 00,16
Ansem (Riku),xa_ex_1580.mdls,0,25131C,DEF Level,10 00 00 00,16
Ansem (Riku),xa_ex_1580.mdls,0,251320,Min Damage Taken,08 00 00 00,8
Ansem (Riku),xa_ex_1580.mdls,0,251324,Max Damage Taken,0F 00 00 00,15
Ansem (Riku),xa_ex_1580.mdls,0,251328,MP Recovery On Hit,2D 00 00 00,45
Ansem (Riku),xa_ex_1580.mdls,0,25132C,Knockback Weight,00 00 80 3F,1
Ansem (Riku),xa_ex_1580.mdls,0,251330,EXP,D0 07 00 00,2000
Ansem (Riku),xa_ex_1580.mdls,0,251334,??? (+20),00 00 00 00,0
Ansem (Riku),xa_ex_1580.mdls,0,251338,Outgoing Damage Multiplier,00 00 80 3F,1
Ansem (Riku),xa_ex_1580.mdls,0,25133C,Resist 00 Unknown,32 00 00 00,50
Ansem (Riku),xa_ex_1580.mdls,0,251340,Resist 01 Physical,64 00 00 00,100
Ansem (Riku),xa_ex_1580.mdls,0,251344,Resist 02 Fire,31 00 00 00,49
Ansem (Riku),xa_ex_1580.mdls,0,251348,Resist 03 Blizzard,32 00 00 00,50
Ansem (Riku),xa_ex_1580.mdls,0,25134C,Resist 04 Thunder,64 00 00 00,100
Ansem (Riku),xa_ex_1580.mdls,0,251350,Resist 05 Unknown,64 00 00 00,100
Ansem (Riku),xa_ex_1580.mdls,0,251354,Resist 06 Unknown,64 00 00 00,100
Ansem (Riku),xa_ex_1580.mdls,0,251358,Resist 07 Unknown,64 00 00 00,100
Ansem (Riku),xa_ex_1580.mdls,0,25135C,Resist 08 Percent HP,04 00 00 00,4
Ansem (Riku),xa_ex_1580.mdls,0,251360,Resist 09 Stop,1E 00 00 00,30
Ansem (Riku),xa_ex_1580.mdls,0,251364,Resist 0A Stun,32 00 00 00,50
Ansem (Riku),xa_ex_1580.mdls,0,251368,Resist 0B Heal,64 00 00 00,100
Ansem (Riku),xa_ex_1580.mdls,0,25136C,Resist 0C Unknown,64 00 00 00,100
Ansem (Riku),xa_ex_1580.mdls,0,251370,Resist 0D Unknown,64 00 00 00,100
Ansem (Riku),xa_ex_1580.mdls,0,251374,Resist 0E Unknown,64 00 00 00,100
Ansem (Riku),xa_ex_1580.mdls,0,251378,Resist 0F Unknown,64 00 00 00,100
Ansem (Riku),xa_ex_1580.mdls,0,25137C,??? (+68),1C 03 00 00,796
Ansem (Riku),xa_ex_1580.mdls,1,251380,HP,84 03 00 00,900
Ansem (Riku),xa_ex_1580.mdls,1,251384,ATK Level,10 00 00 00,16
Ansem (Riku),xa_ex_1580.mdls,1,251388,DEF Level,10 00 00 00,16
Ansem (Riku),xa_ex_1580.mdls,1,25138C,Min Damage Taken,02 00 00 00,2
Ansem (Riku),xa_ex_1580.mdls,1,251390,Max Damage Taken,0F 00 00 00,15
Ansem (Riku),xa_ex_1580.mdls,1,251394,MP Recovery On Hit,31 00 00 00,49
Ansem (Riku),xa_ex_1580.mdls,1,251398,Knockback Weight,00 00 80 3F,1
Ansem (Riku),xa_ex_1580.mdls,1,25139C,EXP,34 21 00 00,8500
Ansem (Riku),xa_ex_1580.mdls,1,2513A0,??? (+20),00 00 00 00,0
Ansem (Riku),xa_ex_1580.mdls,1,2513A4,Outgoing Damage Multiplier,00 00 80 3F,1
Ansem (Riku),xa_ex_1580.mdls,1,2513A8,Resist 00 Unknown,32 00 00 00,50
Ansem (Riku),xa_ex_1580.mdls,1,2513AC,Resist 01 Physical,64 00 00 00,100
Ansem (Riku),xa_ex_1580.mdls,1,2513B0,Resist 02 Fire,31 00 00 00,49
Ansem (Riku),xa_ex_1580.mdls,1,2513B4,Resist 03 Blizzard,32 00 00 00,50
Ansem (Riku),xa_ex_1580.mdls,1,2513B8,Resist 04 Thunder,64 00 00 00,100
Ansem (Riku),xa_ex_1580.mdls,1,2513BC,Resist 05 Unknown,64 00 00 00,100
Ansem (Riku),xa_ex_1580.mdls,1,2513C0,Resist 06 Unknown,64 00 00 00,100
Ansem (Riku),xa_ex_1580.mdls,1,2513C4,Resist 07 Unknown,64 00 00 00,100
Ansem (Riku),xa_ex_1580.mdls,1,2513C8,Resist 08 Percent HP,04 00 00 00,4
Ansem (Riku),xa_ex_1580.mdls,1,2513CC,Resist 09 Stop,1E 00 00 00,30
Ansem (Riku),xa_ex_1580.mdls,1,2513D0,Resist 0A Stun,32 00 00 00,50
Ansem (Riku),xa_ex_1580.mdls,1,2513D4,Resist 0B Heal,64 00 00 00,100
Ansem (Riku),xa_ex_1580.mdls,1,2513D8,Resist 0C Unknown,64 00 00 00,100
Ansem (Riku),xa_ex_1580.mdls,1,2513DC,Resist 0D Unknown,64 00 00 00,100
Ansem (Riku),xa_ex_1580.mdls,1,2513E0,Resist 0E Unknown,64 00 00 00,100
Ansem (Riku),xa_ex_1580.mdls,1,2513E4,Resist 0F Unknown,64 00 00 00,100
Ansem (Riku),xa_ex_1580.mdls,1,2513E8,??? (+68),00 00 00 00,0
Ansem (w/Guardian),xa_ex_1630.mdls,0,2AF694,HP,DC 05 00 00,1500
Ansem (w/Guardian),xa_ex_1630.mdls,0,2AF698,ATK Level,12 00 00 00,18
Ansem (w/Guardian),xa_ex_1630.mdls,0,2AF69C,DEF Level,12 00 00 00,18
Ansem (w/Guardian),xa_ex_1630.mdls,0,2AF6A0,Min Damage Taken,02 00 00 00,2
Ansem (w/Guardian),xa_ex_1630.mdls,0,2AF6A4,Max Damage Taken,0F 00 00 00,15
Ansem (w/Guardian),xa_ex_1630.mdls,0,2AF6A8,MP Recovery On Hit,38 00 00 00,56
Ansem (w/Guardian),xa_ex_1630.mdls,0,2AF6AC,Knockback Weight,00 00 80 3F,1
Ansem (w/Guardian),xa_ex_1630.mdls,0,2AF6B0,EXP,10 27 00 00,10000
Ansem (w/Guardian),xa_ex_1630.mdls,0,2AF6B4,??? (+20),00 00 00 00,0
Ansem (w/Guardian),xa_ex_1630.mdls,0,2AF6B8,Outgoing Damage Multiplier,00 00 80 3F,1
Ansem (w/Guardian),xa_ex_1630.mdls,0,2AF6BC,Resist 00 Unknown,32 00 00 00,50
Ansem (w/Guardian),xa_ex_1630.mdls,0,2AF6C0,Resist 01 Physical,64 00 00 00,100
Ansem (w/Guardian),xa_ex_1630.mdls,0,2AF6C4,Resist 02 Fire,31 00 00 00,49
Ansem (w/Guardian),xa_ex_1630.mdls,0,2AF6C8,Resist 03 Blizzard,32 00 00 00,50
Ansem (w/Guardian),xa_ex_1630.mdls,0,2AF6CC,Resist 04 Thunder,64 00 00 00,100
Ansem (w/Guardian),xa_ex_1630.mdls,0,2AF6D0,Resist 05 Unknown,64 00 00 00,100
Ansem (w/Guardian),xa_ex_1630.mdls,0,2AF6D4,Resist 06 Unknown,64 00 00 00,100
Ansem (w/Guardian),xa_ex_1630.mdls,0,2AF6D8,Resist 07 Unknown,64 00 00 00,100
Ansem (w/Guardian),xa_ex_1630.mdls,0,2AF6DC,Resist 08 Percent HP,02 00 00 00,2
Ansem (w/Guardian),xa_ex_1630.mdls,0,2AF6E0,Resist 09 Stop,00 00 00 00,0
Ansem (w/Guardian),xa_ex_1630.mdls,0,2AF6E4,Resist 0A Stun,32 00 00 00,50
Ansem (w/Guardian),xa_ex_1630.mdls,0,2AF6E8,Resist 0B Heal,64 00 00 00,100
Ansem (w/Guardian),xa_ex_1630.mdls,0,2AF6EC,Resist 0C Unknown,64 00 00 00,100
Ansem (w/Guardian),xa_ex_1630.mdls,0,2AF6F0,Resist 0D Unknown,64 00 00 00,100
Ansem (w/Guardian),xa_ex_1630.mdls,0,2AF6F4,Resist 0E Unknown,64 00 00 00,100
Ansem (w/Guardian),xa_ex_1630.mdls,0,2AF6F8,Resist 0F Unknown,64 00 00 00,100
Ansem (w/Guardian),xa_ex_1630.mdls,0,2AF6FC,??? (+68),00 02 00 00,512
Ansem (w/Guardian),xa_ex_1630.mdls,1,2AF700,HP,B0 04 00 00,1200
Ansem (w/Guardian),xa_ex_1630.mdls,1,2AF704,ATK Level,12 00 00 00,18
Ansem (w/Guardian),xa_ex_1630.mdls,1,2AF708,DEF Level,12 00 00 00,18
Ansem (w/Guardian),xa_ex_1630.mdls,1,2AF70C,Min Damage Taken,02 00 00 00,2
Ansem (w/Guardian),xa_ex_1630.mdls,1,2AF710,Max Damage Taken,0F 00 00 00,15
Ansem (w/Guardian),xa_ex_1630.mdls,1,2AF714,MP Recovery On Hit,3C 00 00 00,60
Ansem (w/Guardian),xa_ex_1630.mdls,1,2AF718,Knockback Weight,00 00 80 3F,1
Ansem (w/Guardian),xa_ex_1630.mdls,1,2AF71C,EXP,10 27 00 00,10000
Ansem (w/Guardian),xa_ex_1630.mdls,1,2AF720,??? (+20),00 00 00 00,0
Ansem (w/Guardian),xa_ex_1630.mdls,1,2AF724,Outgoing Damage Multiplier,00 00 80 3F,1
Ansem (w/Guardian),xa_ex_1630.mdls,1,2AF728,Resist 00 Unknown,32 00 00 00,50
Ansem (w/Guardian),xa_ex_1630.mdls,1,2AF72C,Resist 01 Physical,64 00 00 00,100
Ansem (w/Guardian),xa_ex_1630.mdls,1,2AF730,Resist 02 Fire,31 00 00 00,49
Ansem (w/Guardian),xa_ex_1630.mdls,1,2AF734,Resist 03 Blizzard,32 00 00 00,50
Ansem (w/Guardian),xa_ex_1630.mdls,1,2AF738,Resist 04 Thunder,64 00 00 00,100
Ansem (w/Guardian),xa_ex_1630.mdls,1,2AF73C,Resist 05 Unknown,64 00 00 00,100
Ansem (w/Guardian),xa_ex_1630.mdls,1,2AF740,Resist 06 Unknown,64 00 00 00,100
Ansem (w/Guardian),xa_ex_1630.mdls,1,2AF744,Resist 07 Unknown,64 00 00 00,100
Ansem (w/Guardian),xa_ex_1630.mdls,1,2AF748,Resist 08 Percent HP,02 00 00 00,2
Ansem (w/Guardian),xa_ex_1630.mdls,1,2AF74C,Resist 09 Stop,00 00 00 00,0
Ansem (w/Guardian),xa_ex_1630.mdls,1,2AF750,Resist 0A Stun,32 00 00 00,50
Ansem (w/Guardian),xa_ex_1630.mdls,1,2AF754,Resist 0B Heal,64 00 00 00,100
Ansem (w/Guardian),xa_ex_1630.mdls,1,2AF758,Resist 0C Unknown,64 00 00 00,100
Ansem (w/Guardian),xa_ex_1630.mdls,1,2AF75C,Resist 0D Unknown,64 00 00 00,100
Ansem (w/Guardian),xa_ex_1630.mdls,1,2AF760,Resist 0E Unknown,64 00 00 00,100
Ansem (w/Guardian),xa_ex_1630.mdls,1,2AF764,Resist 0F Unknown,64 00 00 00,100
Ansem (w/Guardian),xa_ex_1630.mdls,1,2AF768,??? (+68),00 02 00 00,512
Heartless Soldier,xa_ex_2010.mdls,0,61E94,HP,18 00 00 00,24
Heartless Soldier,xa_ex_2010.mdls,0,61E98,ATK Level,03 00 00 00,3
Heartless Soldier,xa_ex_2010.mdls,0,61E9C,DEF Level,03 00 00 00,3
Heartless Soldier,xa_ex_2010.mdls,0,61EA0,Min Damage Taken,03 00 00 00,3
Heartless Soldier,xa_ex_2010.mdls,0,61EA4,Max Damage Taken,2C 01 00 00,300
Heartless Soldier,xa_ex_2010.mdls,0,61EA8,MP Recovery On Hit,08 00 00 00,8
Heartless Soldier,xa_ex_2010.mdls,0,61EAC,Knockback Weight,00 00 80 3F,1
Heartless Soldier,xa_ex_2010.mdls,0,61EB0,EXP,03 00 00 00,3
Heartless Soldier,xa_ex_2010.mdls,0,61EB4,??? (+20),89 13 00 00,5001
Heartless Soldier,xa_ex_2010.mdls,0,61EB8,Outgoing Damage Multiplier,00 00 80 3F,1
Heartless Soldier,xa_ex_2010.mdls,0,61EBC,Resist 00 Unknown,64 00 00 00,100
Heartless Soldier,xa_ex_2010.mdls,0,61EC0,Resist 01 Physical,64 00 00 00,100
Heartless Soldier,xa_ex_2010.mdls,0,61EC4,Resist 02 Fire,64 00 00 00,100
Heartless Soldier,xa_ex_2010.mdls,0,61EC8,Resist 03 Blizzard,64 00 00 00,100
Heartless Soldier,xa_ex_2010.mdls,0,61ECC,Resist 04 Thunder,64 00 00 00,100
Heartless Soldier,xa_ex_2010.mdls,0,61ED0,Resist 05 Unknown,64 00 00 00,100
Heartless Soldier,xa_ex_2010.mdls,0,61ED4,Resist 06 Unknown,64 00 00 00,100
Heartless Soldier,xa_ex_2010.mdls,0,61ED8,Resist 07 Unknown,64 00 00 00,100
Heartless Soldier,xa_ex_2010.mdls,0,61EDC,Resist 08 Percent HP,64 00 00 00,100
Heartless Soldier,xa_ex_2010.mdls,0,61EE0,Resist 09 Stop,64 00 00 00,100
Heartless Soldier,xa_ex_2010.mdls,0,61EE4,Resist 0A Stun,64 00 00 00,100
Heartless Soldier,xa_ex_2010.mdls,0,61EE8,Resist 0B Heal,64 00 00 00,100
Heartless Soldier,xa_ex_2010.mdls,0,61EEC,Resist 0C Unknown,64 00 00 00,100
Heartless Soldier,xa_ex_2010.mdls,0,61EF0,Resist 0D Unknown,64 00 00 00,100
Heartless Soldier,xa_ex_2010.mdls,0,61EF4,Resist 0E Unknown,64 00 00 00,100
Heartless Soldier,xa_ex_2010.mdls,0,61EF8,Resist 0F Unknown,64 00 00 00,100
Heartless Soldier,xa_ex_2010.mdls,0,61EFC,??? (+68),00 00 00 00,0
Heartless Soldier,xa_ex_2010.mdls,1,61F00,HP,78 00 00 00,120
Heartless Soldier,xa_ex_2010.mdls,1,61F04,ATK Level,11 00 00 00,17
Heartless Soldier,xa_ex_2010.mdls,1,61F08,DEF Level,11 00 00 00,17
Heartless Soldier,xa_ex_2010.mdls,1,61F0C,Min Damage Taken,0A 00 00 00,10
Heartless Soldier,xa_ex_2010.mdls,1,61F10,Max Damage Taken,2C 01 00 00,300
Heartless Soldier,xa_ex_2010.mdls,1,61F14,MP Recovery On Hit,2F 00 00 00,47
Heartless Soldier,xa_ex_2010.mdls,1,61F18,Knockback Weight,00 00 80 3F,1
Heartless Soldier,xa_ex_2010.mdls,1,61F1C,EXP,5A 00 00 00,90
Heartless Soldier,xa_ex_2010.mdls,1,61F20,??? (+20),89 13 00 00,5001
Heartless Soldier,xa_ex_2010.mdls,1,61F24,Outgoing Damage Multiplier,9A 99 19 40,2.4
Heartless Soldier,xa_ex_2010.mdls,1,61F28,Resist 00 Unknown,64 00 00 00,100
Heartless Soldier,xa_ex_2010.mdls,1,61F2C,Resist 01 Physical,64 00 00 00,100
Heartless Soldier,xa_ex_2010.mdls,1,61F30,Resist 02 Fire,64 00 00 00,100
Heartless Soldier,xa_ex_2010.mdls,1,61F34,Resist 03 Blizzard,64 00 00 00,100
Heartless Soldier,xa_ex_2010.mdls,1,61F38,Resist 04 Thunder,64 00 00 00,100
Heartless Soldier,xa_ex_2010.mdls,1,61F3C,Resist 05 Unknown,64 00 00 00,100
Heartless Soldier,xa_ex_2010.mdls,1,61F40,Resist 06 Unknown,64 00 00 00,100
Heartless Soldier,xa_ex_2010.mdls,1,61F44,Resist 07 Unknown,64 00 00 00,100
Heartless Soldier,xa_ex_2010.mdls,1,61F48,Resist 08 Percent HP,50 00 00 00,80
Heartless Soldier,xa_ex_2010.mdls,1,61F4C,Resist 09 Stop,3C 00 00 00,60
Heartless Soldier,xa_ex_2010.mdls,1,61F50,Resist 0A Stun,64 00 00 00,100
Heartless Soldier,xa_ex_2010.mdls,1,61F54,Resist 0B Heal,64 00 00 00,100
Heartless Soldier,xa_ex_2010.mdls,1,61F58,Resist 0C Unknown,64 00 00 00,100
Heartless Soldier,xa_ex_2010.mdls,1,61F5C,Resist 0D Unknown,64 00 00 00,100
Heartless Soldier,xa_ex_2010.mdls,1,61F60,Resist 0E Unknown,64 00 00 00,100
Heartless Soldier,xa_ex_2010.mdls,1,61F64,Resist 0F Unknown,64 00 00 00,100
Heartless Soldier,xa_ex_2010.mdls,1,61F68,??? (+68),00 00 00 00,0
Heartless Shadow,xa_ex_2020.mdls,0,2BD94,HP,0A 00 00 00,10
Heartless Shadow,xa_ex_2020.mdls,0,2BD98,ATK Level,00 00 00 00,0
Heartless Shadow,xa_ex_2020.mdls,0,2BD9C,DEF Level,00 00 00 00,0
Heartless Shadow,xa_ex_2020.mdls,0,2BDA0,Min Damage Taken,02 00 00 00,2
Heartless Shadow,xa_ex_2020.mdls,0,2BDA4,Max Damage Taken,2C 01 00 00,300
Heartless Shadow,xa_ex_2020.mdls,0,2BDA8,MP Recovery On Hit,00 00 00 00,0
Heartless Shadow,xa_ex_2020.mdls,0,2BDAC,Knockback Weight,00 00 80 3F,1
Heartless Shadow,xa_ex_2020.mdls,0,2BDB0,EXP,01 00 00 00,1
Heartless Shadow,xa_ex_2020.mdls,0,2BDB4,??? (+20),8D 13 00 00,5005
Heartless Shadow,xa_ex_2020.mdls,0,2BDB8,Outgoing Damage Multiplier,33 33 33 3F,0.7
Heartless Shadow,xa_ex_2020.mdls,0,2BDBC,Resist 00 Unknown,64 00 00 00,100
Heartless Shadow,xa_ex_2020.mdls,0,2BDC0,Resist 01 Physical,64 00 00 00,100
Heartless Shadow,xa_ex_2020.mdls,0,2BDC4,Resist 02 Fire,64 00 00 00,100
Heartless Shadow,xa_ex_2020.mdls,0,2BDC8,Resist 03 Blizzard,64 00 00 00,100
Heartless Shadow,xa_ex_2020.mdls,0,2BDCC,Resist 04 Thunder,64 00 00 00,100
Heartless Shadow,xa_ex_2020.mdls,0,2BDD0,Resist 05 Unknown,64 00 00 00,100
Heartless Shadow,xa_ex_2020.mdls,0,2BDD4,Resist 06 Unknown,64 00 00 00,100
Heartless Shadow,xa_ex_2020.mdls,0,2BDD8,Resist 07 Unknown,64 00 00 00,100
Heartless Shadow,xa_ex_2020.mdls,0,2BDDC,Resist 08 Percent HP,64 00 00 00,100
Heartless Shadow,xa_ex_2020.mdls,0,2BDE0,Resist 09 Stop,64 00 00 00,100
Heartless Shadow,xa_ex_2020.mdls,0,2BDE4,Resist 0A Stun,64 00 00 00,100
Heartless Shadow,xa_ex_2020.mdls,0,2BDE8,Resist 0B Heal,64 00 00 00,100
Heartless Shadow,xa_ex_2020.mdls,0,2BDEC,Resist 0C Unknown,64 00 00 00,100
Heartless Shadow,xa_ex_2020.mdls,0,2BDF0,Resist 0D Unknown,64 00 00 00,100
Heartless Shadow,xa_ex_2020.mdls,0,2BDF4,Resist 0E Unknown,64 00 00 00,100
Heartless Shadow,xa_ex_2020.mdls,0,2BDF8,Resist 0F Unknown,64 00 00 00,100
Heartless Shadow,xa_ex_2020.mdls,0,2BDFC,??? (+68),00 00 00 00,0
Heartless Shadow,xa_ex_2020.mdls,1,2BE00,HP,0A 00 00 00,10
Heartless Shadow,xa_ex_2020.mdls,1,2BE04,ATK Level,01 00 00 00,1
Heartless Shadow,xa_ex_2020.mdls,1,2BE08,DEF Level,01 00 00 00,1
Heartless Shadow,xa_ex_2020.mdls,1,2BE0C,Min Damage Taken,02 00 00 00,2
Heartless Shadow,xa_ex_2020.mdls,1,2BE10,Max Damage Taken,2C 01 00 00,300
Heartless Shadow,xa_ex_2020.mdls,1,2BE14,MP Recovery On Hit,00 00 00 00,0
Heartless Shadow,xa_ex_2020.mdls,1,2BE18,Knockback Weight,00 00 80 3F,1
Heartless Shadow,xa_ex_2020.mdls,1,2BE1C,EXP,01 00 00 00,1
Heartless Shadow,xa_ex_2020.mdls,1,2BE20,??? (+20),8D 13 00 00,5005
Heartless Shadow,xa_ex_2020.mdls,1,2BE24,Outgoing Damage Multiplier,00 00 80 3F,1
Heartless Shadow,xa_ex_2020.mdls,1,2BE28,Resist 00 Unknown,64 00 00 00,100
Heartless Shadow,xa_ex_2020.mdls,1,2BE2C,Resist 01 Physical,64 00 00 00,100
Heartless Shadow,xa_ex_2020.mdls,1,2BE30,Resist 02 Fire,64 00 00 00,100
Heartless Shadow,xa_ex_2020.mdls,1,2BE34,Resist 03 Blizzard,64 00 00 00,100
Heartless Shadow,xa_ex_2020.mdls,1,2BE38,Resist 04 Thunder,64 00 00 00,100
Heartless Shadow,xa_ex_2020.mdls,1,2BE3C,Resist 05 Unknown,64 00 00 00,100
Heartless Shadow,xa_ex_2020.mdls,1,2BE40,Resist 06 Unknown,64 00 00 00,100
Heartless Shadow,xa_ex_2020.mdls,1,2BE44,Resist 07 Unknown,64 00 00 00,100
Heartless Shadow,xa_ex_2020.mdls,1,2BE48,Resist 08 Percent HP,64 00 00 00,100
Heartless Shadow,xa_ex_2020.mdls,1,2BE4C,Resist 09 Stop,64 00 00 00,100
Heartless Shadow,xa_ex_2020.mdls,1,2BE50,Resist 0A Stun,64 00 00 00,100
Heartless Shadow,xa_ex_2020.mdls,1,2BE54,Resist 0B Heal,64 00 00 00,100
Heartless Shadow,xa_ex_2020.mdls,1,2BE58,Resist 0C Unknown,64 00 00 00,100
Heartless Shadow,xa_ex_2020.mdls,1,2BE5C,Resist 0D Unknown,64 00 00 00,100
Heartless Shadow,xa_ex_2020.mdls,1,2BE60,Resist 0E Unknown,64 00 00 00,100
Heartless Shadow,xa_ex_2020.mdls,1,2BE64,Resist 0F Unknown,64 00 00 00,100
Heartless Shadow,xa_ex_2020.mdls,1,2BE68,??? (+68),00 00 00 00,0
Heartless Shadow,xa_ex_2020.mdls,2,2BE6C,HP,0C 00 00 00,12
Heartless Shadow,xa_ex_2020.mdls,2,2BE70,ATK Level,02 00 00 00,2
Heartless Shadow,xa_ex_2020.mdls,2,2BE74,DEF Level,02 00 00 00,2
Heartless Shadow,xa_ex_2020.mdls,2,2BE78,Min Damage Taken,02 00 00 00,2
Heartless Shadow,xa_ex_2020.mdls,2,2BE7C,Max Damage Taken,2C 01 00 00,300
Heartless Shadow,xa_ex_2020.mdls,2,2BE80,MP Recovery On Hit,00 00 00 00,0
Heartless Shadow,xa_ex_2020.mdls,2,2BE84,Knockback Weight,00 00 80 3F,1
Heartless Shadow,xa_ex_2020.mdls,2,2BE88,EXP,01 00 00 00,1
Heartless Shadow,xa_ex_2020.mdls,2,2BE8C,??? (+20),8D 13 00 00,5005
Heartless Shadow,xa_ex_2020.mdls,2,2BE90,Outgoing Damage Multiplier,6F 12 83 3A,0.001
Heartless Shadow,xa_ex_2020.mdls,2,2BE94,Resist 00 Unknown,64 00 00 00,100
Heartless Shadow,xa_ex_2020.mdls,2,2BE98,Resist 01 Physical,64 00 00 00,100
Heartless Shadow,xa_ex_2020.mdls,2,2BE9C,Resist 02 Fire,64 00 00 00,100
Heartless Shadow,xa_ex_2020.mdls,2,2BEA0,Resist 03 Blizzard,64 00 00 00,100
Heartless Shadow,xa_ex_2020.mdls,2,2BEA4,Resist 04 Thunder,64 00 00 00,100
Heartless Shadow,xa_ex_2020.mdls,2,2BEA8,Resist 05 Unknown,64 00 00 00,100
Heartless Shadow,xa_ex_2020.mdls,2,2BEAC,Resist 06 Unknown,64 00 00 00,100
Heartless Shadow,xa_ex_2020.mdls,2,2BEB0,Resist 07 Unknown,64 00 00 00,100
Heartless Shadow,xa_ex_2020.mdls,2,2BEB4,Resist 08 Percent HP,64 00 00 00,100
Heartless Shadow,xa_ex_2020.mdls,2,2BEB8,Resist 09 Stop,64 00 00 00,100
Heartless Shadow,xa_ex_2020.mdls,2,2BEBC,Resist 0A Stun,64 00 00 00,100
Heartless Shadow,xa_ex_2020.mdls,2,2BEC0,Resist 0B Heal,64 00 00 00,100
Heartless Shadow,xa_ex_2020.mdls,2,2BEC4,Resist 0C Unknown,64 00 00 00,100
Heartless Shadow,xa_ex_2020.mdls,2,2BEC8,Resist 0D Unknown,64 00 00 00,100
Heartless Shadow,xa_ex_2020.mdls,2,2BECC,Resist 0E Unknown,64 00 00 00,100
Heartless Shadow,xa_ex_2020.mdls,2,2BED0,Resist 0F Unknown,64 00 00 00,100
Heartless Shadow,xa_ex_2020.mdls,2,2BED4,??? (+68),00 00 00 00,0
Heartless Shadow,xa_ex_2020.mdls,3,2BED8,HP,0C 00 00 00,12
Heartless Shadow,xa_ex_2020.mdls,3,2BEDC,ATK Level,03 00 00 00,3
Heartless Shadow,xa_ex_2020.mdls,3,2BEE0,DEF Level,03 00 00 00,3
Heartless Shadow,xa_ex_2020.mdls,3,2BEE4,Min Damage Taken,02 00 00 00,2
Heartless Shadow,xa_ex_2020.mdls,3,2BEE8,Max Damage Taken,2C 01 00 00,300
Heartless Shadow,xa_ex_2020.mdls,3,2BEEC,MP Recovery On Hit,06 00 00 00,6
Heartless Shadow,xa_ex_2020.mdls,3,2BEF0,Knockback Weight,00 00 80 3F,1
Heartless Shadow,xa_ex_2020.mdls,3,2BEF4,EXP,01 00 00 00,1
Heartless Shadow,xa_ex_2020.mdls,3,2BEF8,??? (+20),8D 13 00 00,5005
Heartless Shadow,xa_ex_2020.mdls,3,2BEFC,Outgoing Damage Multiplier,00 00 80 3F,1
Heartless Shadow,xa_ex_2020.mdls,3,2BF00,Resist 00 Unknown,64 00 00 00,100
Heartless Shadow,xa_ex_2020.mdls,3,2BF04,Resist 01 Physical,64 00 00 00,100
Heartless Shadow,xa_ex_2020.mdls,3,2BF08,Resist 02 Fire,64 00 00 00,100
Heartless Shadow,xa_ex_2020.mdls,3,2BF0C,Resist 03 Blizzard,64 00 00 00,100
Heartless Shadow,xa_ex_2020.mdls,3,2BF10,Resist 04 Thunder,64 00 00 00,100
Heartless Shadow,xa_ex_2020.mdls,3,2BF14,Resist 05 Unknown,64 00 00 00,100
Heartless Shadow,xa_ex_2020.mdls,3,2BF18,Resist 06 Unknown,64 00 00 00,100
Heartless Shadow,xa_ex_2020.mdls,3,2BF1C,Resist 07 Unknown,64 00 00 00,100
Heartless Shadow,xa_ex_2020.mdls,3,2BF20,Resist 08 Percent HP,64 00 00 00,100
Heartless Shadow,xa_ex_2020.mdls,3,2BF24,Resist 09 Stop,64 00 00 00,100
Heartless Shadow,xa_ex_2020.mdls,3,2BF28,Resist 0A Stun,64 00 00 00,100
Heartless Shadow,xa_ex_2020.mdls,3,2BF2C,Resist 0B Heal,64 00 00 00,100
Heartless Shadow,xa_ex_2020.mdls,3,2BF30,Resist 0C Unknown,64 00 00 00,100
Heartless Shadow,xa_ex_2020.mdls,3,2BF34,Resist 0D Unknown,64 00 00 00,100
Heartless Shadow,xa_ex_2020.mdls,3,2BF38,Resist 0E Unknown,64 00 00 00,100
Heartless Shadow,xa_ex_2020.mdls,3,2BF3C,Resist 0F Unknown,64 00 00 00,100
Heartless Shadow,xa_ex_2020.mdls,3,2BF40,??? (+68),00 00 00 00,0
Heartless Shadow,xa_ex_2020.mdls,4,2BF44,HP,0C 00 00 00,12
Heartless Shadow,xa_ex_2020.mdls,4,2BF48,ATK Level,04 00 00 00,4
Heartless Shadow,xa_ex_2020.mdls,4,2BF4C,DEF Level,04 00 00 00,4
Heartless Shadow,xa_ex_2020.mdls,4,2BF50,Min Damage Taken,02 00 00 00,2
Heartless Shadow,xa_ex_2020.mdls,4,2BF54,Max Damage Taken,2C 01 00 00,300
Heartless Shadow,xa_ex_2020.mdls,4,2BF58,MP Recovery On Hit,08 00 00 00,8
Heartless Shadow,xa_ex_2020.mdls,4,2BF5C,Knockback Weight,00 00 80 3F,1
Heartless Shadow,xa_ex_2020.mdls,4,2BF60,EXP,01 00 00 00,1
Heartless Shadow,xa_ex_2020.mdls,4,2BF64,??? (+20),8D 13 00 00,5005
Heartless Shadow,xa_ex_2020.mdls,4,2BF68,Outgoing Damage Multiplier,00 00 80 3F,1
Heartless Shadow,xa_ex_2020.mdls,4,2BF6C,Resist 00 Unknown,64 00 00 00,100
Heartless Shadow,xa_ex_2020.mdls,4,2BF70,Resist 01 Physical,64 00 00 00,100
Heartless Shadow,xa_ex_2020.mdls,4,2BF74,Resist 02 Fire,64 00 00 00,100
Heartless Shadow,xa_ex_2020.mdls,4,2BF78,Resist 03 Blizzard,64 00 00 00,100
Heartless Shadow,xa_ex_2020.mdls,4,2BF7C,Resist 04 Thunder,64 00 00 00,100
Heartless Shadow,xa_ex_2020.mdls,4,2BF80,Resist 05 Unknown,64 00 00 00,100
Heartless Shadow,xa_ex_2020.mdls,4,2BF84,Resist 06 Unknown,64 00 00 00,100
Heartless Shadow,xa_ex_2020.mdls,4,2BF88,Resist 07 Unknown,64 00 00 00,100
Heartless Shadow,xa_ex_2020.mdls,4,2BF8C,Resist 08 Percent HP,64 00 00 00,100
Heartless Shadow,xa_ex_2020.mdls,4,2BF90,Resist 09 Stop,64 00 00 00,100
Heartless Shadow,xa_ex_2020.mdls,4,2BF94,Resist 0A Stun,64 00 00 00,100
Heartless Shadow,xa_ex_2020.mdls,4,2BF98,Resist 0B Heal,64 00 00 00,100
Heartless Shadow,xa_ex_2020.mdls,4,2BF9C,Resist 0C Unknown,64 00 00 00,100
Heartless Shadow,xa_ex_2020.mdls,4,2BFA0,Resist 0D Unknown,64 00 00 00,100
Heartless Shadow,xa_ex_2020.mdls,4,2BFA4,Resist 0E Unknown,64 00 00 00,100
Heartless Shadow,xa_ex_2020.mdls,4,2BFA8,Resist 0F Unknown,64 00 00 00,100
Heartless Shadow,xa_ex_2020.mdls,4,2BFAC,??? (+68),00 00 00 00,0
Heartless Shadow,xa_ex_2020.mdls,5,2BFB0,HP,0C 00 00 00,12
Heartless Shadow,xa_ex_2020.mdls,5,2BFB4,ATK Level,05 00 00 00,5
Heartless Shadow,xa_ex_2020.mdls,5,2BFB8,DEF Level,05 00 00 00,5
Heartless Shadow,xa_ex_2020.mdls,5,2BFBC,Min Damage Taken,02 00 00 00,2
Heartless Shadow,xa_ex_2020.mdls,5,2BFC0,Max Damage Taken,2C 01 00 00,300
Heartless Shadow,xa_ex_2020.mdls,5,2BFC4,MP Recovery On Hit,0B 00 00 00,11
Heartless Shadow,xa_ex_2020.mdls,5,2BFC8,Knockback Weight,00 00 80 3F,1
Heartless Shadow,xa_ex_2020.mdls,5,2BFCC,EXP,01 00 00 00,1
Heartless Shadow,xa_ex_2020.mdls,5,2BFD0,??? (+20),8D 13 00 00,5005
Heartless Shadow,xa_ex_2020.mdls,5,2BFD4,Outgoing Damage Multiplier,00 00 80 3F,1
Heartless Shadow,xa_ex_2020.mdls,5,2BFD8,Resist 00 Unknown,64 00 00 00,100
Heartless Shadow,xa_ex_2020.mdls,5,2BFDC,Resist 01 Physical,64 00 00 00,100
Heartless Shadow,xa_ex_2020.mdls,5,2BFE0,Resist 02 Fire,64 00 00 00,100
Heartless Shadow,xa_ex_2020.mdls,5,2BFE4,Resist 03 Blizzard,64 00 00 00,100
Heartless Shadow,xa_ex_2020.mdls,5,2BFE8,Resist 04 Thunder,64 00 00 00,100
Heartless Shadow,xa_ex_2020.mdls,5,2BFEC,Resist 05 Unknown,64 00 00 00,100
Heartless Shadow,xa_ex_2020.mdls,5,2BFF0,Resist 06 Unknown,64 00 00 00,100
Heartless Shadow,xa_ex_2020.mdls,5,2BFF4,Resist 07 Unknown,64 00 00 00,100
Heartless Shadow,xa_ex_2020.mdls,5,2BFF8,Resist 08 Percent HP,64 00 00 00,100
Heartless Shadow,xa_ex_2020.mdls,5,2BFFC,Resist 09 Stop,64 00 00 00,100
Heartless Shadow,xa_ex_2020.mdls,5,2C000,Resist 0A Stun,64 00 00 00,100
Heartless Shadow,xa_ex_2020.mdls,5,2C004,Resist 0B Heal,64 00 00 00,100
Heartless Shadow,xa_ex_2020.mdls,5,2C008,Resist 0C Unknown,64 00 00 00,100
Heartless Shadow,xa_ex_2020.mdls,5,2C00C,Resist 0D Unknown,64 00 00 00,100
Heartless Shadow,xa_ex_2020.mdls,5,2C010,Resist 0E Unknown,64 00 00 00,100
Heartless Shadow,xa_ex_2020.mdls,5,2C014,Resist 0F Unknown,64 00 00 00,100
Heartless Shadow,xa_ex_2020.mdls,5,2C018,??? (+68),00 00 00 00,0
Heartless Shadow,xa_ex_2020.mdls,6,2C01C,HP,12 00 00 00,18
Heartless Shadow,xa_ex_2020.mdls,6,2C020,ATK Level,06 00 00 00,6
Heartless Shadow,xa_ex_2020.mdls,6,2C024,DEF Level,06 00 00 00,6
Heartless Shadow,xa_ex_2020.mdls,6,2C028,Min Damage Taken,03 00 00 00,3
Heartless Shadow,xa_ex_2020.mdls,6,2C02C,Max Damage Taken,2C 01 00 00,300
Heartless Shadow,xa_ex_2020.mdls,6,2C030,MP Recovery On Hit,0D 00 00 00,13
Heartless Shadow,xa_ex_2020.mdls,6,2C034,Knockback Weight,00 00 80 3F,1
Heartless Shadow,xa_ex_2020.mdls,6,2C038,EXP,01 00 00 00,1
Heartless Shadow,xa_ex_2020.mdls,6,2C03C,??? (+20),8D 13 00 00,5005
Heartless Shadow,xa_ex_2020.mdls,6,2C040,Outgoing Damage Multiplier,33 33 B3 3F,1.4
Heartless Shadow,xa_ex_2020.mdls,6,2C044,Resist 00 Unknown,64 00 00 00,100
Heartless Shadow,xa_ex_2020.mdls,6,2C048,Resist 01 Physical,64 00 00 00,100
Heartless Shadow,xa_ex_2020.mdls,6,2C04C,Resist 02 Fire,64 00 00 00,100
Heartless Shadow,xa_ex_2020.mdls,6,2C050,Resist 03 Blizzard,64 00 00 00,100
Heartless Shadow,xa_ex_2020.mdls,6,2C054,Resist 04 Thunder,64 00 00 00,100
Heartless Shadow,xa_ex_2020.mdls,6,2C058,Resist 05 Unknown,64 00 00 00,100
Heartless Shadow,xa_ex_2020.mdls,6,2C05C,Resist 06 Unknown,64 00 00 00,100
Heartless Shadow,xa_ex_2020.mdls,6,2C060,Resist 07 Unknown,64 00 00 00,100
Heartless Shadow,xa_ex_2020.mdls,6,2C064,Resist 08 Percent HP,64 00 00 00,100
Heartless Shadow,xa_ex_2020.mdls,6,2C068,Resist 09 Stop,64 00 00 00,100
Heartless Shadow,xa_ex_2020.mdls,6,2C06C,Resist 0A Stun,64 00 00 00,100
Heartless Shadow,xa_ex_2020.mdls,6,2C070,Resist 0B Heal,64 00 00 00,100
Heartless Shadow,xa_ex_2020.mdls,6,2C074,Resist 0C Unknown,64 00 00 00,100
Heartless Shadow,xa_ex_2020.mdls,6,2C078,Resist 0D Unknown,64 00 00 00,100
Heartless Shadow,xa_ex_2020.mdls,6,2C07C,Resist 0E Unknown,64 00 00 00,100
Heartless Shadow,xa_ex_2020.mdls,6,2C080,Resist 0F Unknown,64 00 00 00,100
Heartless Shadow,xa_ex_2020.mdls,6,2C084,??? (+68),00 00 00 00,0
Heartless Shadow,xa_ex_2020.mdls,7,2C088,HP,12 00 00 00,18
Heartless Shadow,xa_ex_2020.mdls,7,2C08C,ATK Level,07 00 00 00,7
Heartless Shadow,xa_ex_2020.mdls,7,2C090,DEF Level,07 00 00 00,7
Heartless Shadow,xa_ex_2020.mdls,7,2C094,Min Damage Taken,03 00 00 00,3
Heartless Shadow,xa_ex_2020.mdls,7,2C098,Max Damage Taken,2C 01 00 00,300
Heartless Shadow,xa_ex_2020.mdls,7,2C09C,MP Recovery On Hit,10 00 00 00,16
Heartless Shadow,xa_ex_2020.mdls,7,2C0A0,Knockback Weight,00 00 80 3F,1
Heartless Shadow,xa_ex_2020.mdls,7,2C0A4,EXP,02 00 00 00,2
Heartless Shadow,xa_ex_2020.mdls,7,2C0A8,??? (+20),8D 13 00 00,5005
Heartless Shadow,xa_ex_2020.mdls,7,2C0AC,Outgoing Damage Multiplier,33 33 B3 3F,1.4
Heartless Shadow,xa_ex_2020.mdls,7,2C0B0,Resist 00 Unknown,64 00 00 00,100
Heartless Shadow,xa_ex_2020.mdls,7,2C0B4,Resist 01 Physical,64 00 00 00,100
Heartless Shadow,xa_ex_2020.mdls,7,2C0B8,Resist 02 Fire,64 00 00 00,100
Heartless Shadow,xa_ex_2020.mdls,7,2C0BC,Resist 03 Blizzard,64 00 00 00,100
Heartless Shadow,xa_ex_2020.mdls,7,2C0C0,Resist 04 Thunder,64 00 00 00,100
Heartless Shadow,xa_ex_2020.mdls,7,2C0C4,Resist 05 Unknown,64 00 00 00,100
Heartless Shadow,xa_ex_2020.mdls,7,2C0C8,Resist 06 Unknown,64 00 00 00,100
Heartless Shadow,xa_ex_2020.mdls,7,2C0CC,Resist 07 Unknown,64 00 00 00,100
Heartless Shadow,xa_ex_2020.mdls,7,2C0D0,Resist 08 Percent HP,64 00 00 00,100
Heartless Shadow,xa_ex_2020.mdls,7,2C0D4,Resist 09 Stop,64 00 00 00,100
Heartless Shadow,xa_ex_2020.mdls,7,2C0D8,Resist 0A Stun,64 00 00 00,100
Heartless Shadow,xa_ex_2020.mdls,7,2C0DC,Resist 0B Heal,64 00 00 00,100
Heartless Shadow,xa_ex_2020.mdls,7,2C0E0,Resist 0C Unknown,64 00 00 00,100
Heartless Shadow,xa_ex_2020.mdls,7,2C0E4,Resist 0D Unknown,64 00 00 00,100
Heartless Shadow,xa_ex_2020.mdls,7,2C0E8,Resist 0E Unknown,64 00 00 00,100
Heartless Shadow,xa_ex_2020.mdls,7,2C0EC,Resist 0F Unknown,64 00 00 00,100
Heartless Shadow,xa_ex_2020.mdls,7,2C0F0,??? (+68),00 00 00 00,0
Heartless Shadow,xa_ex_2020.mdls,8,2C0F4,HP,12 00 00 00,18
Heartless Shadow,xa_ex_2020.mdls,8,2C0F8,ATK Level,08 00 00 00,8
Heartless Shadow,xa_ex_2020.mdls,8,2C0FC,DEF Level,08 00 00 00,8
Heartless Shadow,xa_ex_2020.mdls,8,2C100,Min Damage Taken,03 00 00 00,3
Heartless Shadow,xa_ex_2020.mdls,8,2C104,Max Damage Taken,2C 01 00 00,300
Heartless Shadow,xa_ex_2020.mdls,8,2C108,MP Recovery On Hit,13 00 00 00,19
Heartless Shadow,xa_ex_2020.mdls,8,2C10C,Knockback Weight,00 00 80 3F,1
Heartless Shadow,xa_ex_2020.mdls,8,2C110,EXP,02 00 00 00,2
Heartless Shadow,xa_ex_2020.mdls,8,2C114,??? (+20),8D 13 00 00,5005
Heartless Shadow,xa_ex_2020.mdls,8,2C118,Outgoing Damage Multiplier,33 33 B3 3F,1.4
Heartless Shadow,xa_ex_2020.mdls,8,2C11C,Resist 00 Unknown,64 00 00 00,100
Heartless Shadow,xa_ex_2020.mdls,8,2C120,Resist 01 Physical,64 00 00 00,100
Heartless Shadow,xa_ex_2020.mdls,8,2C124,Resist 02 Fire,64 00 00 00,100
Heartless Shadow,xa_ex_2020.mdls,8,2C128,Resist 03 Blizzard,64 00 00 00,100
Heartless Shadow,xa_ex_2020.mdls,8,2C12C,Resist 04 Thunder,64 00 00 00,100
Heartless Shadow,xa_ex_2020.mdls,8,2C130,Resist 05 Unknown,64 00 00 00,100
Heartless Shadow,xa_ex_2020.mdls,8,2C134,Resist 06 Unknown,64 00 00 00,100
Heartless Shadow,xa_ex_2020.mdls,8,2C138,Resist 07 Unknown,64 00 00 00,100
Heartless Shadow,xa_ex_2020.mdls,8,2C13C,Resist 08 Percent HP,64 00 00 00,100
Heartless Shadow,xa_ex_2020.mdls,8,2C140,Resist 09 Stop,64 00 00 00,100
Heartless Shadow,xa_ex_2020.mdls,8,2C144,Resist 0A Stun,64 00 00 00,100
Heartless Shadow,xa_ex_2020.mdls,8,2C148,Resist 0B Heal,64 00 00 00,100
Heartless Shadow,xa_ex_2020.mdls,8,2C14C,Resist 0C Unknown,64 00 00 00,100
Heartless Shadow,xa_ex_2020.mdls,8,2C150,Resist 0D Unknown,64 00 00 00,100
Heartless Shadow,xa_ex_2020.mdls,8,2C154,Resist 0E Unknown,64 00 00 00,100
Heartless Shadow,xa_ex_2020.mdls,8,2C158,Resist 0F Unknown,64 00 00 00,100
Heartless Shadow,xa_ex_2020.mdls,8,2C15C,??? (+68),00 00 00 00,0
Heartless Shadow,xa_ex_2020.mdls,9,2C160,HP,15 00 00 00,21
Heartless Shadow,xa_ex_2020.mdls,9,2C164,ATK Level,09 00 00 00,9
Heartless Shadow,xa_ex_2020.mdls,9,2C168,DEF Level,09 00 00 00,9
Heartless Shadow,xa_ex_2020.mdls,9,2C16C,Min Damage Taken,04 00 00 00,4
Heartless Shadow,xa_ex_2020.mdls,9,2C170,Max Damage Taken,2C 01 00 00,300
Heartless Shadow,xa_ex_2020.mdls,9,2C174,MP Recovery On Hit,14 00 00 00,20
Heartless Shadow,xa_ex_2020.mdls,9,2C178,Knockback Weight,00 00 80 3F,1
Heartless Shadow,xa_ex_2020.mdls,9,2C17C,EXP,02 00 00 00,2
Heartless Shadow,xa_ex_2020.mdls,9,2C180,??? (+20),8D 13 00 00,5005
Heartless Shadow,xa_ex_2020.mdls,9,2C184,Outgoing Damage Multiplier,33 33 B3 3F,1.4
Heartless Shadow,xa_ex_2020.mdls,9,2C188,Resist 00 Unknown,64 00 00 00,100
Heartless Shadow,xa_ex_2020.mdls,9,2C18C,Resist 01 Physical,64 00 00 00,100
Heartless Shadow,xa_ex_2020.mdls,9,2C190,Resist 02 Fire,64 00 00 00,100
Heartless Shadow,xa_ex_2020.mdls,9,2C194,Resist 03 Blizzard,64 00 00 00,100
Heartless Shadow,xa_ex_2020.mdls,9,2C198,Resist 04 Thunder,64 00 00 00,100
Heartless Shadow,xa_ex_2020.mdls,9,2C19C,Resist 05 Unknown,64 00 00 00,100
Heartless Shadow,xa_ex_2020.mdls,9,2C1A0,Resist 06 Unknown,64 00 00 00,100
Heartless Shadow,xa_ex_2020.mdls,9,2C1A4,Resist 07 Unknown,64 00 00 00,100
Heartless Shadow,xa_ex_2020.mdls,9,2C1A8,Resist 08 Percent HP,64 00 00 00,100
Heartless Shadow,xa_ex_2020.mdls,9,2C1AC,Resist 09 Stop,64 00 00 00,100
Heartless Shadow,xa_ex_2020.mdls,9,2C1B0,Resist 0A Stun,64 00 00 00,100
Heartless Shadow,xa_ex_2020.mdls,9,2C1B4,Resist 0B Heal,64 00 00 00,100
Heartless Shadow,xa_ex_2020.mdls,9,2C1B8,Resist 0C Unknown,64 00 00 00,100
Heartless Shadow,xa_ex_2020.mdls,9,2C1BC,Resist 0D Unknown,64 00 00 00,100
Heartless Shadow,xa_ex_2020.mdls,9,2C1C0,Resist 0E Unknown,64 00 00 00,100
Heartless Shadow,xa_ex_2020.mdls,9,2C1C4,Resist 0F Unknown,64 00 00 00,100
Heartless Shadow,xa_ex_2020.mdls,9,2C1C8,??? (+68),00 00 00 00,0
Heartless Shadow,xa_ex_2020.mdls,10,2C1CC,HP,24 00 00 00,36
Heartless Shadow,xa_ex_2020.mdls,10,2C1D0,ATK Level,0A 00 00 00,10
Heartless Shadow,xa_ex_2020.mdls,10,2C1D4,DEF Level,0A 00 00 00,10
Heartless Shadow,xa_ex_2020.mdls,10,2C1D8,Min Damage Taken,06 00 00 00,6
Heartless Shadow,xa_ex_2020.mdls,10,2C1DC,Max Damage Taken,2C 01 00 00,300
Heartless Shadow,xa_ex_2020.mdls,10,2C1E0,MP Recovery On Hit,19 00 00 00,25
Heartless Shadow,xa_ex_2020.mdls,10,2C1E4,Knockback Weight,00 00 80 3F,1
Heartless Shadow,xa_ex_2020.mdls,10,2C1E8,EXP,04 00 00 00,4
Heartless Shadow,xa_ex_2020.mdls,10,2C1EC,??? (+20),8D 13 00 00,5005
Heartless Shadow,xa_ex_2020.mdls,10,2C1F0,Outgoing Damage Multiplier,33 33 F3 3F,1.9
Heartless Shadow,xa_ex_2020.mdls,10,2C1F4,Resist 00 Unknown,64 00 00 00,100
Heartless Shadow,xa_ex_2020.mdls,10,2C1F8,Resist 01 Physical,64 00 00 00,100
Heartless Shadow,xa_ex_2020.mdls,10,2C1FC,Resist 02 Fire,64 00 00 00,100
Heartless Shadow,xa_ex_2020.mdls,10,2C200,Resist 03 Blizzard,64 00 00 00,100
Heartless Shadow,xa_ex_2020.mdls,10,2C204,Resist 04 Thunder,64 00 00 00,100
Heartless Shadow,xa_ex_2020.mdls,10,2C208,Resist 05 Unknown,64 00 00 00,100
Heartless Shadow,xa_ex_2020.mdls,10,2C20C,Resist 06 Unknown,64 00 00 00,100
Heartless Shadow,xa_ex_2020.mdls,10,2C210,Resist 07 Unknown,64 00 00 00,100
Heartless Shadow,xa_ex_2020.mdls,10,2C214,Resist 08 Percent HP,64 00 00 00,100
Heartless Shadow,xa_ex_2020.mdls,10,2C218,Resist 09 Stop,64 00 00 00,100
Heartless Shadow,xa_ex_2020.mdls,10,2C21C,Resist 0A Stun,64 00 00 00,100
Heartless Shadow,xa_ex_2020.mdls,10,2C220,Resist 0B Heal,64 00 00 00,100
Heartless Shadow,xa_ex_2020.mdls,10,2C224,Resist 0C Unknown,64 00 00 00,100
Heartless Shadow,xa_ex_2020.mdls,10,2C228,Resist 0D Unknown,64 00 00 00,100
Heartless Shadow,xa_ex_2020.mdls,10,2C22C,Resist 0E Unknown,64 00 00 00,100
Heartless Shadow,xa_ex_2020.mdls,10,2C230,Resist 0F Unknown,64 00 00 00,100
Heartless Shadow,xa_ex_2020.mdls,10,2C234,??? (+68),00 00 00 00,0
Heartless Shadow,xa_ex_2020.mdls,11,2C238,HP,24 00 00 00,36
Heartless Shadow,xa_ex_2020.mdls,11,2C23C,ATK Level,0B 00 00 00,11
Heartless Shadow,xa_ex_2020.mdls,11,2C240,DEF Level,0B 00 00 00,11
Heartless Shadow,xa_ex_2020.mdls,11,2C244,Min Damage Taken,06 00 00 00,6
Heartless Shadow,xa_ex_2020.mdls,11,2C248,Max Damage Taken,2C 01 00 00,300
Heartless Shadow,xa_ex_2020.mdls,11,2C24C,MP Recovery On Hit,1C 00 00 00,28
Heartless Shadow,xa_ex_2020.mdls,11,2C250,Knockback Weight,00 00 80 3F,1
Heartless Shadow,xa_ex_2020.mdls,11,2C254,EXP,07 00 00 00,7
Heartless Shadow,xa_ex_2020.mdls,11,2C258,??? (+20),8D 13 00 00,5005
Heartless Shadow,xa_ex_2020.mdls,11,2C25C,Outgoing Damage Multiplier,33 33 F3 3F,1.9
Heartless Shadow,xa_ex_2020.mdls,11,2C260,Resist 00 Unknown,64 00 00 00,100
Heartless Shadow,xa_ex_2020.mdls,11,2C264,Resist 01 Physical,64 00 00 00,100
Heartless Shadow,xa_ex_2020.mdls,11,2C268,Resist 02 Fire,64 00 00 00,100
Heartless Shadow,xa_ex_2020.mdls,11,2C26C,Resist 03 Blizzard,64 00 00 00,100
Heartless Shadow,xa_ex_2020.mdls,11,2C270,Resist 04 Thunder,64 00 00 00,100
Heartless Shadow,xa_ex_2020.mdls,11,2C274,Resist 05 Unknown,64 00 00 00,100
Heartless Shadow,xa_ex_2020.mdls,11,2C278,Resist 06 Unknown,64 00 00 00,100
Heartless Shadow,xa_ex_2020.mdls,11,2C27C,Resist 07 Unknown,64 00 00 00,100
Heartless Shadow,xa_ex_2020.mdls,11,2C280,Resist 08 Percent HP,64 00 00 00,100
Heartless Shadow,xa_ex_2020.mdls,11,2C284,Resist 09 Stop,64 00 00 00,100
Heartless Shadow,xa_ex_2020.mdls,11,2C288,Resist 0A Stun,64 00 00 00,100
Heartless Shadow,xa_ex_2020.mdls,11,2C28C,Resist 0B Heal,64 00 00 00,100
Heartless Shadow,xa_ex_2020.mdls,11,2C290,Resist 0C Unknown,64 00 00 00,100
Heartless Shadow,xa_ex_2020.mdls,11,2C294,Resist 0D Unknown,64 00 00 00,100
Heartless Shadow,xa_ex_2020.mdls,11,2C298,Resist 0E Unknown,64 00 00 00,100
Heartless Shadow,xa_ex_2020.mdls,11,2C29C,Resist 0F Unknown,64 00 00 00,100
Heartless Shadow,xa_ex_2020.mdls,11,2C2A0,??? (+68),00 00 00 00,0
Heartless Shadow,xa_ex_2020.mdls,12,2C2A4,HP,27 00 00 00,39
Heartless Shadow,xa_ex_2020.mdls,12,2C2A8,ATK Level,0C 00 00 00,12
Heartless Shadow,xa_ex_2020.mdls,12,2C2AC,DEF Level,0C 00 00 00,12
Heartless Shadow,xa_ex_2020.mdls,12,2C2B0,Min Damage Taken,07 00 00 00,7
Heartless Shadow,xa_ex_2020.mdls,12,2C2B4,Max Damage Taken,2C 01 00 00,300
Heartless Shadow,xa_ex_2020.mdls,12,2C2B8,MP Recovery On Hit,1D 00 00 00,29
Heartless Shadow,xa_ex_2020.mdls,12,2C2BC,Knockback Weight,00 00 80 3F,1
Heartless Shadow,xa_ex_2020.mdls,12,2C2C0,EXP,07 00 00 00,7
Heartless Shadow,xa_ex_2020.mdls,12,2C2C4,??? (+20),8D 13 00 00,5005
Heartless Shadow,xa_ex_2020.mdls,12,2C2C8,Outgoing Damage Multiplier,33 33 F3 3F,1.9
Heartless Shadow,xa_ex_2020.mdls,12,2C2CC,Resist 00 Unknown,64 00 00 00,100
Heartless Shadow,xa_ex_2020.mdls,12,2C2D0,Resist 01 Physical,64 00 00 00,100
Heartless Shadow,xa_ex_2020.mdls,12,2C2D4,Resist 02 Fire,64 00 00 00,100
Heartless Shadow,xa_ex_2020.mdls,12,2C2D8,Resist 03 Blizzard,64 00 00 00,100
Heartless Shadow,xa_ex_2020.mdls,12,2C2DC,Resist 04 Thunder,64 00 00 00,100
Heartless Shadow,xa_ex_2020.mdls,12,2C2E0,Resist 05 Unknown,64 00 00 00,100
Heartless Shadow,xa_ex_2020.mdls,12,2C2E4,Resist 06 Unknown,64 00 00 00,100
Heartless Shadow,xa_ex_2020.mdls,12,2C2E8,Resist 07 Unknown,64 00 00 00,100
Heartless Shadow,xa_ex_2020.mdls,12,2C2EC,Resist 08 Percent HP,64 00 00 00,100
Heartless Shadow,xa_ex_2020.mdls,12,2C2F0,Resist 09 Stop,64 00 00 00,100
Heartless Shadow,xa_ex_2020.mdls,12,2C2F4,Resist 0A Stun,64 00 00 00,100
Heartless Shadow,xa_ex_2020.mdls,12,2C2F8,Resist 0B Heal,64 00 00 00,100
Heartless Shadow,xa_ex_2020.mdls,12,2C2FC,Resist 0C Unknown,64 00 00 00,100
Heartless Shadow,xa_ex_2020.mdls,12,2C300,Resist 0D Unknown,64 00 00 00,100
Heartless Shadow,xa_ex_2020.mdls,12,2C304,Resist 0E Unknown,64 00 00 00,100
Heartless Shadow,xa_ex_2020.mdls,12,2C308,Resist 0F Unknown,64 00 00 00,100
Heartless Shadow,xa_ex_2020.mdls,12,2C30C,??? (+68),00 00 00 00,0
Heartless Shadow,xa_ex_2020.mdls,13,2C310,HP,27 00 00 00,39
Heartless Shadow,xa_ex_2020.mdls,13,2C314,ATK Level,0D 00 00 00,13
Heartless Shadow,xa_ex_2020.mdls,13,2C318,DEF Level,0D 00 00 00,13
Heartless Shadow,xa_ex_2020.mdls,13,2C31C,Min Damage Taken,07 00 00 00,7
Heartless Shadow,xa_ex_2020.mdls,13,2C320,Max Damage Taken,2C 01 00 00,300
Heartless Shadow,xa_ex_2020.mdls,13,2C324,MP Recovery On Hit,20 00 00 00,32
Heartless Shadow,xa_ex_2020.mdls,13,2C328,Knockback Weight,00 00 80 3F,1
Heartless Shadow,xa_ex_2020.mdls,13,2C32C,EXP,06 00 00 00,6
Heartless Shadow,xa_ex_2020.mdls,13,2C330,??? (+20),8D 13 00 00,5005
Heartless Shadow,xa_ex_2020.mdls,13,2C334,Outgoing Damage Multiplier,33 33 F3 3F,1.9
Heartless Shadow,xa_ex_2020.mdls,13,2C338,Resist 00 Unknown,64 00 00 00,100
Heartless Shadow,xa_ex_2020.mdls,13,2C33C,Resist 01 Physical,64 00 00 00,100
Heartless Shadow,xa_ex_2020.mdls,13,2C340,Resist 02 Fire,64 00 00 00,100
Heartless Shadow,xa_ex_2020.mdls,13,2C344,Resist 03 Blizzard,64 00 00 00,100
Heartless Shadow,xa_ex_2020.mdls,13,2C348,Resist 04 Thunder,64 00 00 00,100
Heartless Shadow,xa_ex_2020.mdls,13,2C34C,Resist 05 Unknown,64 00 00 00,100
Heartless Shadow,xa_ex_2020.mdls,13,2C350,Resist 06 Unknown,64 00 00 00,100
Heartless Shadow,xa_ex_2020.mdls,13,2C354,Resist 07 Unknown,64 00 00 00,100
Heartless Shadow,xa_ex_2020.mdls,13,2C358,Resist 08 Percent HP,64 00 00 00,100
Heartless Shadow,xa_ex_2020.mdls,13,2C35C,Resist 09 Stop,64 00 00 00,100
Heartless Shadow,xa_ex_2020.mdls,13,2C360,Resist 0A Stun,64 00 00 00,100
Heartless Shadow,xa_ex_2020.mdls,13,2C364,Resist 0B Heal,64 00 00 00,100
Heartless Shadow,xa_ex_2020.mdls,13,2C368,Resist 0C Unknown,64 00 00 00,100
Heartless Shadow,xa_ex_2020.mdls,13,2C36C,Resist 0D Unknown,64 00 00 00,100
Heartless Shadow,xa_ex_2020.mdls,13,2C370,Resist 0E Unknown,64 00 00 00,100
Heartless Shadow,xa_ex_2020.mdls,13,2C374,Resist 0F Unknown,64 00 00 00,100
Heartless Shadow,xa_ex_2020.mdls,13,2C378,??? (+68),00 00 00 00,0
Heartless Shadow,xa_ex_2020.mdls,14,2C37C,HP,2A 00 00 00,42
Heartless Shadow,xa_ex_2020.mdls,14,2C380,ATK Level,0E 00 00 00,14
Heartless Shadow,xa_ex_2020.mdls,14,2C384,DEF Level,0E 00 00 00,14
Heartless Shadow,xa_ex_2020.mdls,14,2C388,Min Damage Taken,07 00 00 00,7
Heartless Shadow,xa_ex_2020.mdls,14,2C38C,Max Damage Taken,2C 01 00 00,300
Heartless Shadow,xa_ex_2020.mdls,14,2C390,MP Recovery On Hit,24 00 00 00,36
Heartless Shadow,xa_ex_2020.mdls,14,2C394,Knockback Weight,00 00 80 3F,1
Heartless Shadow,xa_ex_2020.mdls,14,2C398,EXP,08 00 00 00,8
Heartless Shadow,xa_ex_2020.mdls,14,2C39C,??? (+20),8D 13 00 00,5005
Heartless Shadow,xa_ex_2020.mdls,14,2C3A0,Outgoing Damage Multiplier,33 33 F3 3F,1.9
Heartless Shadow,xa_ex_2020.mdls,14,2C3A4,Resist 00 Unknown,64 00 00 00,100
Heartless Shadow,xa_ex_2020.mdls,14,2C3A8,Resist 01 Physical,64 00 00 00,100
Heartless Shadow,xa_ex_2020.mdls,14,2C3AC,Resist 02 Fire,64 00 00 00,100
Heartless Shadow,xa_ex_2020.mdls,14,2C3B0,Resist 03 Blizzard,64 00 00 00,100
Heartless Shadow,xa_ex_2020.mdls,14,2C3B4,Resist 04 Thunder,64 00 00 00,100
Heartless Shadow,xa_ex_2020.mdls,14,2C3B8,Resist 05 Unknown,64 00 00 00,100
Heartless Shadow,xa_ex_2020.mdls,14,2C3BC,Resist 06 Unknown,64 00 00 00,100
Heartless Shadow,xa_ex_2020.mdls,14,2C3C0,Resist 07 Unknown,64 00 00 00,100
Heartless Shadow,xa_ex_2020.mdls,14,2C3C4,Resist 08 Percent HP,64 00 00 00,100
Heartless Shadow,xa_ex_2020.mdls,14,2C3C8,Resist 09 Stop,64 00 00 00,100
Heartless Shadow,xa_ex_2020.mdls,14,2C3CC,Resist 0A Stun,64 00 00 00,100
Heartless Shadow,xa_ex_2020.mdls,14,2C3D0,Resist 0B Heal,64 00 00 00,100
Heartless Shadow,xa_ex_2020.mdls,14,2C3D4,Resist 0C Unknown,64 00 00 00,100
Heartless Shadow,xa_ex_2020.mdls,14,2C3D8,Resist 0D Unknown,64 00 00 00,100
Heartless Shadow,xa_ex_2020.mdls,14,2C3DC,Resist 0E Unknown,64 00 00 00,100
Heartless Shadow,xa_ex_2020.mdls,14,2C3E0,Resist 0F Unknown,64 00 00 00,100
Heartless Shadow,xa_ex_2020.mdls,14,2C3E4,??? (+68),00 00 00 00,0
Heartless Shadow,xa_ex_2020.mdls,15,2C3E8,HP,2D 00 00 00,45
Heartless Shadow,xa_ex_2020.mdls,15,2C3EC,ATK Level,0F 00 00 00,15
Heartless Shadow,xa_ex_2020.mdls,15,2C3F0,DEF Level,0F 00 00 00,15
Heartless Shadow,xa_ex_2020.mdls,15,2C3F4,Min Damage Taken,08 00 00 00,8
Heartless Shadow,xa_ex_2020.mdls,15,2C3F8,Max Damage Taken,2C 01 00 00,300
Heartless Shadow,xa_ex_2020.mdls,15,2C3FC,MP Recovery On Hit,26 00 00 00,38
Heartless Shadow,xa_ex_2020.mdls,15,2C400,Knockback Weight,00 00 80 3F,1
Heartless Shadow,xa_ex_2020.mdls,15,2C404,EXP,0D 00 00 00,13
Heartless Shadow,xa_ex_2020.mdls,15,2C408,??? (+20),8D 13 00 00,5005
Heartless Shadow,xa_ex_2020.mdls,15,2C40C,Outgoing Damage Multiplier,33 33 F3 3F,1.9
Heartless Shadow,xa_ex_2020.mdls,15,2C410,Resist 00 Unknown,64 00 00 00,100
Heartless Shadow,xa_ex_2020.mdls,15,2C414,Resist 01 Physical,64 00 00 00,100
Heartless Shadow,xa_ex_2020.mdls,15,2C418,Resist 02 Fire,64 00 00 00,100
Heartless Shadow,xa_ex_2020.mdls,15,2C41C,Resist 03 Blizzard,64 00 00 00,100
Heartless Shadow,xa_ex_2020.mdls,15,2C420,Resist 04 Thunder,64 00 00 00,100
Heartless Shadow,xa_ex_2020.mdls,15,2C424,Resist 05 Unknown,64 00 00 00,100
Heartless Shadow,xa_ex_2020.mdls,15,2C428,Resist 06 Unknown,64 00 00 00,100
Heartless Shadow,xa_ex_2020.mdls,15,2C42C,Resist 07 Unknown,64 00 00 00,100
Heartless Shadow,xa_ex_2020.mdls,15,2C430,Resist 08 Percent HP,64 00 00 00,100
Heartless Shadow,xa_ex_2020.mdls,15,2C434,Resist 09 Stop,64 00 00 00,100
Heartless Shadow,xa_ex_2020.mdls,15,2C438,Resist 0A Stun,64 00 00 00,100
Heartless Shadow,xa_ex_2020.mdls,15,2C43C,Resist 0B Heal,64 00 00 00,100
Heartless Shadow,xa_ex_2020.mdls,15,2C440,Resist 0C Unknown,64 00 00 00,100
Heartless Shadow,xa_ex_2020.mdls,15,2C444,Resist 0D Unknown,64 00 00 00,100
Heartless Shadow,xa_ex_2020.mdls,15,2C448,Resist 0E Unknown,64 00 00 00,100
Heartless Shadow,xa_ex_2020.mdls,15,2C44C,Resist 0F Unknown,64 00 00 00,100
Heartless Shadow,xa_ex_2020.mdls,15,2C450,??? (+68),00 00 00 00,0
Heartless Shadow,xa_ex_2020.mdls,16,2C454,HP,36 00 00 00,54
Heartless Shadow,xa_ex_2020.mdls,16,2C458,ATK Level,10 00 00 00,16
Heartless Shadow,xa_ex_2020.mdls,16,2C45C,DEF Level,10 00 00 00,16
Heartless Shadow,xa_ex_2020.mdls,16,2C460,Min Damage Taken,09 00 00 00,9
Heartless Shadow,xa_ex_2020.mdls,16,2C464,Max Damage Taken,2C 01 00 00,300
Heartless Shadow,xa_ex_2020.mdls,16,2C468,MP Recovery On Hit,28 00 00 00,40
Heartless Shadow,xa_ex_2020.mdls,16,2C46C,Knockback Weight,00 00 80 3F,1
Heartless Shadow,xa_ex_2020.mdls,16,2C470,EXP,10 00 00 00,16
Heartless Shadow,xa_ex_2020.mdls,16,2C474,??? (+20),8D 13 00 00,5005
Heartless Shadow,xa_ex_2020.mdls,16,2C478,Outgoing Damage Multiplier,9A 99 39 40,2.9
Heartless Shadow,xa_ex_2020.mdls,16,2C47C,Resist 00 Unknown,64 00 00 00,100
Heartless Shadow,xa_ex_2020.mdls,16,2C480,Resist 01 Physical,64 00 00 00,100
Heartless Shadow,xa_ex_2020.mdls,16,2C484,Resist 02 Fire,64 00 00 00,100
Heartless Shadow,xa_ex_2020.mdls,16,2C488,Resist 03 Blizzard,64 00 00 00,100
Heartless Shadow,xa_ex_2020.mdls,16,2C48C,Resist 04 Thunder,64 00 00 00,100
Heartless Shadow,xa_ex_2020.mdls,16,2C490,Resist 05 Unknown,64 00 00 00,100
Heartless Shadow,xa_ex_2020.mdls,16,2C494,Resist 06 Unknown,64 00 00 00,100
Heartless Shadow,xa_ex_2020.mdls,16,2C498,Resist 07 Unknown,64 00 00 00,100
Heartless Shadow,xa_ex_2020.mdls,16,2C49C,Resist 08 Percent HP,64 00 00 00,100
Heartless Shadow,xa_ex_2020.mdls,16,2C4A0,Resist 09 Stop,64 00 00 00,100
Heartless Shadow,xa_ex_2020.mdls,16,2C4A4,Resist 0A Stun,64 00 00 00,100
Heartless Shadow,xa_ex_2020.mdls,16,2C4A8,Resist 0B Heal,64 00 00 00,100
Heartless Shadow,xa_ex_2020.mdls,16,2C4AC,Resist 0C Unknown,64 00 00 00,100
Heartless Shadow,xa_ex_2020.mdls,16,2C4B0,Resist 0D Unknown,64 00 00 00,100
Heartless Shadow,xa_ex_2020.mdls,16,2C4B4,Resist 0E Unknown,64 00 00 00,100
Heartless Shadow,xa_ex_2020.mdls,16,2C4B8,Resist 0F Unknown,64 00 00 00,100
Heartless Shadow,xa_ex_2020.mdls,16,2C4BC,??? (+68),00 00 00 00,0
Heartless Shadow,xa_ex_2020.mdls,17,2C4C0,HP,3C 00 00 00,60
Heartless Shadow,xa_ex_2020.mdls,17,2C4C4,ATK Level,11 00 00 00,17
Heartless Shadow,xa_ex_2020.mdls,17,2C4C8,DEF Level,11 00 00 00,17
Heartless Shadow,xa_ex_2020.mdls,17,2C4CC,Min Damage Taken,0A 00 00 00,10
Heartless Shadow,xa_ex_2020.mdls,17,2C4D0,Max Damage Taken,2C 01 00 00,300
Heartless Shadow,xa_ex_2020.mdls,17,2C4D4,MP Recovery On Hit,2D 00 00 00,45
Heartless Shadow,xa_ex_2020.mdls,17,2C4D8,Knockback Weight,00 00 80 3F,1
Heartless Shadow,xa_ex_2020.mdls,17,2C4DC,EXP,1E 00 00 00,30
Heartless Shadow,xa_ex_2020.mdls,17,2C4E0,??? (+20),8D 13 00 00,5005
Heartless Shadow,xa_ex_2020.mdls,17,2C4E4,Outgoing Damage Multiplier,9A 99 39 40,2.9
Heartless Shadow,xa_ex_2020.mdls,17,2C4E8,Resist 00 Unknown,64 00 00 00,100
Heartless Shadow,xa_ex_2020.mdls,17,2C4EC,Resist 01 Physical,64 00 00 00,100
Heartless Shadow,xa_ex_2020.mdls,17,2C4F0,Resist 02 Fire,64 00 00 00,100
Heartless Shadow,xa_ex_2020.mdls,17,2C4F4,Resist 03 Blizzard,64 00 00 00,100
Heartless Shadow,xa_ex_2020.mdls,17,2C4F8,Resist 04 Thunder,64 00 00 00,100
Heartless Shadow,xa_ex_2020.mdls,17,2C4FC,Resist 05 Unknown,64 00 00 00,100
Heartless Shadow,xa_ex_2020.mdls,17,2C500,Resist 06 Unknown,64 00 00 00,100
Heartless Shadow,xa_ex_2020.mdls,17,2C504,Resist 07 Unknown,64 00 00 00,100
Heartless Shadow,xa_ex_2020.mdls,17,2C508,Resist 08 Percent HP,50 00 00 00,80
Heartless Shadow,xa_ex_2020.mdls,17,2C50C,Resist 09 Stop,3C 00 00 00,60
Heartless Shadow,xa_ex_2020.mdls,17,2C510,Resist 0A Stun,64 00 00 00,100
Heartless Shadow,xa_ex_2020.mdls,17,2C514,Resist 0B Heal,64 00 00 00,100
Heartless Shadow,xa_ex_2020.mdls,17,2C518,Resist 0C Unknown,64 00 00 00,100
Heartless Shadow,xa_ex_2020.mdls,17,2C51C,Resist 0D Unknown,64 00 00 00,100
Heartless Shadow,xa_ex_2020.mdls,17,2C520,Resist 0E Unknown,64 00 00 00,100
Heartless Shadow,xa_ex_2020.mdls,17,2C524,Resist 0F Unknown,64 00 00 00,100
Heartless Shadow,xa_ex_2020.mdls,17,2C528,??? (+68),00 00 00 00,0
Heartless Shadow,xa_ex_2020.mdls,18,2C52C,HP,3C 00 00 00,60
Heartless Shadow,xa_ex_2020.mdls,18,2C530,ATK Level,12 00 00 00,18
Heartless Shadow,xa_ex_2020.mdls,18,2C534,DEF Level,12 00 00 00,18
Heartless Shadow,xa_ex_2020.mdls,18,2C538,Min Damage Taken,0A 00 00 00,10
Heartless Shadow,xa_ex_2020.mdls,18,2C53C,Max Damage Taken,2C 01 00 00,300
Heartless Shadow,xa_ex_2020.mdls,18,2C540,MP Recovery On Hit,35 00 00 00,53
Heartless Shadow,xa_ex_2020.mdls,18,2C544,Knockback Weight,00 00 80 3F,1
Heartless Shadow,xa_ex_2020.mdls,18,2C548,EXP,1E 00 00 00,30
Heartless Shadow,xa_ex_2020.mdls,18,2C54C,??? (+20),8D 13 00 00,5005
Heartless Shadow,xa_ex_2020.mdls,18,2C550,Outgoing Damage Multiplier,9A 99 79 40,3.9
Heartless Shadow,xa_ex_2020.mdls,18,2C554,Resist 00 Unknown,64 00 00 00,100
Heartless Shadow,xa_ex_2020.mdls,18,2C558,Resist 01 Physical,64 00 00 00,100
Heartless Shadow,xa_ex_2020.mdls,18,2C55C,Resist 02 Fire,64 00 00 00,100
Heartless Shadow,xa_ex_2020.mdls,18,2C560,Resist 03 Blizzard,64 00 00 00,100
Heartless Shadow,xa_ex_2020.mdls,18,2C564,Resist 04 Thunder,64 00 00 00,100
Heartless Shadow,xa_ex_2020.mdls,18,2C568,Resist 05 Unknown,64 00 00 00,100
Heartless Shadow,xa_ex_2020.mdls,18,2C56C,Resist 06 Unknown,64 00 00 00,100
Heartless Shadow,xa_ex_2020.mdls,18,2C570,Resist 07 Unknown,64 00 00 00,100
Heartless Shadow,xa_ex_2020.mdls,18,2C574,Resist 08 Percent HP,50 00 00 00,80
Heartless Shadow,xa_ex_2020.mdls,18,2C578,Resist 09 Stop,3C 00 00 00,60
Heartless Shadow,xa_ex_2020.mdls,18,2C57C,Resist 0A Stun,64 00 00 00,100
Heartless Shadow,xa_ex_2020.mdls,18,2C580,Resist 0B Heal,64 00 00 00,100
Heartless Shadow,xa_ex_2020.mdls,18,2C584,Resist 0C Unknown,64 00 00 00,100
Heartless Shadow,xa_ex_2020.mdls,18,2C588,Resist 0D Unknown,64 00 00 00,100
Heartless Shadow,xa_ex_2020.mdls,18,2C58C,Resist 0E Unknown,64 00 00 00,100
Heartless Shadow,xa_ex_2020.mdls,18,2C590,Resist 0F Unknown,64 00 00 00,100
Heartless Shadow,xa_ex_2020.mdls,18,2C594,??? (+68),00 00 00 00,0
Heartless Shadow,xa_ex_2020.mdls,19,2C598,HP,3C 00 00 00,60
Heartless Shadow,xa_ex_2020.mdls,19,2C59C,ATK Level,11 00 00 00,17
Heartless Shadow,xa_ex_2020.mdls,19,2C5A0,DEF Level,11 00 00 00,17
Heartless Shadow,xa_ex_2020.mdls,19,2C5A4,Min Damage Taken,0A 00 00 00,10
Heartless Shadow,xa_ex_2020.mdls,19,2C5A8,Max Damage Taken,32 00 00 00,50
Heartless Shadow,xa_ex_2020.mdls,19,2C5AC,MP Recovery On Hit,35 00 00 00,53
Heartless Shadow,xa_ex_2020.mdls,19,2C5B0,Knockback Weight,00 00 80 3F,1
Heartless Shadow,xa_ex_2020.mdls,19,2C5B4,EXP,1E 00 00 00,30
Heartless Shadow,xa_ex_2020.mdls,19,2C5B8,??? (+20),8D 13 00 00,5005
Heartless Shadow,xa_ex_2020.mdls,19,2C5BC,Outgoing Damage Multiplier,9A 99 79 40,3.9
Heartless Shadow,xa_ex_2020.mdls,19,2C5C0,Resist 00 Unknown,64 00 00 00,100
Heartless Shadow,xa_ex_2020.mdls,19,2C5C4,Resist 01 Physical,64 00 00 00,100
Heartless Shadow,xa_ex_2020.mdls,19,2C5C8,Resist 02 Fire,64 00 00 00,100
Heartless Shadow,xa_ex_2020.mdls,19,2C5CC,Resist 03 Blizzard,64 00 00 00,100
Heartless Shadow,xa_ex_2020.mdls,19,2C5D0,Resist 04 Thunder,64 00 00 00,100
Heartless Shadow,xa_ex_2020.mdls,19,2C5D4,Resist 05 Unknown,64 00 00 00,100
Heartless Shadow,xa_ex_2020.mdls,19,2C5D8,Resist 06 Unknown,64 00 00 00,100
Heartless Shadow,xa_ex_2020.mdls,19,2C5DC,Resist 07 Unknown,64 00 00 00,100
Heartless Shadow,xa_ex_2020.mdls,19,2C5E0,Resist 08 Percent HP,50 00 00 00,80
Heartless Shadow,xa_ex_2020.mdls,19,2C5E4,Resist 09 Stop,3C 00 00 00,60
Heartless Shadow,xa_ex_2020.mdls,19,2C5E8,Resist 0A Stun,64 00 00 00,100
Heartless Shadow,xa_ex_2020.mdls,19,2C5EC,Resist 0B Heal,64 00 00 00,100
Heartless Shadow,xa_ex_2020.mdls,19,2C5F0,Resist 0C Unknown,64 00 00 00,100
Heartless Shadow,xa_ex_2020.mdls,19,2C5F4,Resist 0D Unknown,64 00 00 00,100
Heartless Shadow,xa_ex_2020.mdls,19,2C5F8,Resist 0E Unknown,64 00 00 00,100
Heartless Shadow,xa_ex_2020.mdls,19,2C5FC,Resist 0F Unknown,64 00 00 00,100
Heartless Shadow,xa_ex_2020.mdls,19,2C600,??? (+68),00 00 00 00,0
Heartless Shadow (Halloween Town),xa_ex_2021.mdls,0,2BD94,HP,0A 00 00 00,10
Heartless Shadow (Halloween Town),xa_ex_2021.mdls,0,2BD98,ATK Level,00 00 00 00,0
Heartless Shadow (Halloween Town),xa_ex_2021.mdls,0,2BD9C,DEF Level,00 00 00 00,0
Heartless Shadow (Halloween Town),xa_ex_2021.mdls,0,2BDA0,Min Damage Taken,02 00 00 00,2
Heartless Shadow (Halloween Town),xa_ex_2021.mdls,0,2BDA4,Max Damage Taken,2C 01 00 00,300
Heartless Shadow (Halloween Town),xa_ex_2021.mdls,0,2BDA8,MP Recovery On Hit,00 00 00 00,0
Heartless Shadow (Halloween Town),xa_ex_2021.mdls,0,2BDAC,Knockback Weight,00 00 80 3F,1
Heartless Shadow (Halloween Town),xa_ex_2021.mdls,0,2BDB0,EXP,01 00 00 00,1
Heartless Shadow (Halloween Town),xa_ex_2021.mdls,0,2BDB4,??? (+20),8D 13 00 00,5005
Heartless Shadow (Halloween Town),xa_ex_2021.mdls,0,2BDB8,Outgoing Damage Multiplier,33 33 33 3F,0.7
Heartless Shadow (Halloween Town),xa_ex_2021.mdls,0,2BDBC,Resist 00 Unknown,64 00 00 00,100
Heartless Shadow (Halloween Town),xa_ex_2021.mdls,0,2BDC0,Resist 01 Physical,64 00 00 00,100
Heartless Shadow (Halloween Town),xa_ex_2021.mdls,0,2BDC4,Resist 02 Fire,64 00 00 00,100
Heartless Shadow (Halloween Town),xa_ex_2021.mdls,0,2BDC8,Resist 03 Blizzard,64 00 00 00,100
Heartless Shadow (Halloween Town),xa_ex_2021.mdls,0,2BDCC,Resist 04 Thunder,64 00 00 00,100
Heartless Shadow (Halloween Town),xa_ex_2021.mdls,0,2BDD0,Resist 05 Unknown,64 00 00 00,100
Heartless Shadow (Halloween Town),xa_ex_2021.mdls,0,2BDD4,Resist 06 Unknown,64 00 00 00,100
Heartless Shadow (Halloween Town),xa_ex_2021.mdls,0,2BDD8,Resist 07 Unknown,64 00 00 00,100
Heartless Shadow (Halloween Town),xa_ex_2021.mdls,0,2BDDC,Resist 08 Percent HP,64 00 00 00,100
Heartless Shadow (Halloween Town),xa_ex_2021.mdls,0,2BDE0,Resist 09 Stop,64 00 00 00,100
Heartless Shadow (Halloween Town),xa_ex_2021.mdls,0,2BDE4,Resist 0A Stun,64 00 00 00,100
Heartless Shadow (Halloween Town),xa_ex_2021.mdls,0,2BDE8,Resist 0B Heal,64 00 00 00,100
Heartless Shadow (Halloween Town),xa_ex_2021.mdls,0,2BDEC,Resist 0C Unknown,64 00 00 00,100
Heartless Shadow (Halloween Town),xa_ex_2021.mdls,0,2BDF0,Resist 0D Unknown,64 00 00 00,100
Heartless Shadow (Halloween Town),xa_ex_2021.mdls,0,2BDF4,Resist 0E Unknown,64 00 00 00,100
Heartless Shadow (Halloween Town),xa_ex_2021.mdls,0,2BDF8,Resist 0F Unknown,64 00 00 00,100
Heartless Shadow (Halloween Town),xa_ex_2021.mdls,0,2BDFC,??? (+68),00 00 00 00,0
Heartless Shadow (Halloween Town),xa_ex_2021.mdls,1,2BE00,HP,0A 00 00 00,10
Heartless Shadow (Halloween Town),xa_ex_2021.mdls,1,2BE04,ATK Level,01 00 00 00,1
Heartless Shadow (Halloween Town),xa_ex_2021.mdls,1,2BE08,DEF Level,01 00 00 00,1
Heartless Shadow (Halloween Town),xa_ex_2021.mdls,1,2BE0C,Min Damage Taken,02 00 00 00,2
Heartless Shadow (Halloween Town),xa_ex_2021.mdls,1,2BE10,Max Damage Taken,2C 01 00 00,300
Heartless Shadow (Halloween Town),xa_ex_2021.mdls,1,2BE14,MP Recovery On Hit,00 00 00 00,0
Heartless Shadow (Halloween Town),xa_ex_2021.mdls,1,2BE18,Knockback Weight,00 00 80 3F,1
Heartless Shadow (Halloween Town),xa_ex_2021.mdls,1,2BE1C,EXP,01 00 00 00,1
Heartless Shadow (Halloween Town),xa_ex_2021.mdls,1,2BE20,??? (+20),8D 13 00 00,5005
Heartless Shadow (Halloween Town),xa_ex_2021.mdls,1,2BE24,Outgoing Damage Multiplier,00 00 80 3F,1
Heartless Shadow (Halloween Town),xa_ex_2021.mdls,1,2BE28,Resist 00 Unknown,64 00 00 00,100
Heartless Shadow (Halloween Town),xa_ex_2021.mdls,1,2BE2C,Resist 01 Physical,64 00 00 00,100
Heartless Shadow (Halloween Town),xa_ex_2021.mdls,1,2BE30,Resist 02 Fire,64 00 00 00,100
Heartless Shadow (Halloween Town),xa_ex_2021.mdls,1,2BE34,Resist 03 Blizzard,64 00 00 00,100
Heartless Shadow (Halloween Town),xa_ex_2021.mdls,1,2BE38,Resist 04 Thunder,64 00 00 00,100
Heartless Shadow (Halloween Town),xa_ex_2021.mdls,1,2BE3C,Resist 05 Unknown,64 00 00 00,100
Heartless Shadow (Halloween Town),xa_ex_2021.mdls,1,2BE40,Resist 06 Unknown,64 00 00 00,100
Heartless Shadow (Halloween Town),xa_ex_2021.mdls,1,2BE44,Resist 07 Unknown,64 00 00 00,100
Heartless Shadow (Halloween Town),xa_ex_2021.mdls,1,2BE48,Resist 08 Percent HP,64 00 00 00,100
Heartless Shadow (Halloween Town),xa_ex_2021.mdls,1,2BE4C,Resist 09 Stop,64 00 00 00,100
Heartless Shadow (Halloween Town),xa_ex_2021.mdls,1,2BE50,Resist 0A Stun,64 00 00 00,100
Heartless Shadow (Halloween Town),xa_ex_2021.mdls,1,2BE54,Resist 0B Heal,64 00 00 00,100
Heartless Shadow (Halloween Town),xa_ex_2021.mdls,1,2BE58,Resist 0C Unknown,64 00 00 00,100
Heartless Shadow (Halloween Town),xa_ex_2021.mdls,1,2BE5C,Resist 0D Unknown,64 00 00 00,100
Heartless Shadow (Halloween Town),xa_ex_2021.mdls,1,2BE60,Resist 0E Unknown,64 00 00 00,100
Heartless Shadow (Halloween Town),xa_ex_2021.mdls,1,2BE64,Resist 0F Unknown,64 00 00 00,100
Heartless Shadow (Halloween Town),xa_ex_2021.mdls,1,2BE68,??? (+68),00 00 00 00,0
Heartless Shadow (Halloween Town),xa_ex_2021.mdls,2,2BE6C,HP,0C 00 00 00,12
Heartless Shadow (Halloween Town),xa_ex_2021.mdls,2,2BE70,ATK Level,02 00 00 00,2
Heartless Shadow (Halloween Town),xa_ex_2021.mdls,2,2BE74,DEF Level,02 00 00 00,2
Heartless Shadow (Halloween Town),xa_ex_2021.mdls,2,2BE78,Min Damage Taken,02 00 00 00,2
Heartless Shadow (Halloween Town),xa_ex_2021.mdls,2,2BE7C,Max Damage Taken,2C 01 00 00,300
Heartless Shadow (Halloween Town),xa_ex_2021.mdls,2,2BE80,MP Recovery On Hit,00 00 00 00,0
Heartless Shadow (Halloween Town),xa_ex_2021.mdls,2,2BE84,Knockback Weight,00 00 80 3F,1
Heartless Shadow (Halloween Town),xa_ex_2021.mdls,2,2BE88,EXP,01 00 00 00,1
Heartless Shadow (Halloween Town),xa_ex_2021.mdls,2,2BE8C,??? (+20),8D 13 00 00,5005
Heartless Shadow (Halloween Town),xa_ex_2021.mdls,2,2BE90,Outgoing Damage Multiplier,6F 12 83 3A,0.001
Heartless Shadow (Halloween Town),xa_ex_2021.mdls,2,2BE94,Resist 00 Unknown,64 00 00 00,100
Heartless Shadow (Halloween Town),xa_ex_2021.mdls,2,2BE98,Resist 01 Physical,64 00 00 00,100
Heartless Shadow (Halloween Town),xa_ex_2021.mdls,2,2BE9C,Resist 02 Fire,64 00 00 00,100
Heartless Shadow (Halloween Town),xa_ex_2021.mdls,2,2BEA0,Resist 03 Blizzard,64 00 00 00,100
Heartless Shadow (Halloween Town),xa_ex_2021.mdls,2,2BEA4,Resist 04 Thunder,64 00 00 00,100
Heartless Shadow (Halloween Town),xa_ex_2021.mdls,2,2BEA8,Resist 05 Unknown,64 00 00 00,100
Heartless Shadow (Halloween Town),xa_ex_2021.mdls,2,2BEAC,Resist 06 Unknown,64 00 00 00,100
Heartless Shadow (Halloween Town),xa_ex_2021.mdls,2,2BEB0,Resist 07 Unknown,64 00 00 00,100
Heartless Shadow (Halloween Town),xa_ex_2021.mdls,2,2BEB4,Resist 08 Percent HP,64 00 00 00,100
Heartless Shadow (Halloween Town),xa_ex_2021.mdls,2,2BEB8,Resist 09 Stop,64 00 00 00,100
Heartless Shadow (Halloween Town),xa_ex_2021.mdls,2,2BEBC,Resist 0A Stun,64 00 00 00,100
Heartless Shadow (Halloween Town),xa_ex_2021.mdls,2,2BEC0,Resist 0B Heal,64 00 00 00,100
Heartless Shadow (Halloween Town),xa_ex_2021.mdls,2,2BEC4,Resist 0C Unknown,64 00 00 00,100
Heartless Shadow (Halloween Town),xa_ex_2021.mdls,2,2BEC8,Resist 0D Unknown,64 00 00 00,100
Heartless Shadow (Halloween Town),xa_ex_2021.mdls,2,2BECC,Resist 0E Unknown,64 00 00 00,100
Heartless Shadow (Halloween Town),xa_ex_2021.mdls,2,2BED0,Resist 0F Unknown,64 00 00 00,100
Heartless Shadow (Halloween Town),xa_ex_2021.mdls,2,2BED4,??? (+68),00 00 00 00,0
Heartless Shadow (Halloween Town),xa_ex_2021.mdls,3,2BED8,HP,0C 00 00 00,12
Heartless Shadow (Halloween Town),xa_ex_2021.mdls,3,2BEDC,ATK Level,03 00 00 00,3
Heartless Shadow (Halloween Town),xa_ex_2021.mdls,3,2BEE0,DEF Level,03 00 00 00,3
Heartless Shadow (Halloween Town),xa_ex_2021.mdls,3,2BEE4,Min Damage Taken,02 00 00 00,2
Heartless Shadow (Halloween Town),xa_ex_2021.mdls,3,2BEE8,Max Damage Taken,2C 01 00 00,300
Heartless Shadow (Halloween Town),xa_ex_2021.mdls,3,2BEEC,MP Recovery On Hit,06 00 00 00,6
Heartless Shadow (Halloween Town),xa_ex_2021.mdls,3,2BEF0,Knockback Weight,00 00 80 3F,1
Heartless Shadow (Halloween Town),xa_ex_2021.mdls,3,2BEF4,EXP,01 00 00 00,1
Heartless Shadow (Halloween Town),xa_ex_2021.mdls,3,2BEF8,??? (+20),8D 13 00 00,5005
Heartless Shadow (Halloween Town),xa_ex_2021.mdls,3,2BEFC,Outgoing Damage Multiplier,00 00 80 3F,1
Heartless Shadow (Halloween Town),xa_ex_2021.mdls,3,2BF00,Resist 00 Unknown,64 00 00 00,100
Heartless Shadow (Halloween Town),xa_ex_2021.mdls,3,2BF04,Resist 01 Physical,64 00 00 00,100
Heartless Shadow (Halloween Town),xa_ex_2021.mdls,3,2BF08,Resist 02 Fire,64 00 00 00,100
Heartless Shadow (Halloween Town),xa_ex_2021.mdls,3,2BF0C,Resist 03 Blizzard,64 00 00 00,100
Heartless Shadow (Halloween Town),xa_ex_2021.mdls,3,2BF10,Resist 04 Thunder,64 00 00 00,100
Heartless Shadow (Halloween Town),xa_ex_2021.mdls,3,2BF14,Resist 05 Unknown,64 00 00 00,100
Heartless Shadow (Halloween Town),xa_ex_2021.mdls,3,2BF18,Resist 06 Unknown,64 00 00 00,100
Heartless Shadow (Halloween Town),xa_ex_2021.mdls,3,2BF1C,Resist 07 Unknown,64 00 00 00,100
Heartless Shadow (Halloween Town),xa_ex_2021.mdls,3,2BF20,Resist 08 Percent HP,64 00 00 00,100
Heartless Shadow (Halloween Town),xa_ex_2021.mdls,3,2BF24,Resist 09 Stop,64 00 00 00,100
Heartless Shadow (Halloween Town),xa_ex_2021.mdls,3,2BF28,Resist 0A Stun,64 00 00 00,100
Heartless Shadow (Halloween Town),xa_ex_2021.mdls,3,2BF2C,Resist 0B Heal,64 00 00 00,100
Heartless Shadow (Halloween Town),xa_ex_2021.mdls,3,2BF30,Resist 0C Unknown,64 00 00 00,100
Heartless Shadow (Halloween Town),xa_ex_2021.mdls,3,2BF34,Resist 0D Unknown,64 00 00 00,100
Heartless Shadow (Halloween Town),xa_ex_2021.mdls,3,2BF38,Resist 0E Unknown,64 00 00 00,100
Heartless Shadow (Halloween Town),xa_ex_2021.mdls,3,2BF3C,Resist 0F Unknown,64 00 00 00,100
Heartless Shadow (Halloween Town),xa_ex_2021.mdls,3,2BF40,??? (+68),00 00 00 00,0
Heartless Shadow (Halloween Town),xa_ex_2021.mdls,4,2BF44,HP,0C 00 00 00,12
Heartless Shadow (Halloween Town),xa_ex_2021.mdls,4,2BF48,ATK Level,04 00 00 00,4
Heartless Shadow (Halloween Town),xa_ex_2021.mdls,4,2BF4C,DEF Level,04 00 00 00,4
Heartless Shadow (Halloween Town),xa_ex_2021.mdls,4,2BF50,Min Damage Taken,02 00 00 00,2
Heartless Shadow (Halloween Town),xa_ex_2021.mdls,4,2BF54,Max Damage Taken,2C 01 00 00,300
Heartless Shadow (Halloween Town),xa_ex_2021.mdls,4,2BF58,MP Recovery On Hit,08 00 00 00,8
Heartless Shadow (Halloween Town),xa_ex_2021.mdls,4,2BF5C,Knockback Weight,00 00 80 3F,1
Heartless Shadow (Halloween Town),xa_ex_2021.mdls,4,2BF60,EXP,01 00 00 00,1
Heartless Shadow (Halloween Town),xa_ex_2021.mdls,4,2BF64,??? (+20),8D 13 00 00,5005
Heartless Shadow (Halloween Town),xa_ex_2021.mdls,4,2BF68,Outgoing Damage Multiplier,00 00 80 3F,1
Heartless Shadow (Halloween Town),xa_ex_2021.mdls,4,2BF6C,Resist 00 Unknown,64 00 00 00,100
Heartless Shadow (Halloween Town),xa_ex_2021.mdls,4,2BF70,Resist 01 Physical,64 00 00 00,100
Heartless Shadow (Halloween Town),xa_ex_2021.mdls,4,2BF74,Resist 02 Fire,64 00 00 00,100
Heartless Shadow (Halloween Town),xa_ex_2021.mdls,4,2BF78,Resist 03 Blizzard,64 00 00 00,100
Heartless Shadow (Halloween Town),xa_ex_2021.mdls,4,2BF7C,Resist 04 Thunder,64 00 00 00,100
Heartless Shadow (Halloween Town),xa_ex_2021.mdls,4,2BF80,Resist 05 Unknown,64 00 00 00,100
Heartless Shadow (Halloween Town),xa_ex_2021.mdls,4,2BF84,Resist 06 Unknown,64 00 00 00,100
Heartless Shadow (Halloween Town),xa_ex_2021.mdls,4,2BF88,Resist 07 Unknown,64 00 00 00,100
Heartless Shadow (Halloween Town),xa_ex_2021.mdls,4,2BF8C,Resist 08 Percent HP,64 00 00 00,100
Heartless Shadow (Halloween Town),xa_ex_2021.mdls,4,2BF90,Resist 09 Stop,64 00 00 00,100
Heartless Shadow (Halloween Town),xa_ex_2021.mdls,4,2BF94,Resist 0A Stun,64 00 00 00,100
Heartless Shadow (Halloween Town),xa_ex_2021.mdls,4,2BF98,Resist 0B Heal,64 00 00 00,100
Heartless Shadow (Halloween Town),xa_ex_2021.mdls,4,2BF9C,Resist 0C Unknown,64 00 00 00,100
Heartless Shadow (Halloween Town),xa_ex_2021.mdls,4,2BFA0,Resist 0D Unknown,64 00 00 00,100
Heartless Shadow (Halloween Town),xa_ex_2021.mdls,4,2BFA4,Resist 0E Unknown,64 00 00 00,100
Heartless Shadow (Halloween Town),xa_ex_2021.mdls,4,2BFA8,Resist 0F Unknown,64 00 00 00,100
Heartless Shadow (Halloween Town),xa_ex_2021.mdls,4,2BFAC,??? (+68),00 00 00 00,0
Heartless Shadow (Halloween Town),xa_ex_2021.mdls,5,2BFB0,HP,0C 00 00 00,12
Heartless Shadow (Halloween Town),xa_ex_2021.mdls,5,2BFB4,ATK Level,05 00 00 00,5
Heartless Shadow (Halloween Town),xa_ex_2021.mdls,5,2BFB8,DEF Level,05 00 00 00,5
Heartless Shadow (Halloween Town),xa_ex_2021.mdls,5,2BFBC,Min Damage Taken,02 00 00 00,2
Heartless Shadow (Halloween Town),xa_ex_2021.mdls,5,2BFC0,Max Damage Taken,2C 01 00 00,300
Heartless Shadow (Halloween Town),xa_ex_2021.mdls,5,2BFC4,MP Recovery On Hit,0B 00 00 00,11
Heartless Shadow (Halloween Town),xa_ex_2021.mdls,5,2BFC8,Knockback Weight,00 00 80 3F,1
Heartless Shadow (Halloween Town),xa_ex_2021.mdls,5,2BFCC,EXP,01 00 00 00,1
Heartless Shadow (Halloween Town),xa_ex_2021.mdls,5,2BFD0,??? (+20),8D 13 00 00,5005
Heartless Shadow (Halloween Town),xa_ex_2021.mdls,5,2BFD4,Outgoing Damage Multiplier,00 00 80 3F,1
Heartless Shadow (Halloween Town),xa_ex_2021.mdls,5,2BFD8,Resist 00 Unknown,64 00 00 00,100
Heartless Shadow (Halloween Town),xa_ex_2021.mdls,5,2BFDC,Resist 01 Physical,64 00 00 00,100
Heartless Shadow (Halloween Town),xa_ex_2021.mdls,5,2BFE0,Resist 02 Fire,64 00 00 00,100
Heartless Shadow (Halloween Town),xa_ex_2021.mdls,5,2BFE4,Resist 03 Blizzard,64 00 00 00,100
Heartless Shadow (Halloween Town),xa_ex_2021.mdls,5,2BFE8,Resist 04 Thunder,64 00 00 00,100
Heartless Shadow (Halloween Town),xa_ex_2021.mdls,5,2BFEC,Resist 05 Unknown,64 00 00 00,100
Heartless Shadow (Halloween Town),xa_ex_2021.mdls,5,2BFF0,Resist 06 Unknown,64 00 00 00,100
Heartless Shadow (Halloween Town),xa_ex_2021.mdls,5,2BFF4,Resist 07 Unknown,64 00 00 00,100
Heartless Shadow (Halloween Town),xa_ex_2021.mdls,5,2BFF8,Resist 08 Percent HP,64 00 00 00,100
Heartless Shadow (Halloween Town),xa_ex_2021.mdls,5,2BFFC,Resist 09 Stop,64 00 00 00,100
Heartless Shadow (Halloween Town),xa_ex_2021.mdls,5,2C000,Resist 0A Stun,64 00 00 00,100
Heartless Shadow (Halloween Town),xa_ex_2021.mdls,5,2C004,Resist 0B Heal,64 00 00 00,100
Heartless Shadow (Halloween Town),xa_ex_2021.mdls,5,2C008,Resist 0C Unknown,64 00 00 00,100
Heartless Shadow (Halloween Town),xa_ex_2021.mdls,5,2C00C,Resist 0D Unknown,64 00 00 00,100
Heartless Shadow (Halloween Town),xa_ex_2021.mdls,5,2C010,Resist 0E Unknown,64 00 00 00,100
Heartless Shadow (Halloween Town),xa_ex_2021.mdls,5,2C014,Resist 0F Unknown,64 00 00 00,100
Heartless Shadow (Halloween Town),xa_ex_2021.mdls,5,2C018,??? (+68),00 00 00 00,0
Heartless Shadow (Halloween Town),xa_ex_2021.mdls,6,2C01C,HP,12 00 00 00,18
Heartless Shadow (Halloween Town),xa_ex_2021.mdls,6,2C020,ATK Level,06 00 00 00,6
Heartless Shadow (Halloween Town),xa_ex_2021.mdls,6,2C024,DEF Level,06 00 00 00,6
Heartless Shadow (Halloween Town),xa_ex_2021.mdls,6,2C028,Min Damage Taken,03 00 00 00,3
Heartless Shadow (Halloween Town),xa_ex_2021.mdls,6,2C02C,Max Damage Taken,2C 01 00 00,300
Heartless Shadow (Halloween Town),xa_ex_2021.mdls,6,2C030,MP Recovery On Hit,0D 00 00 00,13
Heartless Shadow (Halloween Town),xa_ex_2021.mdls,6,2C034,Knockback Weight,00 00 80 3F,1
Heartless Shadow (Halloween Town),xa_ex_2021.mdls,6,2C038,EXP,01 00 00 00,1
Heartless Shadow (Halloween Town),xa_ex_2021.mdls,6,2C03C,??? (+20),8D 13 00 00,5005
Heartless Shadow (Halloween Town),xa_ex_2021.mdls,6,2C040,Outgoing Damage Multiplier,33 33 B3 3F,1.4
Heartless Shadow (Halloween Town),xa_ex_2021.mdls,6,2C044,Resist 00 Unknown,64 00 00 00,100
Heartless Shadow (Halloween Town),xa_ex_2021.mdls,6,2C048,Resist 01 Physical,64 00 00 00,100
Heartless Shadow (Halloween Town),xa_ex_2021.mdls,6,2C04C,Resist 02 Fire,64 00 00 00,100
Heartless Shadow (Halloween Town),xa_ex_2021.mdls,6,2C050,Resist 03 Blizzard,64 00 00 00,100
Heartless Shadow (Halloween Town),xa_ex_2021.mdls,6,2C054,Resist 04 Thunder,64 00 00 00,100
Heartless Shadow (Halloween Town),xa_ex_2021.mdls,6,2C058,Resist 05 Unknown,64 00 00 00,100
Heartless Shadow (Halloween Town),xa_ex_2021.mdls,6,2C05C,Resist 06 Unknown,64 00 00 00,100
Heartless Shadow (Halloween Town),xa_ex_2021.mdls,6,2C060,Resist 07 Unknown,64 00 00 00,100
Heartless Shadow (Halloween Town),xa_ex_2021.mdls,6,2C064,Resist 08 Percent HP,64 00 00 00,100
Heartless Shadow (Halloween Town),xa_ex_2021.mdls,6,2C068,Resist 09 Stop,64 00 00 00,100
Heartless Shadow (Halloween Town),xa_ex_2021.mdls,6,2C06C,Resist 0A Stun,64 00 00 00,100
Heartless Shadow (Halloween Town),xa_ex_2021.mdls,6,2C070,Resist 0B Heal,64 00 00 00,100
Heartless Shadow (Halloween Town),xa_ex_2021.mdls,6,2C074,Resist 0C Unknown,64 00 00 00,100
Heartless Shadow (Halloween Town),xa_ex_2021.mdls,6,2C078,Resist 0D Unknown,64 00 00 00,100
Heartless Shadow (Halloween Town),xa_ex_2021.mdls,6,2C07C,Resist 0E Unknown,64 00 00 00,100
Heartless Shadow (Halloween Town),xa_ex_2021.mdls,6,2C080,Resist 0F Unknown,64 00 00 00,100
Heartless Shadow (Halloween Town),xa_ex_2021.mdls,6,2C084,??? (+68),00 00 00 00,0
Heartless Shadow (Halloween Town),xa_ex_2021.mdls,7,2C088,HP,12 00 00 00,18
Heartless Shadow (Halloween Town),xa_ex_2021.mdls,7,2C08C,ATK Level,07 00 00 00,7
Heartless Shadow (Halloween Town),xa_ex_2021.mdls,7,2C090,DEF Level,07 00 00 00,7
Heartless Shadow (Halloween Town),xa_ex_2021.mdls,7,2C094,Min Damage Taken,03 00 00 00,3
Heartless Shadow (Halloween Town),xa_ex_2021.mdls,7,2C098,Max Damage Taken,2C 01 00 00,300
Heartless Shadow (Halloween Town),xa_ex_2021.mdls,7,2C09C,MP Recovery On Hit,10 00 00 00,16
Heartless Shadow (Halloween Town),xa_ex_2021.mdls,7,2C0A0,Knockback Weight,00 00 80 3F,1
Heartless Shadow (Halloween Town),xa_ex_2021.mdls,7,2C0A4,EXP,02 00 00 00,2
Heartless Shadow (Halloween Town),xa_ex_2021.mdls,7,2C0A8,??? (+20),8D 13 00 00,5005
Heartless Shadow (Halloween Town),xa_ex_2021.mdls,7,2C0AC,Outgoing Damage Multiplier,33 33 B3 3F,1.4
Heartless Shadow (Halloween Town),xa_ex_2021.mdls,7,2C0B0,Resist 00 Unknown,64 00 00 00,100
Heartless Shadow (Halloween Town),xa_ex_2021.mdls,7,2C0B4,Resist 01 Physical,64 00 00 00,100
Heartless Shadow (Halloween Town),xa_ex_2021.mdls,7,2C0B8,Resist 02 Fire,64 00 00 00,100
Heartless Shadow (Halloween Town),xa_ex_2021.mdls,7,2C0BC,Resist 03 Blizzard,64 00 00 00,100
Heartless Shadow (Halloween Town),xa_ex_2021.mdls,7,2C0C0,Resist 04 Thunder,64 00 00 00,100
Heartless Shadow (Halloween Town),xa_ex_2021.mdls,7,2C0C4,Resist 05 Unknown,64 00 00 00,100
Heartless Shadow (Halloween Town),xa_ex_2021.mdls,7,2C0C8,Resist 06 Unknown,64 00 00 00,100
Heartless Shadow (Halloween Town),xa_ex_2021.mdls,7,2C0CC,Resist 07 Unknown,64 00 00 00,100
Heartless Shadow (Halloween Town),xa_ex_2021.mdls,7,2C0D0,Resist 08 Percent HP,64 00 00 00,100
Heartless Shadow (Halloween Town),xa_ex_2021.mdls,7,2C0D4,Resist 09 Stop,64 00 00 00,100
Heartless Shadow (Halloween Town),xa_ex_2021.mdls,7,2C0D8,Resist 0A Stun,64 00 00 00,100
Heartless Shadow (Halloween Town),xa_ex_2021.mdls,7,2C0DC,Resist 0B Heal,64 00 00 00,100
Heartless Shadow (Halloween Town),xa_ex_2021.mdls,7,2C0E0,Resist 0C Unknown,64 00 00 00,100
Heartless Shadow (Halloween Town),xa_ex_2021.mdls,7,2C0E4,Resist 0D Unknown,64 00 00 00,100
Heartless Shadow (Halloween Town),xa_ex_2021.mdls,7,2C0E8,Resist 0E Unknown,64 00 00 00,100
Heartless Shadow (Halloween Town),xa_ex_2021.mdls,7,2C0EC,Resist 0F Unknown,64 00 00 00,100
Heartless Shadow (Halloween Town),xa_ex_2021.mdls,7,2C0F0,??? (+68),00 00 00 00,0
Heartless Shadow (Halloween Town),xa_ex_2021.mdls,8,2C0F4,HP,12 00 00 00,18
Heartless Shadow (Halloween Town),xa_ex_2021.mdls,8,2C0F8,ATK Level,08 00 00 00,8
Heartless Shadow (Halloween Town),xa_ex_2021.mdls,8,2C0FC,DEF Level,08 00 00 00,8
Heartless Shadow (Halloween Town),xa_ex_2021.mdls,8,2C100,Min Damage Taken,03 00 00 00,3
Heartless Shadow (Halloween Town),xa_ex_2021.mdls,8,2C104,Max Damage Taken,2C 01 00 00,300
Heartless Shadow (Halloween Town),xa_ex_2021.mdls,8,2C108,MP Recovery On Hit,13 00 00 00,19
Heartless Shadow (Halloween Town),xa_ex_2021.mdls,8,2C10C,Knockback Weight,00 00 80 3F,1
Heartless Shadow (Halloween Town),xa_ex_2021.mdls,8,2C110,EXP,02 00 00 00,2
Heartless Shadow (Halloween Town),xa_ex_2021.mdls,8,2C114,??? (+20),8D 13 00 00,5005
Heartless Shadow (Halloween Town),xa_ex_2021.mdls,8,2C118,Outgoing Damage Multiplier,33 33 B3 3F,1.4
Heartless Shadow (Halloween Town),xa_ex_2021.mdls,8,2C11C,Resist 00 Unknown,64 00 00 00,100
Heartless Shadow (Halloween Town),xa_ex_2021.mdls,8,2C120,Resist 01 Physical,64 00 00 00,100
Heartless Shadow (Halloween Town),xa_ex_2021.mdls,8,2C124,Resist 02 Fire,64 00 00 00,100
Heartless Shadow (Halloween Town),xa_ex_2021.mdls,8,2C128,Resist 03 Blizzard,64 00 00 00,100
Heartless Shadow (Halloween Town),xa_ex_2021.mdls,8,2C12C,Resist 04 Thunder,64 00 00 00,100
Heartless Shadow (Halloween Town),xa_ex_2021.mdls,8,2C130,Resist 05 Unknown,64 00 00 00,100
Heartless Shadow (Halloween Town),xa_ex_2021.mdls,8,2C134,Resist 06 Unknown,64 00 00 00,100
Heartless Shadow (Halloween Town),xa_ex_2021.mdls,8,2C138,Resist 07 Unknown,64 00 00 00,100
Heartless Shadow (Halloween Town),xa_ex_2021.mdls,8,2C13C,Resist 08 Percent HP,64 00 00 00,100
Heartless Shadow (Halloween Town),xa_ex_2021.mdls,8,2C140,Resist 09 Stop,64 00 00 00,100
Heartless Shadow (Halloween Town),xa_ex_2021.mdls,8,2C144,Resist 0A Stun,64 00 00 00,100
Heartless Shadow (Halloween Town),xa_ex_2021.mdls,8,2C148,Resist 0B Heal,64 00 00 00,100
Heartless Shadow (Halloween Town),xa_ex_2021.mdls,8,2C14C,Resist 0C Unknown,64 00 00 00,100
Heartless Shadow (Halloween Town),xa_ex_2021.mdls,8,2C150,Resist 0D Unknown,64 00 00 00,100
Heartless Shadow (Halloween Town),xa_ex_2021.mdls,8,2C154,Resist 0E Unknown,64 00 00 00,100
Heartless Shadow (Halloween Town),xa_ex_2021.mdls,8,2C158,Resist 0F Unknown,64 00 00 00,100
Heartless Shadow (Halloween Town),xa_ex_2021.mdls,8,2C15C,??? (+68),00 00 00 00,0
Heartless Shadow (Halloween Town),xa_ex_2021.mdls,9,2C160,HP,15 00 00 00,21
Heartless Shadow (Halloween Town),xa_ex_2021.mdls,9,2C164,ATK Level,09 00 00 00,9
Heartless Shadow (Halloween Town),xa_ex_2021.mdls,9,2C168,DEF Level,09 00 00 00,9
Heartless Shadow (Halloween Town),xa_ex_2021.mdls,9,2C16C,Min Damage Taken,04 00 00 00,4
Heartless Shadow (Halloween Town),xa_ex_2021.mdls,9,2C170,Max Damage Taken,2C 01 00 00,300
Heartless Shadow (Halloween Town),xa_ex_2021.mdls,9,2C174,MP Recovery On Hit,14 00 00 00,20
Heartless Shadow (Halloween Town),xa_ex_2021.mdls,9,2C178,Knockback Weight,00 00 80 3F,1
Heartless Shadow (Halloween Town),xa_ex_2021.mdls,9,2C17C,EXP,02 00 00 00,2
Heartless Shadow (Halloween Town),xa_ex_2021.mdls,9,2C180,??? (+20),8D 13 00 00,5005
Heartless Shadow (Halloween Town),xa_ex_2021.mdls,9,2C184,Outgoing Damage Multiplier,33 33 B3 3F,1.4
Heartless Shadow (Halloween Town),xa_ex_2021.mdls,9,2C188,Resist 00 Unknown,64 00 00 00,100
Heartless Shadow (Halloween Town),xa_ex_2021.mdls,9,2C18C,Resist 01 Physical,64 00 00 00,100
Heartless Shadow (Halloween Town),xa_ex_2021.mdls,9,2C190,Resist 02 Fire,64 00 00 00,100
Heartless Shadow (Halloween Town),xa_ex_2021.mdls,9,2C194,Resist 03 Blizzard,64 00 00 00,100
Heartless Shadow (Halloween Town),xa_ex_2021.mdls,9,2C198,Resist 04 Thunder,64 00 00 00,100
Heartless Shadow (Halloween Town),xa_ex_2021.mdls,9,2C19C,Resist 05 Unknown,64 00 00 00,100
Heartless Shadow (Halloween Town),xa_ex_2021.mdls,9,2C1A0,Resist 06 Unknown,64 00 00 00,100
Heartless Shadow (Halloween Town),xa_ex_2021.mdls,9,2C1A4,Resist 07 Unknown,64 00 00 00,100
Heartless Shadow (Halloween Town),xa_ex_2021.mdls,9,2C1A8,Resist 08 Percent HP,64 00 00 00,100
Heartless Shadow (Halloween Town),xa_ex_2021.mdls,9,2C1AC,Resist 09 Stop,64 00 00 00,100
Heartless Shadow (Halloween Town),xa_ex_2021.mdls,9,2C1B0,Resist 0A Stun,64 00 00 00,100
Heartless Shadow (Halloween Town),xa_ex_2021.mdls,9,2C1B4,Resist 0B Heal,64 00 00 00,100
Heartless Shadow (Halloween Town),xa_ex_2021.mdls,9,2C1B8,Resist 0C Unknown,64 00 00 00,100
Heartless Shadow (Halloween Town),xa_ex_2021.mdls,9,2C1BC,Resist 0D Unknown,64 00 00 00,100
Heartless Shadow (Halloween Town),xa_ex_2021.mdls,9,2C1C0,Resist 0E Unknown,64 00 00 00,100
Heartless Shadow (Halloween Town),xa_ex_2021.mdls,9,2C1C4,Resist 0F Unknown,64 00 00 00,100
Heartless Shadow (Halloween Town),xa_ex_2021.mdls,9,2C1C8,??? (+68),00 00 00 00,0
Heartless Shadow (Halloween Town),xa_ex_2021.mdls,10,2C1CC,HP,24 00 00 00,36
Heartless Shadow (Halloween Town),xa_ex_2021.mdls,10,2C1D0,ATK Level,0A 00 00 00,10
Heartless Shadow (Halloween Town),xa_ex_2021.mdls,10,2C1D4,DEF Level,0A 00 00 00,10
Heartless Shadow (Halloween Town),xa_ex_2021.mdls,10,2C1D8,Min Damage Taken,06 00 00 00,6
Heartless Shadow (Halloween Town),xa_ex_2021.mdls,10,2C1DC,Max Damage Taken,2C 01 00 00,300
Heartless Shadow (Halloween Town),xa_ex_2021.mdls,10,2C1E0,MP Recovery On Hit,19 00 00 00,25
Heartless Shadow (Halloween Town),xa_ex_2021.mdls,10,2C1E4,Knockback Weight,00 00 80 3F,1
Heartless Shadow (Halloween Town),xa_ex_2021.mdls,10,2C1E8,EXP,04 00 00 00,4
Heartless Shadow (Halloween Town),xa_ex_2021.mdls,10,2C1EC,??? (+20),8D 13 00 00,5005
Heartless Shadow (Halloween Town),xa_ex_2021.mdls,10,2C1F0,Outgoing Damage Multiplier,33 33 F3 3F,1.9
Heartless Shadow (Halloween Town),xa_ex_2021.mdls,10,2C1F4,Resist 00 Unknown,64 00 00 00,100
Heartless Shadow (Halloween Town),xa_ex_2021.mdls,10,2C1F8,Resist 01 Physical,64 00 00 00,100
Heartless Shadow (Halloween Town),xa_ex_2021.mdls,10,2C1FC,Resist 02 Fire,64 00 00 00,100
Heartless Shadow (Halloween Town),xa_ex_2021.mdls,10,2C200,Resist 03 Blizzard,64 00 00 00,100
Heartless Shadow (Halloween Town),xa_ex_2021.mdls,10,2C204,Resist 04 Thunder,64 00 00 00,100
Heartless Shadow (Halloween Town),xa_ex_2021.mdls,10,2C208,Resist 05 Unknown,64 00 00 00,100
Heartless Shadow (Halloween Town),xa_ex_2021.mdls,10,2C20C,Resist 06 Unknown,64 00 00 00,100
Heartless Shadow (Halloween Town),xa_ex_2021.mdls,10,2C210,Resist 07 Unknown,64 00 00 00,100
Heartless Shadow (Halloween Town),xa_ex_2021.mdls,10,2C214,Resist 08 Percent HP,64 00 00 00,100
Heartless Shadow (Halloween Town),xa_ex_2021.mdls,10,2C218,Resist 09 Stop,64 00 00 00,100
Heartless Shadow (Halloween Town),xa_ex_2021.mdls,10,2C21C,Resist 0A Stun,64 00 00 00,100
Heartless Shadow (Halloween Town),xa_ex_2021.mdls,10,2C220,Resist 0B Heal,64 00 00 00,100
Heartless Shadow (Halloween Town),xa_ex_2021.mdls,10,2C224,Resist 0C Unknown,64 00 00 00,100
Heartless Shadow (Halloween Town),xa_ex_2021.mdls,10,2C228,Resist 0D Unknown,64 00 00 00,100
Heartless Shadow (Halloween Town),xa_ex_2021.mdls,10,2C22C,Resist 0E Unknown,64 00 00 00,100
Heartless Shadow (Halloween Town),xa_ex_2021.mdls,10,2C230,Resist 0F Unknown,64 00 00 00,100
Heartless Shadow (Halloween Town),xa_ex_2021.mdls,10,2C234,??? (+68),00 00 00 00,0
Heartless Shadow (Halloween Town),xa_ex_2021.mdls,11,2C238,HP,24 00 00 00,36
Heartless Shadow (Halloween Town),xa_ex_2021.mdls,11,2C23C,ATK Level,0B 00 00 00,11
Heartless Shadow (Halloween Town),xa_ex_2021.mdls,11,2C240,DEF Level,0B 00 00 00,11
Heartless Shadow (Halloween Town),xa_ex_2021.mdls,11,2C244,Min Damage Taken,06 00 00 00,6
Heartless Shadow (Halloween Town),xa_ex_2021.mdls,11,2C248,Max Damage Taken,2C 01 00 00,300
Heartless Shadow (Halloween Town),xa_ex_2021.mdls,11,2C24C,MP Recovery On Hit,1C 00 00 00,28
Heartless Shadow (Halloween Town),xa_ex_2021.mdls,11,2C250,Knockback Weight,00 00 80 3F,1
Heartless Shadow (Halloween Town),xa_ex_2021.mdls,11,2C254,EXP,07 00 00 00,7
Heartless Shadow (Halloween Town),xa_ex_2021.mdls,11,2C258,??? (+20),8D 13 00 00,5005
Heartless Shadow (Halloween Town),xa_ex_2021.mdls,11,2C25C,Outgoing Damage Multiplier,33 33 F3 3F,1.9
Heartless Shadow (Halloween Town),xa_ex_2021.mdls,11,2C260,Resist 00 Unknown,64 00 00 00,100
Heartless Shadow (Halloween Town),xa_ex_2021.mdls,11,2C264,Resist 01 Physical,64 00 00 00,100
Heartless Shadow (Halloween Town),xa_ex_2021.mdls,11,2C268,Resist 02 Fire,64 00 00 00,100
Heartless Shadow (Halloween Town),xa_ex_2021.mdls,11,2C26C,Resist 03 Blizzard,64 00 00 00,100
Heartless Shadow (Halloween Town),xa_ex_2021.mdls,11,2C270,Resist 04 Thunder,64 00 00 00,100
Heartless Shadow (Halloween Town),xa_ex_2021.mdls,11,2C274,Resist 05 Unknown,64 00 00 00,100
Heartless Shadow (Halloween Town),xa_ex_2021.mdls,11,2C278,Resist 06 Unknown,64 00 00 00,100
Heartless Shadow (Halloween Town),xa_ex_2021.mdls,11,2C27C,Resist 07 Unknown,64 00 00 00,100
Heartless Shadow (Halloween Town),xa_ex_2021.mdls,11,2C280,Resist 08 Percent HP,64 00 00 00,100
Heartless Shadow (Halloween Town),xa_ex_2021.mdls,11,2C284,Resist 09 Stop,64 00 00 00,100
Heartless Shadow (Halloween Town),xa_ex_2021.mdls,11,2C288,Resist 0A Stun,64 00 00 00,100
Heartless Shadow (Halloween Town),xa_ex_2021.mdls,11,2C28C,Resist 0B Heal,64 00 00 00,100
Heartless Shadow (Halloween Town),xa_ex_2021.mdls,11,2C290,Resist 0C Unknown,64 00 00 00,100
Heartless Shadow (Halloween Town),xa_ex_2021.mdls,11,2C294,Resist 0D Unknown,64 00 00 00,100
Heartless Shadow (Halloween Town),xa_ex_2021.mdls,11,2C298,Resist 0E Unknown,64 00 00 00,100
Heartless Shadow (Halloween Town),xa_ex_2021.mdls,11,2C29C,Resist 0F Unknown,64 00 00 00,100
Heartless Shadow (Halloween Town),xa_ex_2021.mdls,11,2C2A0,??? (+68),00 00 00 00,0
Heartless Shadow (Halloween Town),xa_ex_2021.mdls,12,2C2A4,HP,27 00 00 00,39
Heartless Shadow (Halloween Town),xa_ex_2021.mdls,12,2C2A8,ATK Level,0C 00 00 00,12
Heartless Shadow (Halloween Town),xa_ex_2021.mdls,12,2C2AC,DEF Level,0C 00 00 00,12
Heartless Shadow (Halloween Town),xa_ex_2021.mdls,12,2C2B0,Min Damage Taken,07 00 00 00,7
Heartless Shadow (Halloween Town),xa_ex_2021.mdls,12,2C2B4,Max Damage Taken,2C 01 00 00,300
Heartless Shadow (Halloween Town),xa_ex_2021.mdls,12,2C2B8,MP Recovery On Hit,1D 00 00 00,29
Heartless Shadow (Halloween Town),xa_ex_2021.mdls,12,2C2BC,Knockback Weight,00 00 80 3F,1
Heartless Shadow (Halloween Town),xa_ex_2021.mdls,12,2C2C0,EXP,07 00 00 00,7
Heartless Shadow (Halloween Town),xa_ex_2021.mdls,12,2C2C4,??? (+20),8D 13 00 00,5005
Heartless Shadow (Halloween Town),xa_ex_2021.mdls,12,2C2C8,Outgoing Damage Multiplier,33 33 F3 3F,1.9
Heartless Shadow (Halloween Town),xa_ex_2021.mdls,12,2C2CC,Resist 00 Unknown,64 00 00 00,100
Heartless Shadow (Halloween Town),xa_ex_2021.mdls,12,2C2D0,Resist 01 Physical,64 00 00 00,100
Heartless Shadow (Halloween Town),xa_ex_2021.mdls,12,2C2D4,Resist 02 Fire,64 00 00 00,100
Heartless Shadow (Halloween Town),xa_ex_2021.mdls,12,2C2D8,Resist 03 Blizzard,64 00 00 00,100
Heartless Shadow (Halloween Town),xa_ex_2021.mdls,12,2C2DC,Resist 04 Thunder,64 00 00 00,100
Heartless Shadow (Halloween Town),xa_ex_2021.mdls,12,2C2E0,Resist 05 Unknown,64 00 00 00,100
Heartless Shadow (Halloween Town),xa_ex_2021.mdls,12,2C2E4,Resist 06 Unknown,64 00 00 00,100
Heartless Shadow (Halloween Town),xa_ex_2021.mdls,12,2C2E8,Resist 07 Unknown,64 00 00 00,100
Heartless Shadow (Halloween Town),xa_ex_2021.mdls,12,2C2EC,Resist 08 Percent HP,64 00 00 00,100
Heartless Shadow (Halloween Town),xa_ex_2021.mdls,12,2C2F0,Resist 09 Stop,64 00 00 00,100
Heartless Shadow (Halloween Town),xa_ex_2021.mdls,12,2C2F4,Resist 0A Stun,64 00 00 00,100
Heartless Shadow (Halloween Town),xa_ex_2021.mdls,12,2C2F8,Resist 0B Heal,64 00 00 00,100
Heartless Shadow (Halloween Town),xa_ex_2021.mdls,12,2C2FC,Resist 0C Unknown,64 00 00 00,100
Heartless Shadow (Halloween Town),xa_ex_2021.mdls,12,2C300,Resist 0D Unknown,64 00 00 00,100
Heartless Shadow (Halloween Town),xa_ex_2021.mdls,12,2C304,Resist 0E Unknown,64 00 00 00,100
Heartless Shadow (Halloween Town),xa_ex_2021.mdls,12,2C308,Resist 0F Unknown,64 00 00 00,100
Heartless Shadow (Halloween Town),xa_ex_2021.mdls,12,2C30C,??? (+68),00 00 00 00,0
Heartless Shadow (Halloween Town),xa_ex_2021.mdls,13,2C310,HP,27 00 00 00,39
Heartless Shadow (Halloween Town),xa_ex_2021.mdls,13,2C314,ATK Level,0D 00 00 00,13
Heartless Shadow (Halloween Town),xa_ex_2021.mdls,13,2C318,DEF Level,0D 00 00 00,13
Heartless Shadow (Halloween Town),xa_ex_2021.mdls,13,2C31C,Min Damage Taken,07 00 00 00,7
Heartless Shadow (Halloween Town),xa_ex_2021.mdls,13,2C320,Max Damage Taken,2C 01 00 00,300
Heartless Shadow (Halloween Town),xa_ex_2021.mdls,13,2C324,MP Recovery On Hit,20 00 00 00,32
Heartless Shadow (Halloween Town),xa_ex_2021.mdls,13,2C328,Knockback Weight,00 00 80 3F,1
Heartless Shadow (Halloween Town),xa_ex_2021.mdls,13,2C32C,EXP,06 00 00 00,6
Heartless Shadow (Halloween Town),xa_ex_2021.mdls,13,2C330,??? (+20),8D 13 00 00,5005
Heartless Shadow (Halloween Town),xa_ex_2021.mdls,13,2C334,Outgoing Damage Multiplier,33 33 F3 3F,1.9
Heartless Shadow (Halloween Town),xa_ex_2021.mdls,13,2C338,Resist 00 Unknown,64 00 00 00,100
Heartless Shadow (Halloween Town),xa_ex_2021.mdls,13,2C33C,Resist 01 Physical,64 00 00 00,100
Heartless Shadow (Halloween Town),xa_ex_2021.mdls,13,2C340,Resist 02 Fire,64 00 00 00,100
Heartless Shadow (Halloween Town),xa_ex_2021.mdls,13,2C344,Resist 03 Blizzard,64 00 00 00,100
Heartless Shadow (Halloween Town),xa_ex_2021.mdls,13,2C348,Resist 04 Thunder,64 00 00 00,100
Heartless Shadow (Halloween Town),xa_ex_2021.mdls,13,2C34C,Resist 05 Unknown,64 00 00 00,100
Heartless Shadow (Halloween Town),xa_ex_2021.mdls,13,2C350,Resist 06 Unknown,64 00 00 00,100
Heartless Shadow (Halloween Town),xa_ex_2021.mdls,13,2C354,Resist 07 Unknown,64 00 00 00,100
Heartless Shadow (Halloween Town),xa_ex_2021.mdls,13,2C358,Resist 08 Percent HP,64 00 00 00,100
Heartless Shadow (Halloween Town),xa_ex_2021.mdls,13,2C35C,Resist 09 Stop,64 00 00 00,100
Heartless Shadow (Halloween Town),xa_ex_2021.mdls,13,2C360,Resist 0A Stun,64 00 00 00,100
Heartless Shadow (Halloween Town),xa_ex_2021.mdls,13,2C364,Resist 0B Heal,64 00 00 00,100
Heartless Shadow (Halloween Town),xa_ex_2021.mdls,13,2C368,Resist 0C Unknown,64 00 00 00,100
Heartless Shadow (Halloween Town),xa_ex_2021.mdls,13,2C36C,Resist 0D Unknown,64 00 00 00,100
Heartless Shadow (Halloween Town),xa_ex_2021.mdls,13,2C370,Resist 0E Unknown,64 00 00 00,100
Heartless Shadow (Halloween Town),xa_ex_2021.mdls,13,2C374,Resist 0F Unknown,64 00 00 00,100
Heartless Shadow (Halloween Town),xa_ex_2021.mdls,13,2C378,??? (+68),00 00 00 00,0
Heartless Shadow (Halloween Town),xa_ex_2021.mdls,14,2C37C,HP,2A 00 00 00,42
Heartless Shadow (Halloween Town),xa_ex_2021.mdls,14,2C380,ATK Level,0E 00 00 00,14
Heartless Shadow (Halloween Town),xa_ex_2021.mdls,14,2C384,DEF Level,0E 00 00 00,14
Heartless Shadow (Halloween Town),xa_ex_2021.mdls,14,2C388,Min Damage Taken,07 00 00 00,7
Heartless Shadow (Halloween Town),xa_ex_2021.mdls,14,2C38C,Max Damage Taken,2C 01 00 00,300
Heartless Shadow (Halloween Town),xa_ex_2021.mdls,14,2C390,MP Recovery On Hit,24 00 00 00,36
Heartless Shadow (Halloween Town),xa_ex_2021.mdls,14,2C394,Knockback Weight,00 00 80 3F,1
Heartless Shadow (Halloween Town),xa_ex_2021.mdls,14,2C398,EXP,08 00 00 00,8
Heartless Shadow (Halloween Town),xa_ex_2021.mdls,14,2C39C,??? (+20),8D 13 00 00,5005
Heartless Shadow (Halloween Town),xa_ex_2021.mdls,14,2C3A0,Outgoing Damage Multiplier,33 33 F3 3F,1.9
Heartless Shadow (Halloween Town),xa_ex_2021.mdls,14,2C3A4,Resist 00 Unknown,64 00 00 00,100
Heartless Shadow (Halloween Town),xa_ex_2021.mdls,14,2C3A8,Resist 01 Physical,64 00 00 00,100
Heartless Shadow (Halloween Town),xa_ex_2021.mdls,14,2C3AC,Resist 02 Fire,64 00 00 00,100
Heartless Shadow (Halloween Town),xa_ex_2021.mdls,14,2C3B0,Resist 03 Blizzard,64 00 00 00,100
Heartless Shadow (Halloween Town),xa_ex_2021.mdls,14,2C3B4,Resist 04 Thunder,64 00 00 00,100
Heartless Shadow (Halloween Town),xa_ex_2021.mdls,14,2C3B8,Resist 05 Unknown,64 00 00 00,100
Heartless Shadow (Halloween Town),xa_ex_2021.mdls,14,2C3BC,Resist 06 Unknown,64 00 00 00,100
Heartless Shadow (Halloween Town),xa_ex_2021.mdls,14,2C3C0,Resist 07 Unknown,64 00 00 00,100
Heartless Shadow (Halloween Town),xa_ex_2021.mdls,14,2C3C4,Resist 08 Percent HP,64 00 00 00,100
Heartless Shadow (Halloween Town),xa_ex_2021.mdls,14,2C3C8,Resist 09 Stop,64 00 00 00,100
Heartless Shadow (Halloween Town),xa_ex_2021.mdls,14,2C3CC,Resist 0A Stun,64 00 00 00,100
Heartless Shadow (Halloween Town),xa_ex_2021.mdls,14,2C3D0,Resist 0B Heal,64 00 00 00,100
Heartless Shadow (Halloween Town),xa_ex_2021.mdls,14,2C3D4,Resist 0C Unknown,64 00 00 00,100
Heartless Shadow (Halloween Town),xa_ex_2021.mdls,14,2C3D8,Resist 0D Unknown,64 00 00 00,100
Heartless Shadow (Halloween Town),xa_ex_2021.mdls,14,2C3DC,Resist 0E Unknown,64 00 00 00,100
Heartless Shadow (Halloween Town),xa_ex_2021.mdls,14,2C3E0,Resist 0F Unknown,64 00 00 00,100
Heartless Shadow (Halloween Town),xa_ex_2021.mdls,14,2C3E4,??? (+68),00 00 00 00,0
Heartless Shadow (Halloween Town),xa_ex_2021.mdls,15,2C3E8,HP,2D 00 00 00,45
Heartless Shadow (Halloween Town),xa_ex_2021.mdls,15,2C3EC,ATK Level,0F 00 00 00,15
Heartless Shadow (Halloween Town),xa_ex_2021.mdls,15,2C3F0,DEF Level,0F 00 00 00,15
Heartless Shadow (Halloween Town),xa_ex_2021.mdls,15,2C3F4,Min Damage Taken,08 00 00 00,8
Heartless Shadow (Halloween Town),xa_ex_2021.mdls,15,2C3F8,Max Damage Taken,2C 01 00 00,300
Heartless Shadow (Halloween Town),xa_ex_2021.mdls,15,2C3FC,MP Recovery On Hit,26 00 00 00,38
Heartless Shadow (Halloween Town),xa_ex_2021.mdls,15,2C400,Knockback Weight,00 00 80 3F,1
Heartless Shadow (Halloween Town),xa_ex_2021.mdls,15,2C404,EXP,0D 00 00 00,13
Heartless Shadow (Halloween Town),xa_ex_2021.mdls,15,2C408,??? (+20),8D 13 00 00,5005
Heartless Shadow (Halloween Town),xa_ex_2021.mdls,15,2C40C,Outgoing Damage Multiplier,33 33 F3 3F,1.9
Heartless Shadow (Halloween Town),xa_ex_2021.mdls,15,2C410,Resist 00 Unknown,64 00 00 00,100
Heartless Shadow (Halloween Town),xa_ex_2021.mdls,15,2C414,Resist 01 Physical,64 00 00 00,100
Heartless Shadow (Halloween Town),xa_ex_2021.mdls,15,2C418,Resist 02 Fire,64 00 00 00,100
Heartless Shadow (Halloween Town),xa_ex_2021.mdls,15,2C41C,Resist 03 Blizzard,64 00 00 00,100
Heartless Shadow (Halloween Town),xa_ex_2021.mdls,15,2C420,Resist 04 Thunder,64 00 00 00,100
Heartless Shadow (Halloween Town),xa_ex_2021.mdls,15,2C424,Resist 05 Unknown,64 00 00 00,100
Heartless Shadow (Halloween Town),xa_ex_2021.mdls,15,2C428,Resist 06 Unknown,64 00 00 00,100
Heartless Shadow (Halloween Town),xa_ex_2021.mdls,15,2C42C,Resist 07 Unknown,64 00 00 00,100
Heartless Shadow (Halloween Town),xa_ex_2021.mdls,15,2C430,Resist 08 Percent HP,64 00 00 00,100
Heartless Shadow (Halloween Town),xa_ex_2021.mdls,15,2C434,Resist 09 Stop,64 00 00 00,100
Heartless Shadow (Halloween Town),xa_ex_2021.mdls,15,2C438,Resist 0A Stun,64 00 00 00,100
Heartless Shadow (Halloween Town),xa_ex_2021.mdls,15,2C43C,Resist 0B Heal,64 00 00 00,100
Heartless Shadow (Halloween Town),xa_ex_2021.mdls,15,2C440,Resist 0C Unknown,64 00 00 00,100
Heartless Shadow (Halloween Town),xa_ex_2021.mdls,15,2C444,Resist 0D Unknown,64 00 00 00,100
Heartless Shadow (Halloween Town),xa_ex_2021.mdls,15,2C448,Resist 0E Unknown,64 00 00 00,100
Heartless Shadow (Halloween Town),xa_ex_2021.mdls,15,2C44C,Resist 0F Unknown,64 00 00 00,100
Heartless Shadow (Halloween Town),xa_ex_2021.mdls,15,2C450,??? (+68),00 00 00 00,0
Heartless Shadow (Halloween Town),xa_ex_2021.mdls,16,2C454,HP,36 00 00 00,54
Heartless Shadow (Halloween Town),xa_ex_2021.mdls,16,2C458,ATK Level,10 00 00 00,16
Heartless Shadow (Halloween Town),xa_ex_2021.mdls,16,2C45C,DEF Level,10 00 00 00,16
Heartless Shadow (Halloween Town),xa_ex_2021.mdls,16,2C460,Min Damage Taken,09 00 00 00,9
Heartless Shadow (Halloween Town),xa_ex_2021.mdls,16,2C464,Max Damage Taken,2C 01 00 00,300
Heartless Shadow (Halloween Town),xa_ex_2021.mdls,16,2C468,MP Recovery On Hit,28 00 00 00,40
Heartless Shadow (Halloween Town),xa_ex_2021.mdls,16,2C46C,Knockback Weight,00 00 80 3F,1
Heartless Shadow (Halloween Town),xa_ex_2021.mdls,16,2C470,EXP,10 00 00 00,16
Heartless Shadow (Halloween Town),xa_ex_2021.mdls,16,2C474,??? (+20),8D 13 00 00,5005
Heartless Shadow (Halloween Town),xa_ex_2021.mdls,16,2C478,Outgoing Damage Multiplier,9A 99 39 40,2.9
Heartless Shadow (Halloween Town),xa_ex_2021.mdls,16,2C47C,Resist 00 Unknown,64 00 00 00,100
Heartless Shadow (Halloween Town),xa_ex_2021.mdls,16,2C480,Resist 01 Physical,64 00 00 00,100
Heartless Shadow (Halloween Town),xa_ex_2021.mdls,16,2C484,Resist 02 Fire,64 00 00 00,100
Heartless Shadow (Halloween Town),xa_ex_2021.mdls,16,2C488,Resist 03 Blizzard,64 00 00 00,100
Heartless Shadow (Halloween Town),xa_ex_2021.mdls,16,2C48C,Resist 04 Thunder,64 00 00 00,100
Heartless Shadow (Halloween Town),xa_ex_2021.mdls,16,2C490,Resist 05 Unknown,64 00 00 00,100
Heartless Shadow (Halloween Town),xa_ex_2021.mdls,16,2C494,Resist 06 Unknown,64 00 00 00,100
Heartless Shadow (Halloween Town),xa_ex_2021.mdls,16,2C498,Resist 07 Unknown,64 00 00 00,100
Heartless Shadow (Halloween Town),xa_ex_2021.mdls,16,2C49C,Resist 08 Percent HP,64 00 00 00,100
Heartless Shadow (Halloween Town),xa_ex_2021.mdls,16,2C4A0,Resist 09 Stop,64 00 00 00,100
Heartless Shadow (Halloween Town),xa_ex_2021.mdls,16,2C4A4,Resist 0A Stun,64 00 00 00,100
Heartless Shadow (Halloween Town),xa_ex_2021.mdls,16,2C4A8,Resist 0B Heal,64 00 00 00,100
Heartless Shadow (Halloween Town),xa_ex_2021.mdls,16,2C4AC,Resist 0C Unknown,64 00 00 00,100
Heartless Shadow (Halloween Town),xa_ex_2021.mdls,16,2C4B0,Resist 0D Unknown,64 00 00 00,100
Heartless Shadow (Halloween Town),xa_ex_2021.mdls,16,2C4B4,Resist 0E Unknown,64 00 00 00,100
Heartless Shadow (Halloween Town),xa_ex_2021.mdls,16,2C4B8,Resist 0F Unknown,64 00 00 00,100
Heartless Shadow (Halloween Town),xa_ex_2021.mdls,16,2C4BC,??? (+68),00 00 00 00,0
Heartless Shadow (Halloween Town),xa_ex_2021.mdls,17,2C4C0,HP,3C 00 00 00,60
Heartless Shadow (Halloween Town),xa_ex_2021.mdls,17,2C4C4,ATK Level,11 00 00 00,17
Heartless Shadow (Halloween Town),xa_ex_2021.mdls,17,2C4C8,DEF Level,11 00 00 00,17
Heartless Shadow (Halloween Town),xa_ex_2021.mdls,17,2C4CC,Min Damage Taken,0A 00 00 00,10
Heartless Shadow (Halloween Town),xa_ex_2021.mdls,17,2C4D0,Max Damage Taken,2C 01 00 00,300
Heartless Shadow (Halloween Town),xa_ex_2021.mdls,17,2C4D4,MP Recovery On Hit,2D 00 00 00,45
Heartless Shadow (Halloween Town),xa_ex_2021.mdls,17,2C4D8,Knockback Weight,00 00 80 3F,1
Heartless Shadow (Halloween Town),xa_ex_2021.mdls,17,2C4DC,EXP,1E 00 00 00,30
Heartless Shadow (Halloween Town),xa_ex_2021.mdls,17,2C4E0,??? (+20),8D 13 00 00,5005
Heartless Shadow (Halloween Town),xa_ex_2021.mdls,17,2C4E4,Outgoing Damage Multiplier,9A 99 39 40,2.9
Heartless Shadow (Halloween Town),xa_ex_2021.mdls,17,2C4E8,Resist 00 Unknown,64 00 00 00,100
Heartless Shadow (Halloween Town),xa_ex_2021.mdls,17,2C4EC,Resist 01 Physical,64 00 00 00,100
Heartless Shadow (Halloween Town),xa_ex_2021.mdls,17,2C4F0,Resist 02 Fire,64 00 00 00,100
Heartless Shadow (Halloween Town),xa_ex_2021.mdls,17,2C4F4,Resist 03 Blizzard,64 00 00 00,100
Heartless Shadow (Halloween Town),xa_ex_2021.mdls,17,2C4F8,Resist 04 Thunder,64 00 00 00,100
Heartless Shadow (Halloween Town),xa_ex_2021.mdls,17,2C4FC,Resist 05 Unknown,64 00 00 00,100
Heartless Shadow (Halloween Town),xa_ex_2021.mdls,17,2C500,Resist 06 Unknown,64 00 00 00,100
Heartless Shadow (Halloween Town),xa_ex_2021.mdls,17,2C504,Resist 07 Unknown,64 00 00 00,100
Heartless Shadow (Halloween Town),xa_ex_2021.mdls,17,2C508,Resist 08 Percent HP,50 00 00 00,80
Heartless Shadow (Halloween Town),xa_ex_2021.mdls,17,2C50C,Resist 09 Stop,3C 00 00 00,60
Heartless Shadow (Halloween Town),xa_ex_2021.mdls,17,2C510,Resist 0A Stun,64 00 00 00,100
Heartless Shadow (Halloween Town),xa_ex_2021.mdls,17,2C514,Resist 0B Heal,64 00 00 00,100
Heartless Shadow (Halloween Town),xa_ex_2021.mdls,17,2C518,Resist 0C Unknown,64 00 00 00,100
Heartless Shadow (Halloween Town),xa_ex_2021.mdls,17,2C51C,Resist 0D Unknown,64 00 00 00,100
Heartless Shadow (Halloween Town),xa_ex_2021.mdls,17,2C520,Resist 0E Unknown,64 00 00 00,100
Heartless Shadow (Halloween Town),xa_ex_2021.mdls,17,2C524,Resist 0F Unknown,64 00 00 00,100
Heartless Shadow (Halloween Town),xa_ex_2021.mdls,17,2C528,??? (+68),00 00 00 00,0
Heartless Shadow (Halloween Town),xa_ex_2021.mdls,18,2C52C,HP,3C 00 00 00,60
Heartless Shadow (Halloween Town),xa_ex_2021.mdls,18,2C530,ATK Level,12 00 00 00,18
Heartless Shadow (Halloween Town),xa_ex_2021.mdls,18,2C534,DEF Level,12 00 00 00,18
Heartless Shadow (Halloween Town),xa_ex_2021.mdls,18,2C538,Min Damage Taken,0A 00 00 00,10
Heartless Shadow (Halloween Town),xa_ex_2021.mdls,18,2C53C,Max Damage Taken,2C 01 00 00,300
Heartless Shadow (Halloween Town),xa_ex_2021.mdls,18,2C540,MP Recovery On Hit,35 00 00 00,53
Heartless Shadow (Halloween Town),xa_ex_2021.mdls,18,2C544,Knockback Weight,00 00 80 3F,1
Heartless Shadow (Halloween Town),xa_ex_2021.mdls,18,2C548,EXP,1E 00 00 00,30
Heartless Shadow (Halloween Town),xa_ex_2021.mdls,18,2C54C,??? (+20),8D 13 00 00,5005
Heartless Shadow (Halloween Town),xa_ex_2021.mdls,18,2C550,Outgoing Damage Multiplier,9A 99 79 40,3.9
Heartless Shadow (Halloween Town),xa_ex_2021.mdls,18,2C554,Resist 00 Unknown,64 00 00 00,100
Heartless Shadow (Halloween Town),xa_ex_2021.mdls,18,2C558,Resist 01 Physical,64 00 00 00,100
Heartless Shadow (Halloween Town),xa_ex_2021.mdls,18,2C55C,Resist 02 Fire,64 00 00 00,100
Heartless Shadow (Halloween Town),xa_ex_2021.mdls,18,2C560,Resist 03 Blizzard,64 00 00 00,100
Heartless Shadow (Halloween Town),xa_ex_2021.mdls,18,2C564,Resist 04 Thunder,64 00 00 00,100
Heartless Shadow (Halloween Town),xa_ex_2021.mdls,18,2C568,Resist 05 Unknown,64 00 00 00,100
Heartless Shadow (Halloween Town),xa_ex_2021.mdls,18,2C56C,Resist 06 Unknown,64 00 00 00,100
Heartless Shadow (Halloween Town),xa_ex_2021.mdls,18,2C570,Resist 07 Unknown,64 00 00 00,100
Heartless Shadow (Halloween Town),xa_ex_2021.mdls,18,2C574,Resist 08 Percent HP,50 00 00 00,80
Heartless Shadow (Halloween Town),xa_ex_2021.mdls,18,2C578,Resist 09 Stop,3C 00 00 00,60
Heartless Shadow (Halloween Town),xa_ex_2021.mdls,18,2C57C,Resist 0A Stun,64 00 00 00,100
Heartless Shadow (Halloween Town),xa_ex_2021.mdls,18,2C580,Resist 0B Heal,64 00 00 00,100
Heartless Shadow (Halloween Town),xa_ex_2021.mdls,18,2C584,Resist 0C Unknown,64 00 00 00,100
Heartless Shadow (Halloween Town),xa_ex_2021.mdls,18,2C588,Resist 0D Unknown,64 00 00 00,100
Heartless Shadow (Halloween Town),xa_ex_2021.mdls,18,2C58C,Resist 0E Unknown,64 00 00 00,100
Heartless Shadow (Halloween Town),xa_ex_2021.mdls,18,2C590,Resist 0F Unknown,64 00 00 00,100
Heartless Shadow (Halloween Town),xa_ex_2021.mdls,18,2C594,??? (+68),00 00 00 00,0
Heartless Shadow (Halloween Town),xa_ex_2021.mdls,19,2C598,HP,3C 00 00 00,60
Heartless Shadow (Halloween Town),xa_ex_2021.mdls,19,2C59C,ATK Level,11 00 00 00,17
Heartless Shadow (Halloween Town),xa_ex_2021.mdls,19,2C5A0,DEF Level,11 00 00 00,17
Heartless Shadow (Halloween Town),xa_ex_2021.mdls,19,2C5A4,Min Damage Taken,0A 00 00 00,10
Heartless Shadow (Halloween Town),xa_ex_2021.mdls,19,2C5A8,Max Damage Taken,32 00 00 00,50
Heartless Shadow (Halloween Town),xa_ex_2021.mdls,19,2C5AC,MP Recovery On Hit,35 00 00 00,53
Heartless Shadow (Halloween Town),xa_ex_2021.mdls,19,2C5B0,Knockback Weight,00 00 80 3F,1
Heartless Shadow (Halloween Town),xa_ex_2021.mdls,19,2C5B4,EXP,1E 00 00 00,30
Heartless Shadow (Halloween Town),xa_ex_2021.mdls,19,2C5B8,??? (+20),8D 13 00 00,5005
Heartless Shadow (Halloween Town),xa_ex_2021.mdls,19,2C5BC,Outgoing Damage Multiplier,9A 99 79 40,3.9
Heartless Shadow (Halloween Town),xa_ex_2021.mdls,19,2C5C0,Resist 00 Unknown,64 00 00 00,100
Heartless Shadow (Halloween Town),xa_ex_2021.mdls,19,2C5C4,Resist 01 Physical,64 00 00 00,100
Heartless Shadow (Halloween Town),xa_ex_2021.mdls,19,2C5C8,Resist 02 Fire,64 00 00 00,100
Heartless Shadow (Halloween Town),xa_ex_2021.mdls,19,2C5CC,Resist 03 Blizzard,64 00 00 00,100
Heartless Shadow (Halloween Town),xa_ex_2021.mdls,19,2C5D0,Resist 04 Thunder,64 00 00 00,100
Heartless Shadow (Halloween Town),xa_ex_2021.mdls,19,2C5D4,Resist 05 Unknown,64 00 00 00,100
Heartless Shadow (Halloween Town),xa_ex_2021.mdls,19,2C5D8,Resist 06 Unknown,64 00 00 00,100
Heartless Shadow (Halloween Town),xa_ex_2021.mdls,19,2C5DC,Resist 07 Unknown,64 00 00 00,100
Heartless Shadow (Halloween Town),xa_ex_2021.mdls,19,2C5E0,Resist 08 Percent HP,50 00 00 00,80
Heartless Shadow (Halloween Town),xa_ex_2021.mdls,19,2C5E4,Resist 09 Stop,3C 00 00 00,60
Heartless Shadow (Halloween Town),xa_ex_2021.mdls,19,2C5E8,Resist 0A Stun,64 00 00 00,100
Heartless Shadow (Halloween Town),xa_ex_2021.mdls,19,2C5EC,Resist 0B Heal,64 00 00 00,100
Heartless Shadow (Halloween Town),xa_ex_2021.mdls,19,2C5F0,Resist 0C Unknown,64 00 00 00,100
Heartless Shadow (Halloween Town),xa_ex_2021.mdls,19,2C5F4,Resist 0D Unknown,64 00 00 00,100
Heartless Shadow (Halloween Town),xa_ex_2021.mdls,19,2C5F8,Resist 0E Unknown,64 00 00 00,100
Heartless Shadow (Halloween Town),xa_ex_2021.mdls,19,2C5FC,Resist 0F Unknown,64 00 00 00,100
Heartless Shadow (Halloween Town),xa_ex_2021.mdls,19,2C600,??? (+68),00 00 00 00,0
Heartless Shadow (End of World?),xa_ex_2022.mdls,0,2BD94,HP,0A 00 00 00,10
Heartless Shadow (End of World?),xa_ex_2022.mdls,0,2BD98,ATK Level,00 00 00 00,0
Heartless Shadow (End of World?),xa_ex_2022.mdls,0,2BD9C,DEF Level,00 00 00 00,0
Heartless Shadow (End of World?),xa_ex_2022.mdls,0,2BDA0,Min Damage Taken,02 00 00 00,2
Heartless Shadow (End of World?),xa_ex_2022.mdls,0,2BDA4,Max Damage Taken,2C 01 00 00,300
Heartless Shadow (End of World?),xa_ex_2022.mdls,0,2BDA8,MP Recovery On Hit,00 00 00 00,0
Heartless Shadow (End of World?),xa_ex_2022.mdls,0,2BDAC,Knockback Weight,00 00 80 3F,1
Heartless Shadow (End of World?),xa_ex_2022.mdls,0,2BDB0,EXP,01 00 00 00,1
Heartless Shadow (End of World?),xa_ex_2022.mdls,0,2BDB4,??? (+20),8D 13 00 00,5005
Heartless Shadow (End of World?),xa_ex_2022.mdls,0,2BDB8,Outgoing Damage Multiplier,33 33 33 3F,0.7
Heartless Shadow (End of World?),xa_ex_2022.mdls,0,2BDBC,Resist 00 Unknown,64 00 00 00,100
Heartless Shadow (End of World?),xa_ex_2022.mdls,0,2BDC0,Resist 01 Physical,64 00 00 00,100
Heartless Shadow (End of World?),xa_ex_2022.mdls,0,2BDC4,Resist 02 Fire,64 00 00 00,100
Heartless Shadow (End of World?),xa_ex_2022.mdls,0,2BDC8,Resist 03 Blizzard,64 00 00 00,100
Heartless Shadow (End of World?),xa_ex_2022.mdls,0,2BDCC,Resist 04 Thunder,64 00 00 00,100
Heartless Shadow (End of World?),xa_ex_2022.mdls,0,2BDD0,Resist 05 Unknown,64 00 00 00,100
Heartless Shadow (End of World?),xa_ex_2022.mdls,0,2BDD4,Resist 06 Unknown,64 00 00 00,100
Heartless Shadow (End of World?),xa_ex_2022.mdls,0,2BDD8,Resist 07 Unknown,64 00 00 00,100
Heartless Shadow (End of World?),xa_ex_2022.mdls,0,2BDDC,Resist 08 Percent HP,64 00 00 00,100
Heartless Shadow (End of World?),xa_ex_2022.mdls,0,2BDE0,Resist 09 Stop,64 00 00 00,100
Heartless Shadow (End of World?),xa_ex_2022.mdls,0,2BDE4,Resist 0A Stun,64 00 00 00,100
Heartless Shadow (End of World?),xa_ex_2022.mdls,0,2BDE8,Resist 0B Heal,64 00 00 00,100
Heartless Shadow (End of World?),xa_ex_2022.mdls,0,2BDEC,Resist 0C Unknown,64 00 00 00,100
Heartless Shadow (End of World?),xa_ex_2022.mdls,0,2BDF0,Resist 0D Unknown,64 00 00 00,100
Heartless Shadow (End of World?),xa_ex_2022.mdls,0,2BDF4,Resist 0E Unknown,64 00 00 00,100
Heartless Shadow (End of World?),xa_ex_2022.mdls,0,2BDF8,Resist 0F Unknown,64 00 00 00,100
Heartless Shadow (End of World?),xa_ex_2022.mdls,0,2BDFC,??? (+68),00 00 00 00,0
Heartless Shadow (End of World?),xa_ex_2022.mdls,1,2BE00,HP,0A 00 00 00,10
Heartless Shadow (End of World?),xa_ex_2022.mdls,1,2BE04,ATK Level,01 00 00 00,1
Heartless Shadow (End of World?),xa_ex_2022.mdls,1,2BE08,DEF Level,01 00 00 00,1
Heartless Shadow (End of World?),xa_ex_2022.mdls,1,2BE0C,Min Damage Taken,02 00 00 00,2
Heartless Shadow (End of World?),xa_ex_2022.mdls,1,2BE10,Max Damage Taken,2C 01 00 00,300
Heartless Shadow (End of World?),xa_ex_2022.mdls,1,2BE14,MP Recovery On Hit,00 00 00 00,0
Heartless Shadow (End of World?),xa_ex_2022.mdls,1,2BE18,Knockback Weight,00 00 80 3F,1
Heartless Shadow (End of World?),xa_ex_2022.mdls,1,2BE1C,EXP,01 00 00 00,1
Heartless Shadow (End of World?),xa_ex_2022.mdls,1,2BE20,??? (+20),8D 13 00 00,5005
Heartless Shadow (End of World?),xa_ex_2022.mdls,1,2BE24,Outgoing Damage Multiplier,00 00 80 3F,1
Heartless Shadow (End of World?),xa_ex_2022.mdls,1,2BE28,Resist 00 Unknown,64 00 00 00,100
Heartless Shadow (End of World?),xa_ex_2022.mdls,1,2BE2C,Resist 01 Physical,64 00 00 00,100
Heartless Shadow (End of World?),xa_ex_2022.mdls,1,2BE30,Resist 02 Fire,64 00 00 00,100
Heartless Shadow (End of World?),xa_ex_2022.mdls,1,2BE34,Resist 03 Blizzard,64 00 00 00,100
Heartless Shadow (End of World?),xa_ex_2022.mdls,1,2BE38,Resist 04 Thunder,64 00 00 00,100
Heartless Shadow (End of World?),xa_ex_2022.mdls,1,2BE3C,Resist 05 Unknown,64 00 00 00,100
Heartless Shadow (End of World?),xa_ex_2022.mdls,1,2BE40,Resist 06 Unknown,64 00 00 00,100
Heartless Shadow (End of World?),xa_ex_2022.mdls,1,2BE44,Resist 07 Unknown,64 00 00 00,100
Heartless Shadow (End of World?),xa_ex_2022.mdls,1,2BE48,Resist 08 Percent HP,64 00 00 00,100
Heartless Shadow (End of World?),xa_ex_2022.mdls,1,2BE4C,Resist 09 Stop,64 00 00 00,100
Heartless Shadow (End of World?),xa_ex_2022.mdls,1,2BE50,Resist 0A Stun,64 00 00 00,100
Heartless Shadow (End of World?),xa_ex_2022.mdls,1,2BE54,Resist 0B Heal,64 00 00 00,100
Heartless Shadow (End of World?),xa_ex_2022.mdls,1,2BE58,Resist 0C Unknown,64 00 00 00,100
Heartless Shadow (End of World?),xa_ex_2022.mdls,1,2BE5C,Resist 0D Unknown,64 00 00 00,100
Heartless Shadow (End of World?),xa_ex_2022.mdls,1,2BE60,Resist 0E Unknown,64 00 00 00,100
Heartless Shadow (End of World?),xa_ex_2022.mdls,1,2BE64,Resist 0F Unknown,64 00 00 00,100
Heartless Shadow (End of World?),xa_ex_2022.mdls,1,2BE68,??? (+68),00 00 00 00,0
Heartless Shadow (End of World?),xa_ex_2022.mdls,2,2BE6C,HP,0C 00 00 00,12
Heartless Shadow (End of World?),xa_ex_2022.mdls,2,2BE70,ATK Level,02 00 00 00,2
Heartless Shadow (End of World?),xa_ex_2022.mdls,2,2BE74,DEF Level,02 00 00 00,2
Heartless Shadow (End of World?),xa_ex_2022.mdls,2,2BE78,Min Damage Taken,02 00 00 00,2
Heartless Shadow (End of World?),xa_ex_2022.mdls,2,2BE7C,Max Damage Taken,2C 01 00 00,300
Heartless Shadow (End of World?),xa_ex_2022.mdls,2,2BE80,MP Recovery On Hit,00 00 00 00,0
Heartless Shadow (End of World?),xa_ex_2022.mdls,2,2BE84,Knockback Weight,00 00 80 3F,1
Heartless Shadow (End of World?),xa_ex_2022.mdls,2,2BE88,EXP,01 00 00 00,1
Heartless Shadow (End of World?),xa_ex_2022.mdls,2,2BE8C,??? (+20),8D 13 00 00,5005
Heartless Shadow (End of World?),xa_ex_2022.mdls,2,2BE90,Outgoing Damage Multiplier,6F 12 83 3A,0.001
Heartless Shadow (End of World?),xa_ex_2022.mdls,2,2BE94,Resist 00 Unknown,64 00 00 00,100
Heartless Shadow (End of World?),xa_ex_2022.mdls,2,2BE98,Resist 01 Physical,64 00 00 00,100
Heartless Shadow (End of World?),xa_ex_2022.mdls,2,2BE9C,Resist 02 Fire,64 00 00 00,100
Heartless Shadow (End of World?),xa_ex_2022.mdls,2,2BEA0,Resist 03 Blizzard,64 00 00 00,100
Heartless Shadow (End of World?),xa_ex_2022.mdls,2,2BEA4,Resist 04 Thunder,64 00 00 00,100
Heartless Shadow (End of World?),xa_ex_2022.mdls,2,2BEA8,Resist 05 Unknown,64 00 00 00,100
Heartless Shadow (End of World?),xa_ex_2022.mdls,2,2BEAC,Resist 06 Unknown,64 00 00 00,100
Heartless Shadow (End of World?),xa_ex_2022.mdls,2,2BEB0,Resist 07 Unknown,64 00 00 00,100
Heartless Shadow (End of World?),xa_ex_2022.mdls,2,2BEB4,Resist 08 Percent HP,64 00 00 00,100
Heartless Shadow (End of World?),xa_ex_2022.mdls,2,2BEB8,Resist 09 Stop,64 00 00 00,100
Heartless Shadow (End of World?),xa_ex_2022.mdls,2,2BEBC,Resist 0A Stun,64 00 00 00,100
Heartless Shadow (End of World?),xa_ex_2022.mdls,2,2BEC0,Resist 0B Heal,64 00 00 00,100
Heartless Shadow (End of World?),xa_ex_2022.mdls,2,2BEC4,Resist 0C Unknown,64 00 00 00,100
Heartless Shadow (End of World?),xa_ex_2022.mdls,2,2BEC8,Resist 0D Unknown,64 00 00 00,100
Heartless Shadow (End of World?),xa_ex_2022.mdls,2,2BECC,Resist 0E Unknown,64 00 00 00,100
Heartless Shadow (End of World?),xa_ex_2022.mdls,2,2BED0,Resist 0F Unknown,64 00 00 00,100
Heartless Shadow (End of World?),xa_ex_2022.mdls,2,2BED4,??? (+68),00 00 00 00,0
Heartless Shadow (End of World?),xa_ex_2022.mdls,3,2BED8,HP,0C 00 00 00,12
Heartless Shadow (End of World?),xa_ex_2022.mdls,3,2BEDC,ATK Level,03 00 00 00,3
Heartless Shadow (End of World?),xa_ex_2022.mdls,3,2BEE0,DEF Level,03 00 00 00,3
Heartless Shadow (End of World?),xa_ex_2022.mdls,3,2BEE4,Min Damage Taken,02 00 00 00,2
Heartless Shadow (End of World?),xa_ex_2022.mdls,3,2BEE8,Max Damage Taken,2C 01 00 00,300
Heartless Shadow (End of World?),xa_ex_2022.mdls,3,2BEEC,MP Recovery On Hit,06 00 00 00,6
Heartless Shadow (End of World?),xa_ex_2022.mdls,3,2BEF0,Knockback Weight,00 00 80 3F,1
Heartless Shadow (End of World?),xa_ex_2022.mdls,3,2BEF4,EXP,01 00 00 00,1
Heartless Shadow (End of World?),xa_ex_2022.mdls,3,2BEF8,??? (+20),8D 13 00 00,5005
Heartless Shadow (End of World?),xa_ex_2022.mdls,3,2BEFC,Outgoing Damage Multiplier,00 00 80 3F,1
Heartless Shadow (End of World?),xa_ex_2022.mdls,3,2BF00,Resist 00 Unknown,64 00 00 00,100
Heartless Shadow (End of World?),xa_ex_2022.mdls,3,2BF04,Resist 01 Physical,64 00 00 00,100
Heartless Shadow (End of World?),xa_ex_2022.mdls,3,2BF08,Resist 02 Fire,64 00 00 00,100
Heartless Shadow (End of World?),xa_ex_2022.mdls,3,2BF0C,Resist 03 Blizzard,64 00 00 00,100
Heartless Shadow (End of World?),xa_ex_2022.mdls,3,2BF10,Resist 04 Thunder,64 00 00 00,100
Heartless Shadow (End of World?),xa_ex_2022.mdls,3,2BF14,Resist 05 Unknown,64 00 00 00,100
Heartless Shadow (End of World?),xa_ex_2022.mdls,3,2BF18,Resist 06 Unknown,64 00 00 00,100
Heartless Shadow (End of World?),xa_ex_2022.mdls,3,2BF1C,Resist 07 Unknown,64 00 00 00,100
Heartless Shadow (End of World?),xa_ex_2022.mdls,3,2BF20,Resist 08 Percent HP,64 00 00 00,100
Heartless Shadow (End of World?),xa_ex_2022.mdls,3,2BF24,Resist 09 Stop,64 00 00 00,100
Heartless Shadow (End of World?),xa_ex_2022.mdls,3,2BF28,Resist 0A Stun,64 00 00 00,100
Heartless Shadow (End of World?),xa_ex_2022.mdls,3,2BF2C,Resist 0B Heal,64 00 00 00,100
Heartless Shadow (End of World?),xa_ex_2022.mdls,3,2BF30,Resist 0C Unknown,64 00 00 00,100
Heartless Shadow (End of World?),xa_ex_2022.mdls,3,2BF34,Resist 0D Unknown,64 00 00 00,100
Heartless Shadow (End of World?),xa_ex_2022.mdls,3,2BF38,Resist 0E Unknown,64 00 00 00,100
Heartless Shadow (End of World?),xa_ex_2022.mdls,3,2BF3C,Resist 0F Unknown,64 00 00 00,100
Heartless Shadow (End of World?),xa_ex_2022.mdls,3,2BF40,??? (+68),00 00 00 00,0
Heartless Shadow (End of World?),xa_ex_2022.mdls,4,2BF44,HP,0C 00 00 00,12
Heartless Shadow (End of World?),xa_ex_2022.mdls,4,2BF48,ATK Level,04 00 00 00,4
Heartless Shadow (End of World?),xa_ex_2022.mdls,4,2BF4C,DEF Level,04 00 00 00,4
Heartless Shadow (End of World?),xa_ex_2022.mdls,4,2BF50,Min Damage Taken,02 00 00 00,2
Heartless Shadow (End of World?),xa_ex_2022.mdls,4,2BF54,Max Damage Taken,2C 01 00 00,300
Heartless Shadow (End of World?),xa_ex_2022.mdls,4,2BF58,MP Recovery On Hit,08 00 00 00,8
Heartless Shadow (End of World?),xa_ex_2022.mdls,4,2BF5C,Knockback Weight,00 00 80 3F,1
Heartless Shadow (End of World?),xa_ex_2022.mdls,4,2BF60,EXP,01 00 00 00,1
Heartless Shadow (End of World?),xa_ex_2022.mdls,4,2BF64,??? (+20),8D 13 00 00,5005
Heartless Shadow (End of World?),xa_ex_2022.mdls,4,2BF68,Outgoing Damage Multiplier,00 00 80 3F,1
Heartless Shadow (End of World?),xa_ex_2022.mdls,4,2BF6C,Resist 00 Unknown,64 00 00 00,100
Heartless Shadow (End of World?),xa_ex_2022.mdls,4,2BF70,Resist 01 Physical,64 00 00 00,100
Heartless Shadow (End of World?),xa_ex_2022.mdls,4,2BF74,Resist 02 Fire,64 00 00 00,100
Heartless Shadow (End of World?),xa_ex_2022.mdls,4,2BF78,Resist 03 Blizzard,64 00 00 00,100
Heartless Shadow (End of World?),xa_ex_2022.mdls,4,2BF7C,Resist 04 Thunder,64 00 00 00,100
Heartless Shadow (End of World?),xa_ex_2022.mdls,4,2BF80,Resist 05 Unknown,64 00 00 00,100
Heartless Shadow (End of World?),xa_ex_2022.mdls,4,2BF84,Resist 06 Unknown,64 00 00 00,100
Heartless Shadow (End of World?),xa_ex_2022.mdls,4,2BF88,Resist 07 Unknown,64 00 00 00,100
Heartless Shadow (End of World?),xa_ex_2022.mdls,4,2BF8C,Resist 08 Percent HP,64 00 00 00,100
Heartless Shadow (End of World?),xa_ex_2022.mdls,4,2BF90,Resist 09 Stop,64 00 00 00,100
Heartless Shadow (End of World?),xa_ex_2022.mdls,4,2BF94,Resist 0A Stun,64 00 00 00,100
Heartless Shadow (End of World?),xa_ex_2022.mdls,4,2BF98,Resist 0B Heal,64 00 00 00,100
Heartless Shadow (End of World?),xa_ex_2022.mdls,4,2BF9C,Resist 0C Unknown,64 00 00 00,100
Heartless Shadow (End of World?),xa_ex_2022.mdls,4,2BFA0,Resist 0D Unknown,64 00 00 00,100
Heartless Shadow (End of World?),xa_ex_2022.mdls,4,2BFA4,Resist 0E Unknown,64 00 00 00,100
Heartless Shadow (End of World?),xa_ex_2022.mdls,4,2BFA8,Resist 0F Unknown,64 00 00 00,100
Heartless Shadow (End of World?),xa_ex_2022.mdls,4,2BFAC,??? (+68),00 00 00 00,0
Heartless Shadow (End of World?),xa_ex_2022.mdls,5,2BFB0,HP,0C 00 00 00,12
Heartless Shadow (End of World?),xa_ex_2022.mdls,5,2BFB4,ATK Level,05 00 00 00,5
Heartless Shadow (End of World?),xa_ex_2022.mdls,5,2BFB8,DEF Level,05 00 00 00,5
Heartless Shadow (End of World?),xa_ex_2022.mdls,5,2BFBC,Min Damage Taken,02 00 00 00,2
Heartless Shadow (End of World?),xa_ex_2022.mdls,5,2BFC0,Max Damage Taken,2C 01 00 00,300
Heartless Shadow (End of World?),xa_ex_2022.mdls,5,2BFC4,MP Recovery On Hit,0B 00 00 00,11
Heartless Shadow (End of World?),xa_ex_2022.mdls,5,2BFC8,Knockback Weight,00 00 80 3F,1
Heartless Shadow (End of World?),xa_ex_2022.mdls,5,2BFCC,EXP,01 00 00 00,1
Heartless Shadow (End of World?),xa_ex_2022.mdls,5,2BFD0,??? (+20),8D 13 00 00,5005
Heartless Shadow (End of World?),xa_ex_2022.mdls,5,2BFD4,Outgoing Damage Multiplier,00 00 80 3F,1
Heartless Shadow (End of World?),xa_ex_2022.mdls,5,2BFD8,Resist 00 Unknown,64 00 00 00,100
Heartless Shadow (End of World?),xa_ex_2022.mdls,5,2BFDC,Resist 01 Physical,64 00 00 00,100
Heartless Shadow (End of World?),xa_ex_2022.mdls,5,2BFE0,Resist 02 Fire,64 00 00 00,100
Heartless Shadow (End of World?),xa_ex_2022.mdls,5,2BFE4,Resist 03 Blizzard,64 00 00 00,100
Heartless Shadow (End of World?),xa_ex_2022.mdls,5,2BFE8,Resist 04 Thunder,64 00 00 00,100
Heartless Shadow (End of World?),xa_ex_2022.mdls,5,2BFEC,Resist 05 Unknown,64 00 00 00,100
Heartless Shadow (End of World?),xa_ex_2022.mdls,5,2BFF0,Resist 06 Unknown,64 00 00 00,100
Heartless Shadow (End of World?),xa_ex_2022.mdls,5,2BFF4,Resist 07 Unknown,64 00 00 00,100
Heartless Shadow (End of World?),xa_ex_2022.mdls,5,2BFF8,Resist 08 Percent HP,64 00 00 00,100
Heartless Shadow (End of World?),xa_ex_2022.mdls,5,2BFFC,Resist 09 Stop,64 00 00 00,100
Heartless Shadow (End of World?),xa_ex_2022.mdls,5,2C000,Resist 0A Stun,64 00 00 00,100
Heartless Shadow (End of World?),xa_ex_2022.mdls,5,2C004,Resist 0B Heal,64 00 00 00,100
Heartless Shadow (End of World?),xa_ex_2022.mdls,5,2C008,Resist 0C Unknown,64 00 00 00,100
Heartless Shadow (End of World?),xa_ex_2022.mdls,5,2C00C,Resist 0D Unknown,64 00 00 00,100
Heartless Shadow (End of World?),xa_ex_2022.mdls,5,2C010,Resist 0E Unknown,64 00 00 00,100
Heartless Shadow (End of World?),xa_ex_2022.mdls,5,2C014,Resist 0F Unknown,64 00 00 00,100
Heartless Shadow (End of World?),xa_ex_2022.mdls,5,2C018,??? (+68),00 00 00 00,0
Heartless Shadow (End of World?),xa_ex_2022.mdls,6,2C01C,HP,12 00 00 00,18
Heartless Shadow (End of World?),xa_ex_2022.mdls,6,2C020,ATK Level,06 00 00 00,6
Heartless Shadow (End of World?),xa_ex_2022.mdls,6,2C024,DEF Level,06 00 00 00,6
Heartless Shadow (End of World?),xa_ex_2022.mdls,6,2C028,Min Damage Taken,03 00 00 00,3
Heartless Shadow (End of World?),xa_ex_2022.mdls,6,2C02C,Max Damage Taken,2C 01 00 00,300
Heartless Shadow (End of World?),xa_ex_2022.mdls,6,2C030,MP Recovery On Hit,0D 00 00 00,13
Heartless Shadow (End of World?),xa_ex_2022.mdls,6,2C034,Knockback Weight,00 00 80 3F,1
Heartless Shadow (End of World?),xa_ex_2022.mdls,6,2C038,EXP,01 00 00 00,1
Heartless Shadow (End of World?),xa_ex_2022.mdls,6,2C03C,??? (+20),8D 13 00 00,5005
Heartless Shadow (End of World?),xa_ex_2022.mdls,6,2C040,Outgoing Damage Multiplier,33 33 B3 3F,1.4
Heartless Shadow (End of World?),xa_ex_2022.mdls,6,2C044,Resist 00 Unknown,64 00 00 00,100
Heartless Shadow (End of World?),xa_ex_2022.mdls,6,2C048,Resist 01 Physical,64 00 00 00,100
Heartless Shadow (End of World?),xa_ex_2022.mdls,6,2C04C,Resist 02 Fire,64 00 00 00,100
Heartless Shadow (End of World?),xa_ex_2022.mdls,6,2C050,Resist 03 Blizzard,64 00 00 00,100
Heartless Shadow (End of World?),xa_ex_2022.mdls,6,2C054,Resist 04 Thunder,64 00 00 00,100
Heartless Shadow (End of World?),xa_ex_2022.mdls,6,2C058,Resist 05 Unknown,64 00 00 00,100
Heartless Shadow (End of World?),xa_ex_2022.mdls,6,2C05C,Resist 06 Unknown,64 00 00 00,100
Heartless Shadow (End of World?),xa_ex_2022.mdls,6,2C060,Resist 07 Unknown,64 00 00 00,100
Heartless Shadow (End of World?),xa_ex_2022.mdls,6,2C064,Resist 08 Percent HP,64 00 00 00,100
Heartless Shadow (End of World?),xa_ex_2022.mdls,6,2C068,Resist 09 Stop,64 00 00 00,100
Heartless Shadow (End of World?),xa_ex_2022.mdls,6,2C06C,Resist 0A Stun,64 00 00 00,100
Heartless Shadow (End of World?),xa_ex_2022.mdls,6,2C070,Resist 0B Heal,64 00 00 00,100
Heartless Shadow (End of World?),xa_ex_2022.mdls,6,2C074,Resist 0C Unknown,64 00 00 00,100
Heartless Shadow (End of World?),xa_ex_2022.mdls,6,2C078,Resist 0D Unknown,64 00 00 00,100
Heartless Shadow (End of World?),xa_ex_2022.mdls,6,2C07C,Resist 0E Unknown,64 00 00 00,100
Heartless Shadow (End of World?),xa_ex_2022.mdls,6,2C080,Resist 0F Unknown,64 00 00 00,100
Heartless Shadow (End of World?),xa_ex_2022.mdls,6,2C084,??? (+68),00 00 00 00,0
Heartless Shadow (End of World?),xa_ex_2022.mdls,7,2C088,HP,12 00 00 00,18
Heartless Shadow (End of World?),xa_ex_2022.mdls,7,2C08C,ATK Level,07 00 00 00,7
Heartless Shadow (End of World?),xa_ex_2022.mdls,7,2C090,DEF Level,07 00 00 00,7
Heartless Shadow (End of World?),xa_ex_2022.mdls,7,2C094,Min Damage Taken,03 00 00 00,3
Heartless Shadow (End of World?),xa_ex_2022.mdls,7,2C098,Max Damage Taken,2C 01 00 00,300
Heartless Shadow (End of World?),xa_ex_2022.mdls,7,2C09C,MP Recovery On Hit,10 00 00 00,16
Heartless Shadow (End of World?),xa_ex_2022.mdls,7,2C0A0,Knockback Weight,00 00 80 3F,1
Heartless Shadow (End of World?),xa_ex_2022.mdls,7,2C0A4,EXP,02 00 00 00,2
Heartless Shadow (End of World?),xa_ex_2022.mdls,7,2C0A8,??? (+20),8D 13 00 00,5005
Heartless Shadow (End of World?),xa_ex_2022.mdls,7,2C0AC,Outgoing Damage Multiplier,33 33 B3 3F,1.4
Heartless Shadow (End of World?),xa_ex_2022.mdls,7,2C0B0,Resist 00 Unknown,64 00 00 00,100
Heartless Shadow (End of World?),xa_ex_2022.mdls,7,2C0B4,Resist 01 Physical,64 00 00 00,100
Heartless Shadow (End of World?),xa_ex_2022.mdls,7,2C0B8,Resist 02 Fire,64 00 00 00,100
Heartless Shadow (End of World?),xa_ex_2022.mdls,7,2C0BC,Resist 03 Blizzard,64 00 00 00,100
Heartless Shadow (End of World?),xa_ex_2022.mdls,7,2C0C0,Resist 04 Thunder,64 00 00 00,100
Heartless Shadow (End of World?),xa_ex_2022.mdls,7,2C0C4,Resist 05 Unknown,64 00 00 00,100
Heartless Shadow (End of World?),xa_ex_2022.mdls,7,2C0C8,Resist 06 Unknown,64 00 00 00,100
Heartless Shadow (End of World?),xa_ex_2022.mdls,7,2C0CC,Resist 07 Unknown,64 00 00 00,100
Heartless Shadow (End of World?),xa_ex_2022.mdls,7,2C0D0,Resist 08 Percent HP,64 00 00 00,100
Heartless Shadow (End of World?),xa_ex_2022.mdls,7,2C0D4,Resist 09 Stop,64 00 00 00,100
Heartless Shadow (End of World?),xa_ex_2022.mdls,7,2C0D8,Resist 0A Stun,64 00 00 00,100
Heartless Shadow (End of World?),xa_ex_2022.mdls,7,2C0DC,Resist 0B Heal,64 00 00 00,100
Heartless Shadow (End of World?),xa_ex_2022.mdls,7,2C0E0,Resist 0C Unknown,64 00 00 00,100
Heartless Shadow (End of World?),xa_ex_2022.mdls,7,2C0E4,Resist 0D Unknown,64 00 00 00,100
Heartless Shadow (End of World?),xa_ex_2022.mdls,7,2C0E8,Resist 0E Unknown,64 00 00 00,100
Heartless Shadow (End of World?),xa_ex_2022.mdls,7,2C0EC,Resist 0F Unknown,64 00 00 00,100
Heartless Shadow (End of World?),xa_ex_2022.mdls,7,2C0F0,??? (+68),00 00 00 00,0
Heartless Shadow (End of World?),xa_ex_2022.mdls,8,2C0F4,HP,12 00 00 00,18
Heartless Shadow (End of World?),xa_ex_2022.mdls,8,2C0F8,ATK Level,08 00 00 00,8
Heartless Shadow (End of World?),xa_ex_2022.mdls,8,2C0FC,DEF Level,08 00 00 00,8
Heartless Shadow (End of World?),xa_ex_2022.mdls,8,2C100,Min Damage Taken,03 00 00 00,3
Heartless Shadow (End of World?),xa_ex_2022.mdls,8,2C104,Max Damage Taken,2C 01 00 00,300
Heartless Shadow (End of World?),xa_ex_2022.mdls,8,2C108,MP Recovery On Hit,13 00 00 00,19
Heartless Shadow (End of World?),xa_ex_2022.mdls,8,2C10C,Knockback Weight,00 00 80 3F,1
Heartless Shadow (End of World?),xa_ex_2022.mdls,8,2C110,EXP,02 00 00 00,2
Heartless Shadow (End of World?),xa_ex_2022.mdls,8,2C114,??? (+20),8D 13 00 00,5005
Heartless Shadow (End of World?),xa_ex_2022.mdls,8,2C118,Outgoing Damage Multiplier,33 33 B3 3F,1.4
Heartless Shadow (End of World?),xa_ex_2022.mdls,8,2C11C,Resist 00 Unknown,64 00 00 00,100
Heartless Shadow (End of World?),xa_ex_2022.mdls,8,2C120,Resist 01 Physical,64 00 00 00,100
Heartless Shadow (End of World?),xa_ex_2022.mdls,8,2C124,Resist 02 Fire,64 00 00 00,100
Heartless Shadow (End of World?),xa_ex_2022.mdls,8,2C128,Resist 03 Blizzard,64 00 00 00,100
Heartless Shadow (End of World?),xa_ex_2022.mdls,8,2C12C,Resist 04 Thunder,64 00 00 00,100
Heartless Shadow (End of World?),xa_ex_2022.mdls,8,2C130,Resist 05 Unknown,64 00 00 00,100
Heartless Shadow (End of World?),xa_ex_2022.mdls,8,2C134,Resist 06 Unknown,64 00 00 00,100
Heartless Shadow (End of World?),xa_ex_2022.mdls,8,2C138,Resist 07 Unknown,64 00 00 00,100
Heartless Shadow (End of World?),xa_ex_2022.mdls,8,2C13C,Resist 08 Percent HP,64 00 00 00,100
Heartless Shadow (End of World?),xa_ex_2022.mdls,8,2C140,Resist 09 Stop,64 00 00 00,100
Heartless Shadow (End of World?),xa_ex_2022.mdls,8,2C144,Resist 0A Stun,64 00 00 00,100
Heartless Shadow (End of World?),xa_ex_2022.mdls,8,2C148,Resist 0B Heal,64 00 00 00,100
Heartless Shadow (End of World?),xa_ex_2022.mdls,8,2C14C,Resist 0C Unknown,64 00 00 00,100
Heartless Shadow (End of World?),xa_ex_2022.mdls,8,2C150,Resist 0D Unknown,64 00 00 00,100
Heartless Shadow (End of World?),xa_ex_2022.mdls,8,2C154,Resist 0E Unknown,64 00 00 00,100
Heartless Shadow (End of World?),xa_ex_2022.mdls,8,2C158,Resist 0F Unknown,64 00 00 00,100
Heartless Shadow (End of World?),xa_ex_2022.mdls,8,2C15C,??? (+68),00 00 00 00,0
Heartless Shadow (End of World?),xa_ex_2022.mdls,9,2C160,HP,15 00 00 00,21
Heartless Shadow (End of World?),xa_ex_2022.mdls,9,2C164,ATK Level,09 00 00 00,9
Heartless Shadow (End of World?),xa_ex_2022.mdls,9,2C168,DEF Level,09 00 00 00,9
Heartless Shadow (End of World?),xa_ex_2022.mdls,9,2C16C,Min Damage Taken,04 00 00 00,4
Heartless Shadow (End of World?),xa_ex_2022.mdls,9,2C170,Max Damage Taken,2C 01 00 00,300
Heartless Shadow (End of World?),xa_ex_2022.mdls,9,2C174,MP Recovery On Hit,14 00 00 00,20
Heartless Shadow (End of World?),xa_ex_2022.mdls,9,2C178,Knockback Weight,00 00 80 3F,1
Heartless Shadow (End of World?),xa_ex_2022.mdls,9,2C17C,EXP,02 00 00 00,2
Heartless Shadow (End of World?),xa_ex_2022.mdls,9,2C180,??? (+20),8D 13 00 00,5005
Heartless Shadow (End of World?),xa_ex_2022.mdls,9,2C184,Outgoing Damage Multiplier,33 33 B3 3F,1.4
Heartless Shadow (End of World?),xa_ex_2022.mdls,9,2C188,Resist 00 Unknown,64 00 00 00,100
Heartless Shadow (End of World?),xa_ex_2022.mdls,9,2C18C,Resist 01 Physical,64 00 00 00,100
Heartless Shadow (End of World?),xa_ex_2022.mdls,9,2C190,Resist 02 Fire,64 00 00 00,100
Heartless Shadow (End of World?),xa_ex_2022.mdls,9,2C194,Resist 03 Blizzard,64 00 00 00,100
Heartless Shadow (End of World?),xa_ex_2022.mdls,9,2C198,Resist 04 Thunder,64 00 00 00,100
Heartless Shadow (End of World?),xa_ex_2022.mdls,9,2C19C,Resist 05 Unknown,64 00 00 00,100
Heartless Shadow (End of World?),xa_ex_2022.mdls,9,2C1A0,Resist 06 Unknown,64 00 00 00,100
Heartless Shadow (End of World?),xa_ex_2022.mdls,9,2C1A4,Resist 07 Unknown,64 00 00 00,100
Heartless Shadow (End of World?),xa_ex_2022.mdls,9,2C1A8,Resist 08 Percent HP,64 00 00 00,100
Heartless Shadow (End of World?),xa_ex_2022.mdls,9,2C1AC,Resist 09 Stop,64 00 00 00,100
Heartless Shadow (End of World?),xa_ex_2022.mdls,9,2C1B0,Resist 0A Stun,64 00 00 00,100
Heartless Shadow (End of World?),xa_ex_2022.mdls,9,2C1B4,Resist 0B Heal,64 00 00 00,100
Heartless Shadow (End of World?),xa_ex_2022.mdls,9,2C1B8,Resist 0C Unknown,64 00 00 00,100
Heartless Shadow (End of World?),xa_ex_2022.mdls,9,2C1BC,Resist 0D Unknown,64 00 00 00,100
Heartless Shadow (End of World?),xa_ex_2022.mdls,9,2C1C0,Resist 0E Unknown,64 00 00 00,100
Heartless Shadow (End of World?),xa_ex_2022.mdls,9,2C1C4,Resist 0F Unknown,64 00 00 00,100
Heartless Shadow (End of World?),xa_ex_2022.mdls,9,2C1C8,??? (+68),00 00 00 00,0
Heartless Shadow (End of World?),xa_ex_2022.mdls,10,2C1CC,HP,24 00 00 00,36
Heartless Shadow (End of World?),xa_ex_2022.mdls,10,2C1D0,ATK Level,0A 00 00 00,10
Heartless Shadow (End of World?),xa_ex_2022.mdls,10,2C1D4,DEF Level,0A 00 00 00,10
Heartless Shadow (End of World?),xa_ex_2022.mdls,10,2C1D8,Min Damage Taken,06 00 00 00,6
Heartless Shadow (End of World?),xa_ex_2022.mdls,10,2C1DC,Max Damage Taken,2C 01 00 00,300
Heartless Shadow (End of World?),xa_ex_2022.mdls,10,2C1E0,MP Recovery On Hit,19 00 00 00,25
Heartless Shadow (End of World?),xa_ex_2022.mdls,10,2C1E4,Knockback Weight,00 00 80 3F,1
Heartless Shadow (End of World?),xa_ex_2022.mdls,10,2C1E8,EXP,04 00 00 00,4
Heartless Shadow (End of World?),xa_ex_2022.mdls,10,2C1EC,??? (+20),8D 13 00 00,5005
Heartless Shadow (End of World?),xa_ex_2022.mdls,10,2C1F0,Outgoing Damage Multiplier,33 33 F3 3F,1.9
Heartless Shadow (End of World?),xa_ex_2022.mdls,10,2C1F4,Resist 00 Unknown,64 00 00 00,100
Heartless Shadow (End of World?),xa_ex_2022.mdls,10,2C1F8,Resist 01 Physical,64 00 00 00,100
Heartless Shadow (End of World?),xa_ex_2022.mdls,10,2C1FC,Resist 02 Fire,64 00 00 00,100
Heartless Shadow (End of World?),xa_ex_2022.mdls,10,2C200,Resist 03 Blizzard,64 00 00 00,100
Heartless Shadow (End of World?),xa_ex_2022.mdls,10,2C204,Resist 04 Thunder,64 00 00 00,100
Heartless Shadow (End of World?),xa_ex_2022.mdls,10,2C208,Resist 05 Unknown,64 00 00 00,100
Heartless Shadow (End of World?),xa_ex_2022.mdls,10,2C20C,Resist 06 Unknown,64 00 00 00,100
Heartless Shadow (End of World?),xa_ex_2022.mdls,10,2C210,Resist 07 Unknown,64 00 00 00,100
Heartless Shadow (End of World?),xa_ex_2022.mdls,10,2C214,Resist 08 Percent HP,64 00 00 00,100
Heartless Shadow (End of World?),xa_ex_2022.mdls,10,2C218,Resist 09 Stop,64 00 00 00,100
Heartless Shadow (End of World?),xa_ex_2022.mdls,10,2C21C,Resist 0A Stun,64 00 00 00,100
Heartless Shadow (End of World?),xa_ex_2022.mdls,10,2C220,Resist 0B Heal,64 00 00 00,100
Heartless Shadow (End of World?),xa_ex_2022.mdls,10,2C224,Resist 0C Unknown,64 00 00 00,100
Heartless Shadow (End of World?),xa_ex_2022.mdls,10,2C228,Resist 0D Unknown,64 00 00 00,100
Heartless Shadow (End of World?),xa_ex_2022.mdls,10,2C22C,Resist 0E Unknown,64 00 00 00,100
Heartless Shadow (End of World?),xa_ex_2022.mdls,10,2C230,Resist 0F Unknown,64 00 00 00,100
Heartless Shadow (End of World?),xa_ex_2022.mdls,10,2C234,??? (+68),00 00 00 00,0
Heartless Shadow (End of World?),xa_ex_2022.mdls,11,2C238,HP,24 00 00 00,36
Heartless Shadow (End of World?),xa_ex_2022.mdls,11,2C23C,ATK Level,0B 00 00 00,11
Heartless Shadow (End of World?),xa_ex_2022.mdls,11,2C240,DEF Level,0B 00 00 00,11
Heartless Shadow (End of World?),xa_ex_2022.mdls,11,2C244,Min Damage Taken,06 00 00 00,6
Heartless Shadow (End of World?),xa_ex_2022.mdls,11,2C248,Max Damage Taken,2C 01 00 00,300
Heartless Shadow (End of World?),xa_ex_2022.mdls,11,2C24C,MP Recovery On Hit,1C 00 00 00,28
Heartless Shadow (End of World?),xa_ex_2022.mdls,11,2C250,Knockback Weight,00 00 80 3F,1
Heartless Shadow (End of World?),xa_ex_2022.mdls,11,2C254,EXP,07 00 00 00,7
Heartless Shadow (End of World?),xa_ex_2022.mdls,11,2C258,??? (+20),8D 13 00 00,5005
Heartless Shadow (End of World?),xa_ex_2022.mdls,11,2C25C,Outgoing Damage Multiplier,33 33 F3 3F,1.9
Heartless Shadow (End of World?),xa_ex_2022.mdls,11,2C260,Resist 00 Unknown,64 00 00 00,100
Heartless Shadow (End of World?),xa_ex_2022.mdls,11,2C264,Resist 01 Physical,64 00 00 00,100
Heartless Shadow (End of World?),xa_ex_2022.mdls,11,2C268,Resist 02 Fire,64 00 00 00,100
Heartless Shadow (End of World?),xa_ex_2022.mdls,11,2C26C,Resist 03 Blizzard,64 00 00 00,100
Heartless Shadow (End of World?),xa_ex_2022.mdls,11,2C270,Resist 04 Thunder,64 00 00 00,100
Heartless Shadow (End of World?),xa_ex_2022.mdls,11,2C274,Resist 05 Unknown,64 00 00 00,100
Heartless Shadow (End of World?),xa_ex_2022.mdls,11,2C278,Resist 06 Unknown,64 00 00 00,100
Heartless Shadow (End of World?),xa_ex_2022.mdls,11,2C27C,Resist 07 Unknown,64 00 00 00,100
Heartless Shadow (End of World?),xa_ex_2022.mdls,11,2C280,Resist 08 Percent HP,64 00 00 00,100
Heartless Shadow (End of World?),xa_ex_2022.mdls,11,2C284,Resist 09 Stop,64 00 00 00,100
Heartless Shadow (End of World?),xa_ex_2022.mdls,11,2C288,Resist 0A Stun,64 00 00 00,100
Heartless Shadow (End of World?),xa_ex_2022.mdls,11,2C28C,Resist 0B Heal,64 00 00 00,100
Heartless Shadow (End of World?),xa_ex_2022.mdls,11,2C290,Resist 0C Unknown,64 00 00 00,100
Heartless Shadow (End of World?),xa_ex_2022.mdls,11,2C294,Resist 0D Unknown,64 00 00 00,100
Heartless Shadow (End of World?),xa_ex_2022.mdls,11,2C298,Resist 0E Unknown,64 00 00 00,100
Heartless Shadow (End of World?),xa_ex_2022.mdls,11,2C29C,Resist 0F Unknown,64 00 00 00,100
Heartless Shadow (End of World?),xa_ex_2022.mdls,11,2C2A0,??? (+68),00 00 00 00,0
Heartless Shadow (End of World?),xa_ex_2022.mdls,12,2C2A4,HP,27 00 00 00,39
Heartless Shadow (End of World?),xa_ex_2022.mdls,12,2C2A8,ATK Level,0C 00 00 00,12
Heartless Shadow (End of World?),xa_ex_2022.mdls,12,2C2AC,DEF Level,0C 00 00 00,12
Heartless Shadow (End of World?),xa_ex_2022.mdls,12,2C2B0,Min Damage Taken,07 00 00 00,7
Heartless Shadow (End of World?),xa_ex_2022.mdls,12,2C2B4,Max Damage Taken,2C 01 00 00,300
Heartless Shadow (End of World?),xa_ex_2022.mdls,12,2C2B8,MP Recovery On Hit,1D 00 00 00,29
Heartless Shadow (End of World?),xa_ex_2022.mdls,12,2C2BC,Knockback Weight,00 00 80 3F,1
Heartless Shadow (End of World?),xa_ex_2022.mdls,12,2C2C0,EXP,07 00 00 00,7
Heartless Shadow (End of World?),xa_ex_2022.mdls,12,2C2C4,??? (+20),8D 13 00 00,5005
Heartless Shadow (End of World?),xa_ex_2022.mdls,12,2C2C8,Outgoing Damage Multiplier,33 33 F3 3F,1.9
Heartless Shadow (End of World?),xa_ex_2022.mdls,12,2C2CC,Resist 00 Unknown,64 00 00 00,100
Heartless Shadow (End of World?),xa_ex_2022.mdls,12,2C2D0,Resist 01 Physical,64 00 00 00,100
Heartless Shadow (End of World?),xa_ex_2022.mdls,12,2C2D4,Resist 02 Fire,64 00 00 00,100
Heartless Shadow (End of World?),xa_ex_2022.mdls,12,2C2D8,Resist 03 Blizzard,64 00 00 00,100
Heartless Shadow (End of World?),xa_ex_2022.mdls,12,2C2DC,Resist 04 Thunder,64 00 00 00,100
Heartless Shadow (End of World?),xa_ex_2022.mdls,12,2C2E0,Resist 05 Unknown,64 00 00 00,100
Heartless Shadow (End of World?),xa_ex_2022.mdls,12,2C2E4,Resist 06 Unknown,64 00 00 00,100
Heartless Shadow (End of World?),xa_ex_2022.mdls,12,2C2E8,Resist 07 Unknown,64 00 00 00,100
Heartless Shadow (End of World?),xa_ex_2022.mdls,12,2C2EC,Resist 08 Percent HP,64 00 00 00,100
Heartless Shadow (End of World?),xa_ex_2022.mdls,12,2C2F0,Resist 09 Stop,64 00 00 00,100
Heartless Shadow (End of World?),xa_ex_2022.mdls,12,2C2F4,Resist 0A Stun,64 00 00 00,100
Heartless Shadow (End of World?),xa_ex_2022.mdls,12,2C2F8,Resist 0B Heal,64 00 00 00,100
Heartless Shadow (End of World?),xa_ex_2022.mdls,12,2C2FC,Resist 0C Unknown,64 00 00 00,100
Heartless Shadow (End of World?),xa_ex_2022.mdls,12,2C300,Resist 0D Unknown,64 00 00 00,100
Heartless Shadow (End of World?),xa_ex_2022.mdls,12,2C304,Resist 0E Unknown,64 00 00 00,100
Heartless Shadow (End of World?),xa_ex_2022.mdls,12,2C308,Resist 0F Unknown,64 00 00 00,100
Heartless Shadow (End of World?),xa_ex_2022.mdls,12,2C30C,??? (+68),00 00 00 00,0
Heartless Shadow (End of World?),xa_ex_2022.mdls,13,2C310,HP,27 00 00 00,39
Heartless Shadow (End of World?),xa_ex_2022.mdls,13,2C314,ATK Level,0D 00 00 00,13
Heartless Shadow (End of World?),xa_ex_2022.mdls,13,2C318,DEF Level,0D 00 00 00,13
Heartless Shadow (End of World?),xa_ex_2022.mdls,13,2C31C,Min Damage Taken,07 00 00 00,7
Heartless Shadow (End of World?),xa_ex_2022.mdls,13,2C320,Max Damage Taken,2C 01 00 00,300
Heartless Shadow (End of World?),xa_ex_2022.mdls,13,2C324,MP Recovery On Hit,20 00 00 00,32
Heartless Shadow (End of World?),xa_ex_2022.mdls,13,2C328,Knockback Weight,00 00 80 3F,1
Heartless Shadow (End of World?),xa_ex_2022.mdls,13,2C32C,EXP,06 00 00 00,6
Heartless Shadow (End of World?),xa_ex_2022.mdls,13,2C330,??? (+20),8D 13 00 00,5005
Heartless Shadow (End of World?),xa_ex_2022.mdls,13,2C334,Outgoing Damage Multiplier,33 33 F3 3F,1.9
Heartless Shadow (End of World?),xa_ex_2022.mdls,13,2C338,Resist 00 Unknown,64 00 00 00,100
Heartless Shadow (End of World?),xa_ex_2022.mdls,13,2C33C,Resist 01 Physical,64 00 00 00,100
Heartless Shadow (End of World?),xa_ex_2022.mdls,13,2C340,Resist 02 Fire,64 00 00 00,100
Heartless Shadow (End of World?),xa_ex_2022.mdls,13,2C344,Resist 03 Blizzard,64 00 00 00,100
Heartless Shadow (End of World?),xa_ex_2022.mdls,13,2C348,Resist 04 Thunder,64 00 00 00,100
Heartless Shadow (End of World?),xa_ex_2022.mdls,13,2C34C,Resist 05 Unknown,64 00 00 00,100
Heartless Shadow (End of World?),xa_ex_2022.mdls,13,2C350,Resist 06 Unknown,64 00 00 00,100
Heartless Shadow (End of World?),xa_ex_2022.mdls,13,2C354,Resist 07 Unknown,64 00 00 00,100
Heartless Shadow (End of World?),xa_ex_2022.mdls,13,2C358,Resist 08 Percent HP,64 00 00 00,100
Heartless Shadow (End of World?),xa_ex_2022.mdls,13,2C35C,Resist 09 Stop,64 00 00 00,100
Heartless Shadow (End of World?),xa_ex_2022.mdls,13,2C360,Resist 0A Stun,64 00 00 00,100
Heartless Shadow (End of World?),xa_ex_2022.mdls,13,2C364,Resist 0B Heal,64 00 00 00,100
Heartless Shadow (End of World?),xa_ex_2022.mdls,13,2C368,Resist 0C Unknown,64 00 00 00,100
Heartless Shadow (End of World?),xa_ex_2022.mdls,13,2C36C,Resist 0D Unknown,64 00 00 00,100
Heartless Shadow (End of World?),xa_ex_2022.mdls,13,2C370,Resist 0E Unknown,64 00 00 00,100
Heartless Shadow (End of World?),xa_ex_2022.mdls,13,2C374,Resist 0F Unknown,64 00 00 00,100
Heartless Shadow (End of World?),xa_ex_2022.mdls,13,2C378,??? (+68),00 00 00 00,0
Heartless Shadow (End of World?),xa_ex_2022.mdls,14,2C37C,HP,2A 00 00 00,42
Heartless Shadow (End of World?),xa_ex_2022.mdls,14,2C380,ATK Level,0E 00 00 00,14
Heartless Shadow (End of World?),xa_ex_2022.mdls,14,2C384,DEF Level,0E 00 00 00,14
Heartless Shadow (End of World?),xa_ex_2022.mdls,14,2C388,Min Damage Taken,07 00 00 00,7
Heartless Shadow (End of World?),xa_ex_2022.mdls,14,2C38C,Max Damage Taken,2C 01 00 00,300
Heartless Shadow (End of World?),xa_ex_2022.mdls,14,2C390,MP Recovery On Hit,24 00 00 00,36
Heartless Shadow (End of World?),xa_ex_2022.mdls,14,2C394,Knockback Weight,00 00 80 3F,1
Heartless Shadow (End of World?),xa_ex_2022.mdls,14,2C398,EXP,08 00 00 00,8
Heartless Shadow (End of World?),xa_ex_2022.mdls,14,2C39C,??? (+20),8D 13 00 00,5005
Heartless Shadow (End of World?),xa_ex_2022.mdls,14,2C3A0,Outgoing Damage Multiplier,33 33 F3 3F,1.9
Heartless Shadow (End of World?),xa_ex_2022.mdls,14,2C3A4,Resist 00 Unknown,64 00 00 00,100
Heartless Shadow (End of World?),xa_ex_2022.mdls,14,2C3A8,Resist 01 Physical,64 00 00 00,100
Heartless Shadow (End of World?),xa_ex_2022.mdls,14,2C3AC,Resist 02 Fire,64 00 00 00,100
Heartless Shadow (End of World?),xa_ex_2022.mdls,14,2C3B0,Resist 03 Blizzard,64 00 00 00,100
Heartless Shadow (End of World?),xa_ex_2022.mdls,14,2C3B4,Resist 04 Thunder,64 00 00 00,100
Heartless Shadow (End of World?),xa_ex_2022.mdls,14,2C3B8,Resist 05 Unknown,64 00 00 00,100
Heartless Shadow (End of World?),xa_ex_2022.mdls,14,2C3BC,Resist 06 Unknown,64 00 00 00,100
Heartless Shadow (End of World?),xa_ex_2022.mdls,14,2C3C0,Resist 07 Unknown,64 00 00 00,100
Heartless Shadow (End of World?),xa_ex_2022.mdls,14,2C3C4,Resist 08 Percent HP,64 00 00 00,100
Heartless Shadow (End of World?),xa_ex_2022.mdls,14,2C3C8,Resist 09 Stop,64 00 00 00,100
Heartless Shadow (End of World?),xa_ex_2022.mdls,14,2C3CC,Resist 0A Stun,64 00 00 00,100
Heartless Shadow (End of World?),xa_ex_2022.mdls,14,2C3D0,Resist 0B Heal,64 00 00 00,100
Heartless Shadow (End of World?),xa_ex_2022.mdls,14,2C3D4,Resist 0C Unknown,64 00 00 00,100
Heartless Shadow (End of World?),xa_ex_2022.mdls,14,2C3D8,Resist 0D Unknown,64 00 00 00,100
Heartless Shadow (End of World?),xa_ex_2022.mdls,14,2C3DC,Resist 0E Unknown,64 00 00 00,100
Heartless Shadow (End of World?),xa_ex_2022.mdls,14,2C3E0,Resist 0F Unknown,64 00 00 00,100
Heartless Shadow (End of World?),xa_ex_2022.mdls,14,2C3E4,??? (+68),00 00 00 00,0
Heartless Shadow (End of World?),xa_ex_2022.mdls,15,2C3E8,HP,2D 00 00 00,45
Heartless Shadow (End of World?),xa_ex_2022.mdls,15,2C3EC,ATK Level,0F 00 00 00,15
Heartless Shadow (End of World?),xa_ex_2022.mdls,15,2C3F0,DEF Level,0F 00 00 00,15
Heartless Shadow (End of World?),xa_ex_2022.mdls,15,2C3F4,Min Damage Taken,08 00 00 00,8
Heartless Shadow (End of World?),xa_ex_2022.mdls,15,2C3F8,Max Damage Taken,2C 01 00 00,300
Heartless Shadow (End of World?),xa_ex_2022.mdls,15,2C3FC,MP Recovery On Hit,26 00 00 00,38
Heartless Shadow (End of World?),xa_ex_2022.mdls,15,2C400,Knockback Weight,00 00 80 3F,1
Heartless Shadow (End of World?),xa_ex_2022.mdls,15,2C404,EXP,0D 00 00 00,13
Heartless Shadow (End of World?),xa_ex_2022.mdls,15,2C408,??? (+20),8D 13 00 00,5005
Heartless Shadow (End of World?),xa_ex_2022.mdls,15,2C40C,Outgoing Damage Multiplier,33 33 F3 3F,1.9
Heartless Shadow (End of World?),xa_ex_2022.mdls,15,2C410,Resist 00 Unknown,64 00 00 00,100
Heartless Shadow (End of World?),xa_ex_2022.mdls,15,2C414,Resist 01 Physical,64 00 00 00,100
Heartless Shadow (End of World?),xa_ex_2022.mdls,15,2C418,Resist 02 Fire,64 00 00 00,100
Heartless Shadow (End of World?),xa_ex_2022.mdls,15,2C41C,Resist 03 Blizzard,64 00 00 00,100
Heartless Shadow (End of World?),xa_ex_2022.mdls,15,2C420,Resist 04 Thunder,64 00 00 00,100
Heartless Shadow (End of World?),xa_ex_2022.mdls,15,2C424,Resist 05 Unknown,64 00 00 00,100
Heartless Shadow (End of World?),xa_ex_2022.mdls,15,2C428,Resist 06 Unknown,64 00 00 00,100
Heartless Shadow (End of World?),xa_ex_2022.mdls,15,2C42C,Resist 07 Unknown,64 00 00 00,100
Heartless Shadow (End of World?),xa_ex_2022.mdls,15,2C430,Resist 08 Percent HP,64 00 00 00,100
Heartless Shadow (End of World?),xa_ex_2022.mdls,15,2C434,Resist 09 Stop,64 00 00 00,100
Heartless Shadow (End of World?),xa_ex_2022.mdls,15,2C438,Resist 0A Stun,64 00 00 00,100
Heartless Shadow (End of World?),xa_ex_2022.mdls,15,2C43C,Resist 0B Heal,64 00 00 00,100
Heartless Shadow (End of World?),xa_ex_2022.mdls,15,2C440,Resist 0C Unknown,64 00 00 00,100
Heartless Shadow (End of World?),xa_ex_2022.mdls,15,2C444,Resist 0D Unknown,64 00 00 00,100
Heartless Shadow (End of World?),xa_ex_2022.mdls,15,2C448,Resist 0E Unknown,64 00 00 00,100
Heartless Shadow (End of World?),xa_ex_2022.mdls,15,2C44C,Resist 0F Unknown,64 00 00 00,100
Heartless Shadow (End of World?),xa_ex_2022.mdls,15,2C450,??? (+68),00 00 00 00,0
Heartless Shadow (End of World?),xa_ex_2022.mdls,16,2C454,HP,36 00 00 00,54
Heartless Shadow (End of World?),xa_ex_2022.mdls,16,2C458,ATK Level,10 00 00 00,16
Heartless Shadow (End of World?),xa_ex_2022.mdls,16,2C45C,DEF Level,10 00 00 00,16
Heartless Shadow (End of World?),xa_ex_2022.mdls,16,2C460,Min Damage Taken,09 00 00 00,9
Heartless Shadow (End of World?),xa_ex_2022.mdls,16,2C464,Max Damage Taken,2C 01 00 00,300
Heartless Shadow (End of World?),xa_ex_2022.mdls,16,2C468,MP Recovery On Hit,28 00 00 00,40
Heartless Shadow (End of World?),xa_ex_2022.mdls,16,2C46C,Knockback Weight,00 00 80 3F,1
Heartless Shadow (End of World?),xa_ex_2022.mdls,16,2C470,EXP,10 00 00 00,16
Heartless Shadow (End of World?),xa_ex_2022.mdls,16,2C474,??? (+20),8D 13 00 00,5005
Heartless Shadow (End of World?),xa_ex_2022.mdls,16,2C478,Outgoing Damage Multiplier,9A 99 39 40,2.9
Heartless Shadow (End of World?),xa_ex_2022.mdls,16,2C47C,Resist 00 Unknown,64 00 00 00,100
Heartless Shadow (End of World?),xa_ex_2022.mdls,16,2C480,Resist 01 Physical,64 00 00 00,100
Heartless Shadow (End of World?),xa_ex_2022.mdls,16,2C484,Resist 02 Fire,64 00 00 00,100
Heartless Shadow (End of World?),xa_ex_2022.mdls,16,2C488,Resist 03 Blizzard,64 00 00 00,100
Heartless Shadow (End of World?),xa_ex_2022.mdls,16,2C48C,Resist 04 Thunder,64 00 00 00,100
Heartless Shadow (End of World?),xa_ex_2022.mdls,16,2C490,Resist 05 Unknown,64 00 00 00,100
Heartless Shadow (End of World?),xa_ex_2022.mdls,16,2C494,Resist 06 Unknown,64 00 00 00,100
Heartless Shadow (End of World?),xa_ex_2022.mdls,16,2C498,Resist 07 Unknown,64 00 00 00,100
Heartless Shadow (End of World?),xa_ex_2022.mdls,16,2C49C,Resist 08 Percent HP,64 00 00 00,100
Heartless Shadow (End of World?),xa_ex_2022.mdls,16,2C4A0,Resist 09 Stop,64 00 00 00,100
Heartless Shadow (End of World?),xa_ex_2022.mdls,16,2C4A4,Resist 0A Stun,64 00 00 00,100
Heartless Shadow (End of World?),xa_ex_2022.mdls,16,2C4A8,Resist 0B Heal,64 00 00 00,100
Heartless Shadow (End of World?),xa_ex_2022.mdls,16,2C4AC,Resist 0C Unknown,64 00 00 00,100
Heartless Shadow (End of World?),xa_ex_2022.mdls,16,2C4B0,Resist 0D Unknown,64 00 00 00,100
Heartless Shadow (End of World?),xa_ex_2022.mdls,16,2C4B4,Resist 0E Unknown,64 00 00 00,100
Heartless Shadow (End of World?),xa_ex_2022.mdls,16,2C4B8,Resist 0F Unknown,64 00 00 00,100
Heartless Shadow (End of World?),xa_ex_2022.mdls,16,2C4BC,??? (+68),00 00 00 00,0
Heartless Shadow (End of World?),xa_ex_2022.mdls,17,2C4C0,HP,3C 00 00 00,60
Heartless Shadow (End of World?),xa_ex_2022.mdls,17,2C4C4,ATK Level,11 00 00 00,17
Heartless Shadow (End of World?),xa_ex_2022.mdls,17,2C4C8,DEF Level,11 00 00 00,17
Heartless Shadow (End of World?),xa_ex_2022.mdls,17,2C4CC,Min Damage Taken,0A 00 00 00,10
Heartless Shadow (End of World?),xa_ex_2022.mdls,17,2C4D0,Max Damage Taken,2C 01 00 00,300
Heartless Shadow (End of World?),xa_ex_2022.mdls,17,2C4D4,MP Recovery On Hit,2D 00 00 00,45
Heartless Shadow (End of World?),xa_ex_2022.mdls,17,2C4D8,Knockback Weight,00 00 80 3F,1
Heartless Shadow (End of World?),xa_ex_2022.mdls,17,2C4DC,EXP,1E 00 00 00,30
Heartless Shadow (End of World?),xa_ex_2022.mdls,17,2C4E0,??? (+20),8D 13 00 00,5005
Heartless Shadow (End of World?),xa_ex_2022.mdls,17,2C4E4,Outgoing Damage Multiplier,9A 99 39 40,2.9
Heartless Shadow (End of World?),xa_ex_2022.mdls,17,2C4E8,Resist 00 Unknown,64 00 00 00,100
Heartless Shadow (End of World?),xa_ex_2022.mdls,17,2C4EC,Resist 01 Physical,64 00 00 00,100
Heartless Shadow (End of World?),xa_ex_2022.mdls,17,2C4F0,Resist 02 Fire,64 00 00 00,100
Heartless Shadow (End of World?),xa_ex_2022.mdls,17,2C4F4,Resist 03 Blizzard,64 00 00 00,100
Heartless Shadow (End of World?),xa_ex_2022.mdls,17,2C4F8,Resist 04 Thunder,64 00 00 00,100
Heartless Shadow (End of World?),xa_ex_2022.mdls,17,2C4FC,Resist 05 Unknown,64 00 00 00,100
Heartless Shadow (End of World?),xa_ex_2022.mdls,17,2C500,Resist 06 Unknown,64 00 00 00,100
Heartless Shadow (End of World?),xa_ex_2022.mdls,17,2C504,Resist 07 Unknown,64 00 00 00,100
Heartless Shadow (End of World?),xa_ex_2022.mdls,17,2C508,Resist 08 Percent HP,50 00 00 00,80
Heartless Shadow (End of World?),xa_ex_2022.mdls,17,2C50C,Resist 09 Stop,3C 00 00 00,60
Heartless Shadow (End of World?),xa_ex_2022.mdls,17,2C510,Resist 0A Stun,64 00 00 00,100
Heartless Shadow (End of World?),xa_ex_2022.mdls,17,2C514,Resist 0B Heal,64 00 00 00,100
Heartless Shadow (End of World?),xa_ex_2022.mdls,17,2C518,Resist 0C Unknown,64 00 00 00,100
Heartless Shadow (End of World?),xa_ex_2022.mdls,17,2C51C,Resist 0D Unknown,64 00 00 00,100
Heartless Shadow (End of World?),xa_ex_2022.mdls,17,2C520,Resist 0E Unknown,64 00 00 00,100
Heartless Shadow (End of World?),xa_ex_2022.mdls,17,2C524,Resist 0F Unknown,64 00 00 00,100
Heartless Shadow (End of World?),xa_ex_2022.mdls,17,2C528,??? (+68),00 00 00 00,0
Heartless Shadow (End of World?),xa_ex_2022.mdls,18,2C52C,HP,3C 00 00 00,60
Heartless Shadow (End of World?),xa_ex_2022.mdls,18,2C530,ATK Level,12 00 00 00,18
Heartless Shadow (End of World?),xa_ex_2022.mdls,18,2C534,DEF Level,12 00 00 00,18
Heartless Shadow (End of World?),xa_ex_2022.mdls,18,2C538,Min Damage Taken,0A 00 00 00,10
Heartless Shadow (End of World?),xa_ex_2022.mdls,18,2C53C,Max Damage Taken,2C 01 00 00,300
Heartless Shadow (End of World?),xa_ex_2022.mdls,18,2C540,MP Recovery On Hit,35 00 00 00,53
Heartless Shadow (End of World?),xa_ex_2022.mdls,18,2C544,Knockback Weight,00 00 80 3F,1
Heartless Shadow (End of World?),xa_ex_2022.mdls,18,2C548,EXP,1E 00 00 00,30
Heartless Shadow (End of World?),xa_ex_2022.mdls,18,2C54C,??? (+20),8D 13 00 00,5005
Heartless Shadow (End of World?),xa_ex_2022.mdls,18,2C550,Outgoing Damage Multiplier,9A 99 79 40,3.9
Heartless Shadow (End of World?),xa_ex_2022.mdls,18,2C554,Resist 00 Unknown,64 00 00 00,100
Heartless Shadow (End of World?),xa_ex_2022.mdls,18,2C558,Resist 01 Physical,64 00 00 00,100
Heartless Shadow (End of World?),xa_ex_2022.mdls,18,2C55C,Resist 02 Fire,64 00 00 00,100
Heartless Shadow (End of World?),xa_ex_2022.mdls,18,2C560,Resist 03 Blizzard,64 00 00 00,100
Heartless Shadow (End of World?),xa_ex_2022.mdls,18,2C564,Resist 04 Thunder,64 00 00 00,100
Heartless Shadow (End of World?),xa_ex_2022.mdls,18,2C568,Resist 05 Unknown,64 00 00 00,100
Heartless Shadow (End of World?),xa_ex_2022.mdls,18,2C56C,Resist 06 Unknown,64 00 00 00,100
Heartless Shadow (End of World?),xa_ex_2022.mdls,18,2C570,Resist 07 Unknown,64 00 00 00,100
Heartless Shadow (End of World?),xa_ex_2022.mdls,18,2C574,Resist 08 Percent HP,50 00 00 00,80
Heartless Shadow (End of World?),xa_ex_2022.mdls,18,2C578,Resist 09 Stop,3C 00 00 00,60
Heartless Shadow (End of World?),xa_ex_2022.mdls,18,2C57C,Resist 0A Stun,64 00 00 00,100
Heartless Shadow (End of World?),xa_ex_2022.mdls,18,2C580,Resist 0B Heal,64 00 00 00,100
Heartless Shadow (End of World?),xa_ex_2022.mdls,18,2C584,Resist 0C Unknown,64 00 00 00,100
Heartless Shadow (End of World?),xa_ex_2022.mdls,18,2C588,Resist 0D Unknown,64 00 00 00,100
Heartless Shadow (End of World?),xa_ex_2022.mdls,18,2C58C,Resist 0E Unknown,64 00 00 00,100
Heartless Shadow (End of World?),xa_ex_2022.mdls,18,2C590,Resist 0F Unknown,64 00 00 00,100
Heartless Shadow (End of World?),xa_ex_2022.mdls,18,2C594,??? (+68),00 00 00 00,0
Heartless Shadow (End of World?),xa_ex_2022.mdls,19,2C598,HP,3C 00 00 00,60
Heartless Shadow (End of World?),xa_ex_2022.mdls,19,2C59C,ATK Level,11 00 00 00,17
Heartless Shadow (End of World?),xa_ex_2022.mdls,19,2C5A0,DEF Level,11 00 00 00,17
Heartless Shadow (End of World?),xa_ex_2022.mdls,19,2C5A4,Min Damage Taken,0A 00 00 00,10
Heartless Shadow (End of World?),xa_ex_2022.mdls,19,2C5A8,Max Damage Taken,32 00 00 00,50
Heartless Shadow (End of World?),xa_ex_2022.mdls,19,2C5AC,MP Recovery On Hit,35 00 00 00,53
Heartless Shadow (End of World?),xa_ex_2022.mdls,19,2C5B0,Knockback Weight,00 00 80 3F,1
Heartless Shadow (End of World?),xa_ex_2022.mdls,19,2C5B4,EXP,1E 00 00 00,30
Heartless Shadow (End of World?),xa_ex_2022.mdls,19,2C5B8,??? (+20),8D 13 00 00,5005
Heartless Shadow (End of World?),xa_ex_2022.mdls,19,2C5BC,Outgoing Damage Multiplier,9A 99 79 40,3.9
Heartless Shadow (End of World?),xa_ex_2022.mdls,19,2C5C0,Resist 00 Unknown,64 00 00 00,100
Heartless Shadow (End of World?),xa_ex_2022.mdls,19,2C5C4,Resist 01 Physical,64 00 00 00,100
Heartless Shadow (End of World?),xa_ex_2022.mdls,19,2C5C8,Resist 02 Fire,64 00 00 00,100
Heartless Shadow (End of World?),xa_ex_2022.mdls,19,2C5CC,Resist 03 Blizzard,64 00 00 00,100
Heartless Shadow (End of World?),xa_ex_2022.mdls,19,2C5D0,Resist 04 Thunder,64 00 00 00,100
Heartless Shadow (End of World?),xa_ex_2022.mdls,19,2C5D4,Resist 05 Unknown,64 00 00 00,100
Heartless Shadow (End of World?),xa_ex_2022.mdls,19,2C5D8,Resist 06 Unknown,64 00 00 00,100
Heartless Shadow (End of World?),xa_ex_2022.mdls,19,2C5DC,Resist 07 Unknown,64 00 00 00,100
Heartless Shadow (End of World?),xa_ex_2022.mdls,19,2C5E0,Resist 08 Percent HP,50 00 00 00,80
Heartless Shadow (End of World?),xa_ex_2022.mdls,19,2C5E4,Resist 09 Stop,3C 00 00 00,60
Heartless Shadow (End of World?),xa_ex_2022.mdls,19,2C5E8,Resist 0A Stun,64 00 00 00,100
Heartless Shadow (End of World?),xa_ex_2022.mdls,19,2C5EC,Resist 0B Heal,64 00 00 00,100
Heartless Shadow (End of World?),xa_ex_2022.mdls,19,2C5F0,Resist 0C Unknown,64 00 00 00,100
Heartless Shadow (End of World?),xa_ex_2022.mdls,19,2C5F4,Resist 0D Unknown,64 00 00 00,100
Heartless Shadow (End of World?),xa_ex_2022.mdls,19,2C5F8,Resist 0E Unknown,64 00 00 00,100
Heartless Shadow (End of World?),xa_ex_2022.mdls,19,2C5FC,Resist 0F Unknown,64 00 00 00,100
Heartless Shadow (End of World?),xa_ex_2022.mdls,19,2C600,??? (+68),00 00 00 00,0
Heartless Powerwild,xa_ex_2030.mdls,0,53D94,HP,1E 00 00 00,30
Heartless Powerwild,xa_ex_2030.mdls,0,53D98,ATK Level,06 00 00 00,6
Heartless Powerwild,xa_ex_2030.mdls,0,53D9C,DEF Level,06 00 00 00,6
Heartless Powerwild,xa_ex_2030.mdls,0,53DA0,Min Damage Taken,03 00 00 00,3
Heartless Powerwild,xa_ex_2030.mdls,0,53DA4,Max Damage Taken,2C 01 00 00,300
Heartless Powerwild,xa_ex_2030.mdls,0,53DA8,MP Recovery On Hit,0F 00 00 00,15
Heartless Powerwild,xa_ex_2030.mdls,0,53DAC,Knockback Weight,00 00 80 3F,1
Heartless Powerwild,xa_ex_2030.mdls,0,53DB0,EXP,04 00 00 00,4
Heartless Powerwild,xa_ex_2030.mdls,0,53DB4,??? (+20),91 13 00 00,5009
Heartless Powerwild,xa_ex_2030.mdls,0,53DB8,Outgoing Damage Multiplier,00 00 80 3F,1
Heartless Powerwild,xa_ex_2030.mdls,0,53DBC,Resist 00 Unknown,64 00 00 00,100
Heartless Powerwild,xa_ex_2030.mdls,0,53DC0,Resist 01 Physical,64 00 00 00,100
Heartless Powerwild,xa_ex_2030.mdls,0,53DC4,Resist 02 Fire,64 00 00 00,100
Heartless Powerwild,xa_ex_2030.mdls,0,53DC8,Resist 03 Blizzard,64 00 00 00,100
Heartless Powerwild,xa_ex_2030.mdls,0,53DCC,Resist 04 Thunder,64 00 00 00,100
Heartless Powerwild,xa_ex_2030.mdls,0,53DD0,Resist 05 Unknown,64 00 00 00,100
Heartless Powerwild,xa_ex_2030.mdls,0,53DD4,Resist 06 Unknown,64 00 00 00,100
Heartless Powerwild,xa_ex_2030.mdls,0,53DD8,Resist 07 Unknown,64 00 00 00,100
Heartless Powerwild,xa_ex_2030.mdls,0,53DDC,Resist 08 Percent HP,64 00 00 00,100
Heartless Powerwild,xa_ex_2030.mdls,0,53DE0,Resist 09 Stop,64 00 00 00,100
Heartless Powerwild,xa_ex_2030.mdls,0,53DE4,Resist 0A Stun,64 00 00 00,100
Heartless Powerwild,xa_ex_2030.mdls,0,53DE8,Resist 0B Heal,64 00 00 00,100
Heartless Powerwild,xa_ex_2030.mdls,0,53DEC,Resist 0C Unknown,64 00 00 00,100
Heartless Powerwild,xa_ex_2030.mdls,0,53DF0,Resist 0D Unknown,64 00 00 00,100
Heartless Powerwild,xa_ex_2030.mdls,0,53DF4,Resist 0E Unknown,64 00 00 00,100
Heartless Powerwild,xa_ex_2030.mdls,0,53DF8,Resist 0F Unknown,64 00 00 00,100
Heartless Powerwild,xa_ex_2030.mdls,0,53DFC,??? (+68),00 00 00 00,0
Heartless Powerwild,xa_ex_2030.mdls,1,53E00,HP,78 00 00 00,120
Heartless Powerwild,xa_ex_2030.mdls,1,53E04,ATK Level,11 00 00 00,17
Heartless Powerwild,xa_ex_2030.mdls,1,53E08,DEF Level,11 00 00 00,17
Heartless Powerwild,xa_ex_2030.mdls,1,53E0C,Min Damage Taken,08 00 00 00,8
Heartless Powerwild,xa_ex_2030.mdls,1,53E10,Max Damage Taken,2C 01 00 00,300
Heartless Powerwild,xa_ex_2030.mdls,1,53E14,MP Recovery On Hit,2F 00 00 00,47
Heartless Powerwild,xa_ex_2030.mdls,1,53E18,Knockback Weight,00 00 80 3F,1
Heartless Powerwild,xa_ex_2030.mdls,1,53E1C,EXP,5A 00 00 00,90
Heartless Powerwild,xa_ex_2030.mdls,1,53E20,??? (+20),91 13 00 00,5009
Heartless Powerwild,xa_ex_2030.mdls,1,53E24,Outgoing Damage Multiplier,00 00 C0 3F,1.5
Heartless Powerwild,xa_ex_2030.mdls,1,53E28,Resist 00 Unknown,64 00 00 00,100
Heartless Powerwild,xa_ex_2030.mdls,1,53E2C,Resist 01 Physical,64 00 00 00,100
Heartless Powerwild,xa_ex_2030.mdls,1,53E30,Resist 02 Fire,64 00 00 00,100
Heartless Powerwild,xa_ex_2030.mdls,1,53E34,Resist 03 Blizzard,64 00 00 00,100
Heartless Powerwild,xa_ex_2030.mdls,1,53E38,Resist 04 Thunder,64 00 00 00,100
Heartless Powerwild,xa_ex_2030.mdls,1,53E3C,Resist 05 Unknown,64 00 00 00,100
Heartless Powerwild,xa_ex_2030.mdls,1,53E40,Resist 06 Unknown,64 00 00 00,100
Heartless Powerwild,xa_ex_2030.mdls,1,53E44,Resist 07 Unknown,64 00 00 00,100
Heartless Powerwild,xa_ex_2030.mdls,1,53E48,Resist 08 Percent HP,50 00 00 00,80
Heartless Powerwild,xa_ex_2030.mdls,1,53E4C,Resist 09 Stop,3C 00 00 00,60
Heartless Powerwild,xa_ex_2030.mdls,1,53E50,Resist 0A Stun,64 00 00 00,100
Heartless Powerwild,xa_ex_2030.mdls,1,53E54,Resist 0B Heal,64 00 00 00,100
Heartless Powerwild,xa_ex_2030.mdls,1,53E58,Resist 0C Unknown,64 00 00 00,100
Heartless Powerwild,xa_ex_2030.mdls,1,53E5C,Resist 0D Unknown,64 00 00 00,100
Heartless Powerwild,xa_ex_2030.mdls,1,53E60,Resist 0E Unknown,64 00 00 00,100
Heartless Powerwild,xa_ex_2030.mdls,1,53E64,Resist 0F Unknown,64 00 00 00,100
Heartless Powerwild,xa_ex_2030.mdls,1,53E68,??? (+68),00 00 00 00,0
Heartless Bouncywild,xa_ex_2040.mdls,0,67F14,HP,12 00 00 00,18
Heartless Bouncywild,xa_ex_2040.mdls,0,67F18,ATK Level,06 00 00 00,6
Heartless Bouncywild,xa_ex_2040.mdls,0,67F1C,DEF Level,06 00 00 00,6
Heartless Bouncywild,xa_ex_2040.mdls,0,67F20,Min Damage Taken,03 00 00 00,3
Heartless Bouncywild,xa_ex_2040.mdls,0,67F24,Max Damage Taken,2C 01 00 00,300
Heartless Bouncywild,xa_ex_2040.mdls,0,67F28,MP Recovery On Hit,0D 00 00 00,13
Heartless Bouncywild,xa_ex_2040.mdls,0,67F2C,Knockback Weight,00 00 80 3F,1
Heartless Bouncywild,xa_ex_2040.mdls,0,67F30,EXP,02 00 00 00,2
Heartless Bouncywild,xa_ex_2040.mdls,0,67F34,??? (+20),95 13 00 00,5013
Heartless Bouncywild,xa_ex_2040.mdls,0,67F38,Outgoing Damage Multiplier,00 00 80 3F,1
Heartless Bouncywild,xa_ex_2040.mdls,0,67F3C,Resist 00 Unknown,64 00 00 00,100
Heartless Bouncywild,xa_ex_2040.mdls,0,67F40,Resist 01 Physical,64 00 00 00,100
Heartless Bouncywild,xa_ex_2040.mdls,0,67F44,Resist 02 Fire,64 00 00 00,100
Heartless Bouncywild,xa_ex_2040.mdls,0,67F48,Resist 03 Blizzard,64 00 00 00,100
Heartless Bouncywild,xa_ex_2040.mdls,0,67F4C,Resist 04 Thunder,64 00 00 00,100
Heartless Bouncywild,xa_ex_2040.mdls,0,67F50,Resist 05 Unknown,64 00 00 00,100
Heartless Bouncywild,xa_ex_2040.mdls,0,67F54,Resist 06 Unknown,64 00 00 00,100
Heartless Bouncywild,xa_ex_2040.mdls,0,67F58,Resist 07 Unknown,64 00 00 00,100
Heartless Bouncywild,xa_ex_2040.mdls,0,67F5C,Resist 08 Percent HP,64 00 00 00,100
Heartless Bouncywild,xa_ex_2040.mdls,0,67F60,Resist 09 Stop,64 00 00 00,100
Heartless Bouncywild,xa_ex_2040.mdls,0,67F64,Resist 0A Stun,64 00 00 00,100
Heartless Bouncywild,xa_ex_2040.mdls,0,67F68,Resist 0B Heal,64 00 00 00,100
Heartless Bouncywild,xa_ex_2040.mdls,0,67F6C,Resist 0C Unknown,64 00 00 00,100
Heartless Bouncywild,xa_ex_2040.mdls,0,67F70,Resist 0D Unknown,64 00 00 00,100
Heartless Bouncywild,xa_ex_2040.mdls,0,67F74,Resist 0E Unknown,64 00 00 00,100
Heartless Bouncywild,xa_ex_2040.mdls,0,67F78,Resist 0F Unknown,64 00 00 00,100
Heartless Bouncywild,xa_ex_2040.mdls,0,67F7C,??? (+68),00 00 00 00,0
Heartless Bouncywild,xa_ex_2040.mdls,1,67F80,HP,5A 00 00 00,90
Heartless Bouncywild,xa_ex_2040.mdls,1,67F84,ATK Level,11 00 00 00,17
Heartless Bouncywild,xa_ex_2040.mdls,1,67F88,DEF Level,11 00 00 00,17
Heartless Bouncywild,xa_ex_2040.mdls,1,67F8C,Min Damage Taken,0A 00 00 00,10
Heartless Bouncywild,xa_ex_2040.mdls,1,67F90,Max Damage Taken,2C 01 00 00,300
Heartless Bouncywild,xa_ex_2040.mdls,1,67F94,MP Recovery On Hit,2F 00 00 00,47
Heartless Bouncywild,xa_ex_2040.mdls,1,67F98,Knockback Weight,00 00 80 3F,1
Heartless Bouncywild,xa_ex_2040.mdls,1,67F9C,EXP,3C 00 00 00,60
Heartless Bouncywild,xa_ex_2040.mdls,1,67FA0,??? (+20),95 13 00 00,5013
Heartless Bouncywild,xa_ex_2040.mdls,1,67FA4,Outgoing Damage Multiplier,00 00 C0 3F,1.5
Heartless Bouncywild,xa_ex_2040.mdls,1,67FA8,Resist 00 Unknown,64 00 00 00,100
Heartless Bouncywild,xa_ex_2040.mdls,1,67FAC,Resist 01 Physical,64 00 00 00,100
Heartless Bouncywild,xa_ex_2040.mdls,1,67FB0,Resist 02 Fire,64 00 00 00,100
Heartless Bouncywild,xa_ex_2040.mdls,1,67FB4,Resist 03 Blizzard,64 00 00 00,100
Heartless Bouncywild,xa_ex_2040.mdls,1,67FB8,Resist 04 Thunder,64 00 00 00,100
Heartless Bouncywild,xa_ex_2040.mdls,1,67FBC,Resist 05 Unknown,64 00 00 00,100
Heartless Bouncywild,xa_ex_2040.mdls,1,67FC0,Resist 06 Unknown,64 00 00 00,100
Heartless Bouncywild,xa_ex_2040.mdls,1,67FC4,Resist 07 Unknown,64 00 00 00,100
Heartless Bouncywild,xa_ex_2040.mdls,1,67FC8,Resist 08 Percent HP,50 00 00 00,80
Heartless Bouncywild,xa_ex_2040.mdls,1,67FCC,Resist 09 Stop,3C 00 00 00,60
Heartless Bouncywild,xa_ex_2040.mdls,1,67FD0,Resist 0A Stun,64 00 00 00,100
Heartless Bouncywild,xa_ex_2040.mdls,1,67FD4,Resist 0B Heal,64 00 00 00,100
Heartless Bouncywild,xa_ex_2040.mdls,1,67FD8,Resist 0C Unknown,64 00 00 00,100
Heartless Bouncywild,xa_ex_2040.mdls,1,67FDC,Resist 0D Unknown,64 00 00 00,100
Heartless Bouncywild,xa_ex_2040.mdls,1,67FE0,Resist 0E Unknown,64 00 00 00,100
Heartless Bouncywild,xa_ex_2040.mdls,1,67FE4,Resist 0F Unknown,64 00 00 00,100
Heartless Bouncywild,xa_ex_2040.mdls,1,67FE8,??? (+68),00 00 00 00,0
Heartless Large Body,xa_ex_2050.mdls,0,9B014,HP,A0 00 00 00,160
Heartless Large Body,xa_ex_2050.mdls,0,9B018,ATK Level,05 00 00 00,5
Heartless Large Body,xa_ex_2050.mdls,0,9B01C,DEF Level,05 00 00 00,5
Heartless Large Body,xa_ex_2050.mdls,0,9B020,Min Damage Taken,06 00 00 00,6
Heartless Large Body,xa_ex_2050.mdls,0,9B024,Max Damage Taken,90 00 00 00,144
Heartless Large Body,xa_ex_2050.mdls,0,9B028,MP Recovery On Hit,0F 00 00 00,15
Heartless Large Body,xa_ex_2050.mdls,0,9B02C,Knockback Weight,00 00 80 3F,1
Heartless Large Body,xa_ex_2050.mdls,0,9B030,EXP,07 00 00 00,7
Heartless Large Body,xa_ex_2050.mdls,0,9B034,??? (+20),99 13 00 00,5017
Heartless Large Body,xa_ex_2050.mdls,0,9B038,Outgoing Damage Multiplier,00 00 80 3F,1
Heartless Large Body,xa_ex_2050.mdls,0,9B03C,Resist 00 Unknown,64 00 00 00,100
Heartless Large Body,xa_ex_2050.mdls,0,9B040,Resist 01 Physical,64 00 00 00,100
Heartless Large Body,xa_ex_2050.mdls,0,9B044,Resist 02 Fire,64 00 00 00,100
Heartless Large Body,xa_ex_2050.mdls,0,9B048,Resist 03 Blizzard,64 00 00 00,100
Heartless Large Body,xa_ex_2050.mdls,0,9B04C,Resist 04 Thunder,64 00 00 00,100
Heartless Large Body,xa_ex_2050.mdls,0,9B050,Resist 05 Unknown,64 00 00 00,100
Heartless Large Body,xa_ex_2050.mdls,0,9B054,Resist 06 Unknown,64 00 00 00,100
Heartless Large Body,xa_ex_2050.mdls,0,9B058,Resist 07 Unknown,64 00 00 00,100
Heartless Large Body,xa_ex_2050.mdls,0,9B05C,Resist 08 Percent HP,64 00 00 00,100
Heartless Large Body,xa_ex_2050.mdls,0,9B060,Resist 09 Stop,64 00 00 00,100
Heartless Large Body,xa_ex_2050.mdls,0,9B064,Resist 0A Stun,64 00 00 00,100
Heartless Large Body,xa_ex_2050.mdls,0,9B068,Resist 0B Heal,64 00 00 00,100
Heartless Large Body,xa_ex_2050.mdls,0,9B06C,Resist 0C Unknown,64 00 00 00,100
Heartless Large Body,xa_ex_2050.mdls,0,9B070,Resist 0D Unknown,64 00 00 00,100
Heartless Large Body,xa_ex_2050.mdls,0,9B074,Resist 0E Unknown,64 00 00 00,100
Heartless Large Body,xa_ex_2050.mdls,0,9B078,Resist 0F Unknown,64 00 00 00,100
Heartless Large Body,xa_ex_2050.mdls,0,9B07C,??? (+68),00 00 00 00,0
Heartless Large Body,xa_ex_2050.mdls,1,9B080,HP,2C 01 00 00,300
Heartless Large Body,xa_ex_2050.mdls,1,9B084,ATK Level,11 00 00 00,17
Heartless Large Body,xa_ex_2050.mdls,1,9B088,DEF Level,11 00 00 00,17
Heartless Large Body,xa_ex_2050.mdls,1,9B08C,Min Damage Taken,0A 00 00 00,10
Heartless Large Body,xa_ex_2050.mdls,1,9B090,Max Damage Taken,0E 01 00 00,270
Heartless Large Body,xa_ex_2050.mdls,1,9B094,MP Recovery On Hit,31 00 00 00,49
Heartless Large Body,xa_ex_2050.mdls,1,9B098,Knockback Weight,00 00 80 3F,1
Heartless Large Body,xa_ex_2050.mdls,1,9B09C,EXP,B4 00 00 00,180
Heartless Large Body,xa_ex_2050.mdls,1,9B0A0,??? (+20),99 13 00 00,5017
Heartless Large Body,xa_ex_2050.mdls,1,9B0A4,Outgoing Damage Multiplier,9A 99 19 40,2.4
Heartless Large Body,xa_ex_2050.mdls,1,9B0A8,Resist 00 Unknown,64 00 00 00,100
Heartless Large Body,xa_ex_2050.mdls,1,9B0AC,Resist 01 Physical,64 00 00 00,100
Heartless Large Body,xa_ex_2050.mdls,1,9B0B0,Resist 02 Fire,64 00 00 00,100
Heartless Large Body,xa_ex_2050.mdls,1,9B0B4,Resist 03 Blizzard,64 00 00 00,100
Heartless Large Body,xa_ex_2050.mdls,1,9B0B8,Resist 04 Thunder,64 00 00 00,100
Heartless Large Body,xa_ex_2050.mdls,1,9B0BC,Resist 05 Unknown,64 00 00 00,100
Heartless Large Body,xa_ex_2050.mdls,1,9B0C0,Resist 06 Unknown,64 00 00 00,100
Heartless Large Body,xa_ex_2050.mdls,1,9B0C4,Resist 07 Unknown,64 00 00 00,100
Heartless Large Body,xa_ex_2050.mdls,1,9B0C8,Resist 08 Percent HP,50 00 00 00,80
Heartless Large Body,xa_ex_2050.mdls,1,9B0CC,Resist 09 Stop,3C 00 00 00,60
Heartless Large Body,xa_ex_2050.mdls,1,9B0D0,Resist 0A Stun,64 00 00 00,100
Heartless Large Body,xa_ex_2050.mdls,1,9B0D4,Resist 0B Heal,64 00 00 00,100
Heartless Large Body,xa_ex_2050.mdls,1,9B0D8,Resist 0C Unknown,64 00 00 00,100
Heartless Large Body,xa_ex_2050.mdls,1,9B0DC,Resist 0D Unknown,64 00 00 00,100
Heartless Large Body,xa_ex_2050.mdls,1,9B0E0,Resist 0E Unknown,64 00 00 00,100
Heartless Large Body,xa_ex_2050.mdls,1,9B0E4,Resist 0F Unknown,64 00 00 00,100
Heartless Large Body,xa_ex_2050.mdls,1,9B0E8,??? (+68),00 00 00 00,0
Heartless Fat Bandit,xa_ex_2060.mdls,0,8C794,HP,F0 00 00 00,240
Heartless Fat Bandit,xa_ex_2060.mdls,0,8C798,ATK Level,09 00 00 00,9
Heartless Fat Bandit,xa_ex_2060.mdls,0,8C79C,DEF Level,09 00 00 00,9
Heartless Fat Bandit,xa_ex_2060.mdls,0,8C7A0,Min Damage Taken,08 00 00 00,8
Heartless Fat Bandit,xa_ex_2060.mdls,0,8C7A4,Max Damage Taken,DC 00 00 00,220
Heartless Fat Bandit,xa_ex_2060.mdls,0,8C7A8,MP Recovery On Hit,18 00 00 00,24
Heartless Fat Bandit,xa_ex_2060.mdls,0,8C7AC,Knockback Weight,00 00 80 3F,1
Heartless Fat Bandit,xa_ex_2060.mdls,0,8C7B0,EXP,14 00 00 00,20
Heartless Fat Bandit,xa_ex_2060.mdls,0,8C7B4,??? (+20),9D 13 00 00,5021
Heartless Fat Bandit,xa_ex_2060.mdls,0,8C7B8,Outgoing Damage Multiplier,00 00 80 3F,1
Heartless Fat Bandit,xa_ex_2060.mdls,0,8C7BC,Resist 00 Unknown,64 00 00 00,100
Heartless Fat Bandit,xa_ex_2060.mdls,0,8C7C0,Resist 01 Physical,64 00 00 00,100
Heartless Fat Bandit,xa_ex_2060.mdls,0,8C7C4,Resist 02 Fire,64 00 00 00,100
Heartless Fat Bandit,xa_ex_2060.mdls,0,8C7C8,Resist 03 Blizzard,64 00 00 00,100
Heartless Fat Bandit,xa_ex_2060.mdls,0,8C7CC,Resist 04 Thunder,64 00 00 00,100
Heartless Fat Bandit,xa_ex_2060.mdls,0,8C7D0,Resist 05 Unknown,64 00 00 00,100
Heartless Fat Bandit,xa_ex_2060.mdls,0,8C7D4,Resist 06 Unknown,64 00 00 00,100
Heartless Fat Bandit,xa_ex_2060.mdls,0,8C7D8,Resist 07 Unknown,64 00 00 00,100
Heartless Fat Bandit,xa_ex_2060.mdls,0,8C7DC,Resist 08 Percent HP,64 00 00 00,100
Heartless Fat Bandit,xa_ex_2060.mdls,0,8C7E0,Resist 09 Stop,64 00 00 00,100
Heartless Fat Bandit,xa_ex_2060.mdls,0,8C7E4,Resist 0A Stun,64 00 00 00,100
Heartless Fat Bandit,xa_ex_2060.mdls,0,8C7E8,Resist 0B Heal,64 00 00 00,100
Heartless Fat Bandit,xa_ex_2060.mdls,0,8C7EC,Resist 0C Unknown,64 00 00 00,100
Heartless Fat Bandit,xa_ex_2060.mdls,0,8C7F0,Resist 0D Unknown,64 00 00 00,100
Heartless Fat Bandit,xa_ex_2060.mdls,0,8C7F4,Resist 0E Unknown,64 00 00 00,100
Heartless Fat Bandit,xa_ex_2060.mdls,0,8C7F8,Resist 0F Unknown,64 00 00 00,100
Heartless Fat Bandit,xa_ex_2060.mdls,0,8C7FC,??? (+68),00 00 00 00,0
Heartless Fat Bandit,xa_ex_2060.mdls,1,8C800,HP,2C 01 00 00,300
Heartless Fat Bandit,xa_ex_2060.mdls,1,8C804,ATK Level,11 00 00 00,17
Heartless Fat Bandit,xa_ex_2060.mdls,1,8C808,DEF Level,11 00 00 00,17
Heartless Fat Bandit,xa_ex_2060.mdls,1,8C80C,Min Damage Taken,0A 00 00 00,10
Heartless Fat Bandit,xa_ex_2060.mdls,1,8C810,Max Damage Taken,0E 01 00 00,270
Heartless Fat Bandit,xa_ex_2060.mdls,1,8C814,MP Recovery On Hit,31 00 00 00,49
Heartless Fat Bandit,xa_ex_2060.mdls,1,8C818,Knockback Weight,00 00 80 3F,1
Heartless Fat Bandit,xa_ex_2060.mdls,1,8C81C,EXP,B4 00 00 00,180
Heartless Fat Bandit,xa_ex_2060.mdls,1,8C820,??? (+20),9D 13 00 00,5021
Heartless Fat Bandit,xa_ex_2060.mdls,1,8C824,Outgoing Damage Multiplier,9A 99 D9 3F,1.7
Heartless Fat Bandit,xa_ex_2060.mdls,1,8C828,Resist 00 Unknown,64 00 00 00,100
Heartless Fat Bandit,xa_ex_2060.mdls,1,8C82C,Resist 01 Physical,64 00 00 00,100
Heartless Fat Bandit,xa_ex_2060.mdls,1,8C830,Resist 02 Fire,64 00 00 00,100
Heartless Fat Bandit,xa_ex_2060.mdls,1,8C834,Resist 03 Blizzard,64 00 00 00,100
Heartless Fat Bandit,xa_ex_2060.mdls,1,8C838,Resist 04 Thunder,64 00 00 00,100
Heartless Fat Bandit,xa_ex_2060.mdls,1,8C83C,Resist 05 Unknown,64 00 00 00,100
Heartless Fat Bandit,xa_ex_2060.mdls,1,8C840,Resist 06 Unknown,64 00 00 00,100
Heartless Fat Bandit,xa_ex_2060.mdls,1,8C844,Resist 07 Unknown,64 00 00 00,100
Heartless Fat Bandit,xa_ex_2060.mdls,1,8C848,Resist 08 Percent HP,50 00 00 00,80
Heartless Fat Bandit,xa_ex_2060.mdls,1,8C84C,Resist 09 Stop,3C 00 00 00,60
Heartless Fat Bandit,xa_ex_2060.mdls,1,8C850,Resist 0A Stun,64 00 00 00,100
Heartless Fat Bandit,xa_ex_2060.mdls,1,8C854,Resist 0B Heal,64 00 00 00,100
Heartless Fat Bandit,xa_ex_2060.mdls,1,8C858,Resist 0C Unknown,64 00 00 00,100
Heartless Fat Bandit,xa_ex_2060.mdls,1,8C85C,Resist 0D Unknown,64 00 00 00,100
Heartless Fat Bandit,xa_ex_2060.mdls,1,8C860,Resist 0E Unknown,64 00 00 00,100
Heartless Fat Bandit,xa_ex_2060.mdls,1,8C864,Resist 0F Unknown,64 00 00 00,100
Heartless Fat Bandit,xa_ex_2060.mdls,1,8C868,??? (+68),00 00 00 00,0
Heartless Sea Neon,xa_ex_2070.mdls,0,50A14,HP,1E 00 00 00,30
Heartless Sea Neon,xa_ex_2070.mdls,0,50A18,ATK Level,0C 00 00 00,12
Heartless Sea Neon,xa_ex_2070.mdls,0,50A1C,DEF Level,0C 00 00 00,12
Heartless Sea Neon,xa_ex_2070.mdls,0,50A20,Min Damage Taken,04 00 00 00,4
Heartless Sea Neon,xa_ex_2070.mdls,0,50A24,Max Damage Taken,2C 01 00 00,300
Heartless Sea Neon,xa_ex_2070.mdls,0,50A28,MP Recovery On Hit,1D 00 00 00,29
Heartless Sea Neon,xa_ex_2070.mdls,0,50A2C,Knockback Weight,00 00 80 3F,1
Heartless Sea Neon,xa_ex_2070.mdls,0,50A30,EXP,08 00 00 00,8
Heartless Sea Neon,xa_ex_2070.mdls,0,50A34,??? (+20),A1 13 00 00,5025
Heartless Sea Neon,xa_ex_2070.mdls,0,50A38,Outgoing Damage Multiplier,00 00 80 3F,1
Heartless Sea Neon,xa_ex_2070.mdls,0,50A3C,Resist 00 Unknown,64 00 00 00,100
Heartless Sea Neon,xa_ex_2070.mdls,0,50A40,Resist 01 Physical,64 00 00 00,100
Heartless Sea Neon,xa_ex_2070.mdls,0,50A44,Resist 02 Fire,64 00 00 00,100
Heartless Sea Neon,xa_ex_2070.mdls,0,50A48,Resist 03 Blizzard,64 00 00 00,100
Heartless Sea Neon,xa_ex_2070.mdls,0,50A4C,Resist 04 Thunder,64 00 00 00,100
Heartless Sea Neon,xa_ex_2070.mdls,0,50A50,Resist 05 Unknown,64 00 00 00,100
Heartless Sea Neon,xa_ex_2070.mdls,0,50A54,Resist 06 Unknown,64 00 00 00,100
Heartless Sea Neon,xa_ex_2070.mdls,0,50A58,Resist 07 Unknown,64 00 00 00,100
Heartless Sea Neon,xa_ex_2070.mdls,0,50A5C,Resist 08 Percent HP,64 00 00 00,100
Heartless Sea Neon,xa_ex_2070.mdls,0,50A60,Resist 09 Stop,64 00 00 00,100
Heartless Sea Neon,xa_ex_2070.mdls,0,50A64,Resist 0A Stun,64 00 00 00,100
Heartless Sea Neon,xa_ex_2070.mdls,0,50A68,Resist 0B Heal,64 00 00 00,100
Heartless Sea Neon,xa_ex_2070.mdls,0,50A6C,Resist 0C Unknown,64 00 00 00,100
Heartless Sea Neon,xa_ex_2070.mdls,0,50A70,Resist 0D Unknown,64 00 00 00,100
Heartless Sea Neon,xa_ex_2070.mdls,0,50A74,Resist 0E Unknown,64 00 00 00,100
Heartless Sea Neon,xa_ex_2070.mdls,0,50A78,Resist 0F Unknown,64 00 00 00,100
Heartless Sea Neon,xa_ex_2070.mdls,0,50A7C,??? (+68),00 00 00 00,0
Heartless Sea Neon,xa_ex_2070.mdls,1,50A80,HP,3C 00 00 00,60
Heartless Sea Neon,xa_ex_2070.mdls,1,50A84,ATK Level,11 00 00 00,17
Heartless Sea Neon,xa_ex_2070.mdls,1,50A88,DEF Level,11 00 00 00,17
Heartless Sea Neon,xa_ex_2070.mdls,1,50A8C,Min Damage Taken,05 00 00 00,5
Heartless Sea Neon,xa_ex_2070.mdls,1,50A90,Max Damage Taken,2C 01 00 00,300
Heartless Sea Neon,xa_ex_2070.mdls,1,50A94,MP Recovery On Hit,2D 00 00 00,45
Heartless Sea Neon,xa_ex_2070.mdls,1,50A98,Knockback Weight,00 00 80 3F,1
Heartless Sea Neon,xa_ex_2070.mdls,1,50A9C,EXP,3C 00 00 00,60
Heartless Sea Neon,xa_ex_2070.mdls,1,50AA0,??? (+20),A1 13 00 00,5025
Heartless Sea Neon,xa_ex_2070.mdls,1,50AA4,Outgoing Damage Multiplier,00 00 A0 3F,1.25
Heartless Sea Neon,xa_ex_2070.mdls,1,50AA8,Resist 00 Unknown,64 00 00 00,100
Heartless Sea Neon,xa_ex_2070.mdls,1,50AAC,Resist 01 Physical,64 00 00 00,100
Heartless Sea Neon,xa_ex_2070.mdls,1,50AB0,Resist 02 Fire,64 00 00 00,100
Heartless Sea Neon,xa_ex_2070.mdls,1,50AB4,Resist 03 Blizzard,64 00 00 00,100
Heartless Sea Neon,xa_ex_2070.mdls,1,50AB8,Resist 04 Thunder,64 00 00 00,100
Heartless Sea Neon,xa_ex_2070.mdls,1,50ABC,Resist 05 Unknown,64 00 00 00,100
Heartless Sea Neon,xa_ex_2070.mdls,1,50AC0,Resist 06 Unknown,64 00 00 00,100
Heartless Sea Neon,xa_ex_2070.mdls,1,50AC4,Resist 07 Unknown,64 00 00 00,100
Heartless Sea Neon,xa_ex_2070.mdls,1,50AC8,Resist 08 Percent HP,50 00 00 00,80
Heartless Sea Neon,xa_ex_2070.mdls,1,50ACC,Resist 09 Stop,3C 00 00 00,60
Heartless Sea Neon,xa_ex_2070.mdls,1,50AD0,Resist 0A Stun,64 00 00 00,100
Heartless Sea Neon,xa_ex_2070.mdls,1,50AD4,Resist 0B Heal,64 00 00 00,100
Heartless Sea Neon,xa_ex_2070.mdls,1,50AD8,Resist 0C Unknown,64 00 00 00,100
Heartless Sea Neon,xa_ex_2070.mdls,1,50ADC,Resist 0D Unknown,64 00 00 00,100
Heartless Sea Neon,xa_ex_2070.mdls,1,50AE0,Resist 0E Unknown,64 00 00 00,100
Heartless Sea Neon,xa_ex_2070.mdls,1,50AE4,Resist 0F Unknown,64 00 00 00,100
Heartless Sea Neon,xa_ex_2070.mdls,1,50AE8,??? (+68),00 00 00 00,0
Heartless Sea Neon,xa_ex_2080.mdls,0,5C794,HP,5A 00 00 00,90
Heartless Sea Neon,xa_ex_2080.mdls,0,5C798,ATK Level,0C 00 00 00,12
Heartless Sea Neon,xa_ex_2080.mdls,0,5C79C,DEF Level,0C 00 00 00,12
Heartless Sea Neon,xa_ex_2080.mdls,0,5C7A0,Min Damage Taken,03 00 00 00,3
Heartless Sea Neon,xa_ex_2080.mdls,0,5C7A4,Max Damage Taken,36 00 00 00,54
Heartless Sea Neon,xa_ex_2080.mdls,0,5C7A8,MP Recovery On Hit,1F 00 00 00,31
Heartless Sea Neon,xa_ex_2080.mdls,0,5C7AC,Knockback Weight,00 00 80 3F,1
Heartless Sea Neon,xa_ex_2080.mdls,0,5C7B0,EXP,14 00 00 00,20
Heartless Sea Neon,xa_ex_2080.mdls,0,5C7B4,??? (+20),A5 13 00 00,5029
Heartless Sea Neon,xa_ex_2080.mdls,0,5C7B8,Outgoing Damage Multiplier,00 00 80 3F,1
Heartless Sea Neon,xa_ex_2080.mdls,0,5C7BC,Resist 00 Unknown,64 00 00 00,100
Heartless Sea Neon,xa_ex_2080.mdls,0,5C7C0,Resist 01 Physical,64 00 00 00,100
Heartless Sea Neon,xa_ex_2080.mdls,0,5C7C4,Resist 02 Fire,64 00 00 00,100
Heartless Sea Neon,xa_ex_2080.mdls,0,5C7C8,Resist 03 Blizzard,64 00 00 00,100
Heartless Sea Neon,xa_ex_2080.mdls,0,5C7CC,Resist 04 Thunder,64 00 00 00,100
Heartless Sea Neon,xa_ex_2080.mdls,0,5C7D0,Resist 05 Unknown,64 00 00 00,100
Heartless Sea Neon,xa_ex_2080.mdls,0,5C7D4,Resist 06 Unknown,64 00 00 00,100
Heartless Sea Neon,xa_ex_2080.mdls,0,5C7D8,Resist 07 Unknown,64 00 00 00,100
Heartless Sea Neon,xa_ex_2080.mdls,0,5C7DC,Resist 08 Percent HP,64 00 00 00,100
Heartless Sea Neon,xa_ex_2080.mdls,0,5C7E0,Resist 09 Stop,64 00 00 00,100
Heartless Sea Neon,xa_ex_2080.mdls,0,5C7E4,Resist 0A Stun,64 00 00 00,100
Heartless Sea Neon,xa_ex_2080.mdls,0,5C7E8,Resist 0B Heal,64 00 00 00,100
Heartless Sea Neon,xa_ex_2080.mdls,0,5C7EC,Resist 0C Unknown,64 00 00 00,100
Heartless Sea Neon,xa_ex_2080.mdls,0,5C7F0,Resist 0D Unknown,64 00 00 00,100
Heartless Sea Neon,xa_ex_2080.mdls,0,5C7F4,Resist 0E Unknown,64 00 00 00,100
Heartless Sea Neon,xa_ex_2080.mdls,0,5C7F8,Resist 0F Unknown,64 00 00 00,100
Heartless Sea Neon,xa_ex_2080.mdls,0,5C7FC,??? (+68),00 00 00 00,0
Heartless Sea Neon,xa_ex_2080.mdls,1,5C800,HP,F0 00 00 00,240
Heartless Sea Neon,xa_ex_2080.mdls,1,5C804,ATK Level,11 00 00 00,17
Heartless Sea Neon,xa_ex_2080.mdls,1,5C808,DEF Level,11 00 00 00,17
Heartless Sea Neon,xa_ex_2080.mdls,1,5C80C,Min Damage Taken,06 00 00 00,6
Heartless Sea Neon,xa_ex_2080.mdls,1,5C810,Max Damage Taken,DC 00 00 00,220
Heartless Sea Neon,xa_ex_2080.mdls,1,5C814,MP Recovery On Hit,2F 00 00 00,47
Heartless Sea Neon,xa_ex_2080.mdls,1,5C818,Knockback Weight,00 00 80 3F,1
Heartless Sea Neon,xa_ex_2080.mdls,1,5C81C,EXP,96 00 00 00,150
Heartless Sea Neon,xa_ex_2080.mdls,1,5C820,??? (+20),A5 13 00 00,5029
Heartless Sea Neon,xa_ex_2080.mdls,1,5C824,Outgoing Damage Multiplier,00 00 A0 3F,1.25
Heartless Sea Neon,xa_ex_2080.mdls,1,5C828,Resist 00 Unknown,64 00 00 00,100
Heartless Sea Neon,xa_ex_2080.mdls,1,5C82C,Resist 01 Physical,64 00 00 00,100
Heartless Sea Neon,xa_ex_2080.mdls,1,5C830,Resist 02 Fire,64 00 00 00,100
Heartless Sea Neon,xa_ex_2080.mdls,1,5C834,Resist 03 Blizzard,64 00 00 00,100
Heartless Sea Neon,xa_ex_2080.mdls,1,5C838,Resist 04 Thunder,64 00 00 00,100
Heartless Sea Neon,xa_ex_2080.mdls,1,5C83C,Resist 05 Unknown,64 00 00 00,100
Heartless Sea Neon,xa_ex_2080.mdls,1,5C840,Resist 06 Unknown,64 00 00 00,100
Heartless Sea Neon,xa_ex_2080.mdls,1,5C844,Resist 07 Unknown,64 00 00 00,100
Heartless Sea Neon,xa_ex_2080.mdls,1,5C848,Resist 08 Percent HP,50 00 00 00,80
Heartless Sea Neon,xa_ex_2080.mdls,1,5C84C,Resist 09 Stop,3C 00 00 00,60
Heartless Sea Neon,xa_ex_2080.mdls,1,5C850,Resist 0A Stun,64 00 00 00,100
Heartless Sea Neon,xa_ex_2080.mdls,1,5C854,Resist 0B Heal,64 00 00 00,100
Heartless Sea Neon,xa_ex_2080.mdls,1,5C858,Resist 0C Unknown,64 00 00 00,100
Heartless Sea Neon,xa_ex_2080.mdls,1,5C85C,Resist 0D Unknown,64 00 00 00,100
Heartless Sea Neon,xa_ex_2080.mdls,1,5C860,Resist 0E Unknown,64 00 00 00,100
Heartless Sea Neon,xa_ex_2080.mdls,1,5C864,Resist 0F Unknown,64 00 00 00,100
Heartless Sea Neon,xa_ex_2080.mdls,1,5C868,??? (+68),00 00 00 00,0
Heartless Bandit,xa_ex_2090.mdls,0,80094,HP,27 00 00 00,39
Heartless Bandit,xa_ex_2090.mdls,0,80098,ATK Level,09 00 00 00,9
Heartless Bandit,xa_ex_2090.mdls,0,8009C,DEF Level,09 00 00 00,9
Heartless Bandit,xa_ex_2090.mdls,0,800A0,Min Damage Taken,05 00 00 00,5
Heartless Bandit,xa_ex_2090.mdls,0,800A4,Max Damage Taken,2C 01 00 00,300
Heartless Bandit,xa_ex_2090.mdls,0,800A8,MP Recovery On Hit,16 00 00 00,22
Heartless Bandit,xa_ex_2090.mdls,0,800AC,Knockback Weight,00 00 80 3F,1
Heartless Bandit,xa_ex_2090.mdls,0,800B0,EXP,07 00 00 00,7
Heartless Bandit,xa_ex_2090.mdls,0,800B4,??? (+20),A9 13 00 00,5033
Heartless Bandit,xa_ex_2090.mdls,0,800B8,Outgoing Damage Multiplier,00 00 80 3F,1
Heartless Bandit,xa_ex_2090.mdls,0,800BC,Resist 00 Unknown,64 00 00 00,100
Heartless Bandit,xa_ex_2090.mdls,0,800C0,Resist 01 Physical,64 00 00 00,100
Heartless Bandit,xa_ex_2090.mdls,0,800C4,Resist 02 Fire,64 00 00 00,100
Heartless Bandit,xa_ex_2090.mdls,0,800C8,Resist 03 Blizzard,64 00 00 00,100
Heartless Bandit,xa_ex_2090.mdls,0,800CC,Resist 04 Thunder,64 00 00 00,100
Heartless Bandit,xa_ex_2090.mdls,0,800D0,Resist 05 Unknown,64 00 00 00,100
Heartless Bandit,xa_ex_2090.mdls,0,800D4,Resist 06 Unknown,64 00 00 00,100
Heartless Bandit,xa_ex_2090.mdls,0,800D8,Resist 07 Unknown,64 00 00 00,100
Heartless Bandit,xa_ex_2090.mdls,0,800DC,Resist 08 Percent HP,64 00 00 00,100
Heartless Bandit,xa_ex_2090.mdls,0,800E0,Resist 09 Stop,64 00 00 00,100
Heartless Bandit,xa_ex_2090.mdls,0,800E4,Resist 0A Stun,64 00 00 00,100
Heartless Bandit,xa_ex_2090.mdls,0,800E8,Resist 0B Heal,64 00 00 00,100
Heartless Bandit,xa_ex_2090.mdls,0,800EC,Resist 0C Unknown,64 00 00 00,100
Heartless Bandit,xa_ex_2090.mdls,0,800F0,Resist 0D Unknown,64 00 00 00,100
Heartless Bandit,xa_ex_2090.mdls,0,800F4,Resist 0E Unknown,64 00 00 00,100
Heartless Bandit,xa_ex_2090.mdls,0,800F8,Resist 0F Unknown,64 00 00 00,100
Heartless Bandit,xa_ex_2090.mdls,0,800FC,??? (+68),00 00 00 00,0
Heartless Bandit,xa_ex_2090.mdls,1,80100,HP,78 00 00 00,120
Heartless Bandit,xa_ex_2090.mdls,1,80104,ATK Level,11 00 00 00,17
Heartless Bandit,xa_ex_2090.mdls,1,80108,DEF Level,11 00 00 00,17
Heartless Bandit,xa_ex_2090.mdls,1,8010C,Min Damage Taken,08 00 00 00,8
Heartless Bandit,xa_ex_2090.mdls,1,80110,Max Damage Taken,2C 01 00 00,300
Heartless Bandit,xa_ex_2090.mdls,1,80114,MP Recovery On Hit,2F 00 00 00,47
Heartless Bandit,xa_ex_2090.mdls,1,80118,Knockback Weight,00 00 80 3F,1
Heartless Bandit,xa_ex_2090.mdls,1,8011C,EXP,5A 00 00 00,90
Heartless Bandit,xa_ex_2090.mdls,1,80120,??? (+20),A9 13 00 00,5033
Heartless Bandit,xa_ex_2090.mdls,1,80124,Outgoing Damage Multiplier,9A 99 D9 3F,1.7
Heartless Bandit,xa_ex_2090.mdls,1,80128,Resist 00 Unknown,64 00 00 00,100
Heartless Bandit,xa_ex_2090.mdls,1,8012C,Resist 01 Physical,64 00 00 00,100
Heartless Bandit,xa_ex_2090.mdls,1,80130,Resist 02 Fire,64 00 00 00,100
Heartless Bandit,xa_ex_2090.mdls,1,80134,Resist 03 Blizzard,64 00 00 00,100
Heartless Bandit,xa_ex_2090.mdls,1,80138,Resist 04 Thunder,64 00 00 00,100
Heartless Bandit,xa_ex_2090.mdls,1,8013C,Resist 05 Unknown,64 00 00 00,100
Heartless Bandit,xa_ex_2090.mdls,1,80140,Resist 06 Unknown,64 00 00 00,100
Heartless Bandit,xa_ex_2090.mdls,1,80144,Resist 07 Unknown,64 00 00 00,100
Heartless Bandit,xa_ex_2090.mdls,1,80148,Resist 08 Percent HP,50 00 00 00,80
Heartless Bandit,xa_ex_2090.mdls,1,8014C,Resist 09 Stop,3C 00 00 00,60
Heartless Bandit,xa_ex_2090.mdls,1,80150,Resist 0A Stun,64 00 00 00,100
Heartless Bandit,xa_ex_2090.mdls,1,80154,Resist 0B Heal,64 00 00 00,100
Heartless Bandit,xa_ex_2090.mdls,1,80158,Resist 0C Unknown,64 00 00 00,100
Heartless Bandit,xa_ex_2090.mdls,1,8015C,Resist 0D Unknown,64 00 00 00,100
Heartless Bandit,xa_ex_2090.mdls,1,80160,Resist 0E Unknown,64 00 00 00,100
Heartless Bandit,xa_ex_2090.mdls,1,80164,Resist 0F Unknown,64 00 00 00,100
Heartless Bandit,xa_ex_2090.mdls,1,80168,??? (+68),00 00 00 00,0
Heartless Pirate,xa_ex_2100.mdls,0,79794,HP,69 00 00 00,105
Heartless Pirate,xa_ex_2100.mdls,0,79798,ATK Level,0E 00 00 00,14
Heartless Pirate,xa_ex_2100.mdls,0,7979C,DEF Level,0E 00 00 00,14
Heartless Pirate,xa_ex_2100.mdls,0,797A0,Min Damage Taken,08 00 00 00,8
Heartless Pirate,xa_ex_2100.mdls,0,797A4,Max Damage Taken,2C 01 00 00,300
Heartless Pirate,xa_ex_2100.mdls,0,797A8,MP Recovery On Hit,26 00 00 00,38
Heartless Pirate,xa_ex_2100.mdls,0,797AC,Knockback Weight,00 00 80 3F,1
Heartless Pirate,xa_ex_2100.mdls,0,797B0,EXP,1C 00 00 00,28
Heartless Pirate,xa_ex_2100.mdls,0,797B4,??? (+20),AD 13 00 00,5037
Heartless Pirate,xa_ex_2100.mdls,0,797B8,Outgoing Damage Multiplier,00 00 80 3F,1
Heartless Pirate,xa_ex_2100.mdls,0,797BC,Resist 00 Unknown,64 00 00 00,100
Heartless Pirate,xa_ex_2100.mdls,0,797C0,Resist 01 Physical,64 00 00 00,100
Heartless Pirate,xa_ex_2100.mdls,0,797C4,Resist 02 Fire,64 00 00 00,100
Heartless Pirate,xa_ex_2100.mdls,0,797C8,Resist 03 Blizzard,64 00 00 00,100
Heartless Pirate,xa_ex_2100.mdls,0,797CC,Resist 04 Thunder,64 00 00 00,100
Heartless Pirate,xa_ex_2100.mdls,0,797D0,Resist 05 Unknown,64 00 00 00,100
Heartless Pirate,xa_ex_2100.mdls,0,797D4,Resist 06 Unknown,64 00 00 00,100
Heartless Pirate,xa_ex_2100.mdls,0,797D8,Resist 07 Unknown,64 00 00 00,100
Heartless Pirate,xa_ex_2100.mdls,0,797DC,Resist 08 Percent HP,64 00 00 00,100
Heartless Pirate,xa_ex_2100.mdls,0,797E0,Resist 09 Stop,64 00 00 00,100
Heartless Pirate,xa_ex_2100.mdls,0,797E4,Resist 0A Stun,64 00 00 00,100
Heartless Pirate,xa_ex_2100.mdls,0,797E8,Resist 0B Heal,64 00 00 00,100
Heartless Pirate,xa_ex_2100.mdls,0,797EC,Resist 0C Unknown,64 00 00 00,100
Heartless Pirate,xa_ex_2100.mdls,0,797F0,Resist 0D Unknown,64 00 00 00,100
Heartless Pirate,xa_ex_2100.mdls,0,797F4,Resist 0E Unknown,64 00 00 00,100
Heartless Pirate,xa_ex_2100.mdls,0,797F8,Resist 0F Unknown,64 00 00 00,100
Heartless Pirate,xa_ex_2100.mdls,0,797FC,??? (+68),00 00 00 00,0
Heartless Pirate,xa_ex_2100.mdls,1,79800,HP,78 00 00 00,120
Heartless Pirate,xa_ex_2100.mdls,1,79804,ATK Level,11 00 00 00,17
Heartless Pirate,xa_ex_2100.mdls,1,79808,DEF Level,11 00 00 00,17
Heartless Pirate,xa_ex_2100.mdls,1,7980C,Min Damage Taken,09 00 00 00,9
Heartless Pirate,xa_ex_2100.mdls,1,79810,Max Damage Taken,2C 01 00 00,300
Heartless Pirate,xa_ex_2100.mdls,1,79814,MP Recovery On Hit,2F 00 00 00,47
Heartless Pirate,xa_ex_2100.mdls,1,79818,Knockback Weight,00 00 80 3F,1
Heartless Pirate,xa_ex_2100.mdls,1,7981C,EXP,5A 00 00 00,90
Heartless Pirate,xa_ex_2100.mdls,1,79820,??? (+20),AD 13 00 00,5037
Heartless Pirate,xa_ex_2100.mdls,1,79824,Outgoing Damage Multiplier,00 00 A0 3F,1.25
Heartless Pirate,xa_ex_2100.mdls,1,79828,Resist 00 Unknown,64 00 00 00,100
Heartless Pirate,xa_ex_2100.mdls,1,7982C,Resist 01 Physical,64 00 00 00,100
Heartless Pirate,xa_ex_2100.mdls,1,79830,Resist 02 Fire,64 00 00 00,100
Heartless Pirate,xa_ex_2100.mdls,1,79834,Resist 03 Blizzard,64 00 00 00,100
Heartless Pirate,xa_ex_2100.mdls,1,79838,Resist 04 Thunder,64 00 00 00,100
Heartless Pirate,xa_ex_2100.mdls,1,7983C,Resist 05 Unknown,64 00 00 00,100
Heartless Pirate,xa_ex_2100.mdls,1,79840,Resist 06 Unknown,64 00 00 00,100
Heartless Pirate,xa_ex_2100.mdls,1,79844,Resist 07 Unknown,64 00 00 00,100
Heartless Pirate,xa_ex_2100.mdls,1,79848,Resist 08 Percent HP,50 00 00 00,80
Heartless Pirate,xa_ex_2100.mdls,1,7984C,Resist 09 Stop,3C 00 00 00,60
Heartless Pirate,xa_ex_2100.mdls,1,79850,Resist 0A Stun,64 00 00 00,100
Heartless Pirate,xa_ex_2100.mdls,1,79854,Resist 0B Heal,64 00 00 00,100
Heartless Pirate,xa_ex_2100.mdls,1,79858,Resist 0C Unknown,64 00 00 00,100
Heartless Pirate,xa_ex_2100.mdls,1,7985C,Resist 0D Unknown,64 00 00 00,100
Heartless Pirate,xa_ex_2100.mdls,1,79860,Resist 0E Unknown,64 00 00 00,100
Heartless Pirate,xa_ex_2100.mdls,1,79864,Resist 0F Unknown,64 00 00 00,100
Heartless Pirate,xa_ex_2100.mdls,1,79868,??? (+68),00 00 00 00,0
Heartless Red Nocturne,xa_ex_2110.mdls,0,5B814,HP,18 00 00 00,24
Heartless Red Nocturne,xa_ex_2110.mdls,0,5B818,ATK Level,04 00 00 00,4
Heartless Red Nocturne,xa_ex_2110.mdls,0,5B81C,DEF Level,04 00 00 00,4
Heartless Red Nocturne,xa_ex_2110.mdls,0,5B820,Min Damage Taken,03 00 00 00,3
Heartless Red Nocturne,xa_ex_2110.mdls,0,5B824,Max Damage Taken,2C 01 00 00,300
Heartless Red Nocturne,xa_ex_2110.mdls,0,5B828,MP Recovery On Hit,06 00 00 00,6
Heartless Red Nocturne,xa_ex_2110.mdls,0,5B82C,Knockback Weight,00 00 80 3F,1
Heartless Red Nocturne,xa_ex_2110.mdls,0,5B830,EXP,01 00 00 00,1
Heartless Red Nocturne,xa_ex_2110.mdls,0,5B834,??? (+20),B1 13 00 00,5041
Heartless Red Nocturne,xa_ex_2110.mdls,0,5B838,Outgoing Damage Multiplier,00 00 80 3F,1
Heartless Red Nocturne,xa_ex_2110.mdls,0,5B83C,Resist 00 Unknown,64 00 00 00,100
Heartless Red Nocturne,xa_ex_2110.mdls,0,5B840,Resist 01 Physical,64 00 00 00,100
Heartless Red Nocturne,xa_ex_2110.mdls,0,5B844,Resist 02 Fire,64 00 00 00,100
Heartless Red Nocturne,xa_ex_2110.mdls,0,5B848,Resist 03 Blizzard,64 00 00 00,100
Heartless Red Nocturne,xa_ex_2110.mdls,0,5B84C,Resist 04 Thunder,32 00 00 00,50
Heartless Red Nocturne,xa_ex_2110.mdls,0,5B850,Resist 05 Unknown,64 00 00 00,100
Heartless Red Nocturne,xa_ex_2110.mdls,0,5B854,Resist 06 Unknown,64 00 00 00,100
Heartless Red Nocturne,xa_ex_2110.mdls,0,5B858,Resist 07 Unknown,64 00 00 00,100
Heartless Red Nocturne,xa_ex_2110.mdls,0,5B85C,Resist 08 Percent HP,64 00 00 00,100
Heartless Red Nocturne,xa_ex_2110.mdls,0,5B860,Resist 09 Stop,64 00 00 00,100
Heartless Red Nocturne,xa_ex_2110.mdls,0,5B864,Resist 0A Stun,64 00 00 00,100
Heartless Red Nocturne,xa_ex_2110.mdls,0,5B868,Resist 0B Heal,64 00 00 00,100
Heartless Red Nocturne,xa_ex_2110.mdls,0,5B86C,Resist 0C Unknown,64 00 00 00,100
Heartless Red Nocturne,xa_ex_2110.mdls,0,5B870,Resist 0D Unknown,64 00 00 00,100
Heartless Red Nocturne,xa_ex_2110.mdls,0,5B874,Resist 0E Unknown,64 00 00 00,100
Heartless Red Nocturne,xa_ex_2110.mdls,0,5B878,Resist 0F Unknown,64 00 00 00,100
Heartless Red Nocturne,xa_ex_2110.mdls,0,5B87C,??? (+68),04 00 00 00,4
Heartless Red Nocturne,xa_ex_2110.mdls,1,5B880,HP,3C 00 00 00,60
Heartless Red Nocturne,xa_ex_2110.mdls,1,5B884,ATK Level,11 00 00 00,17
Heartless Red Nocturne,xa_ex_2110.mdls,1,5B888,DEF Level,11 00 00 00,17
Heartless Red Nocturne,xa_ex_2110.mdls,1,5B88C,Min Damage Taken,06 00 00 00,6
Heartless Red Nocturne,xa_ex_2110.mdls,1,5B890,Max Damage Taken,2C 01 00 00,300
Heartless Red Nocturne,xa_ex_2110.mdls,1,5B894,MP Recovery On Hit,2B 00 00 00,43
Heartless Red Nocturne,xa_ex_2110.mdls,1,5B898,Knockback Weight,00 00 80 3F,1
Heartless Red Nocturne,xa_ex_2110.mdls,1,5B89C,EXP,3C 00 00 00,60
Heartless Red Nocturne,xa_ex_2110.mdls,1,5B8A0,??? (+20),B1 13 00 00,5041
Heartless Red Nocturne,xa_ex_2110.mdls,1,5B8A4,Outgoing Damage Multiplier,9A 99 D9 3F,1.7
Heartless Red Nocturne,xa_ex_2110.mdls,1,5B8A8,Resist 00 Unknown,64 00 00 00,100
Heartless Red Nocturne,xa_ex_2110.mdls,1,5B8AC,Resist 01 Physical,64 00 00 00,100
Heartless Red Nocturne,xa_ex_2110.mdls,1,5B8B0,Resist 02 Fire,64 00 00 00,100
Heartless Red Nocturne,xa_ex_2110.mdls,1,5B8B4,Resist 03 Blizzard,64 00 00 00,100
Heartless Red Nocturne,xa_ex_2110.mdls,1,5B8B8,Resist 04 Thunder,32 00 00 00,50
Heartless Red Nocturne,xa_ex_2110.mdls,1,5B8BC,Resist 05 Unknown,64 00 00 00,100
Heartless Red Nocturne,xa_ex_2110.mdls,1,5B8C0,Resist 06 Unknown,64 00 00 00,100
Heartless Red Nocturne,xa_ex_2110.mdls,1,5B8C4,Resist 07 Unknown,64 00 00 00,100
Heartless Red Nocturne,xa_ex_2110.mdls,1,5B8C8,Resist 08 Percent HP,50 00 00 00,80
Heartless Red Nocturne,xa_ex_2110.mdls,1,5B8CC,Resist 09 Stop,3C 00 00 00,60
Heartless Red Nocturne,xa_ex_2110.mdls,1,5B8D0,Resist 0A Stun,64 00 00 00,100
Heartless Red Nocturne,xa_ex_2110.mdls,1,5B8D4,Resist 0B Heal,64 00 00 00,100
Heartless Red Nocturne,xa_ex_2110.mdls,1,5B8D8,Resist 0C Unknown,64 00 00 00,100
Heartless Red Nocturne,xa_ex_2110.mdls,1,5B8DC,Resist 0D Unknown,64 00 00 00,100
Heartless Red Nocturne,xa_ex_2110.mdls,1,5B8E0,Resist 0E Unknown,64 00 00 00,100
Heartless Red Nocturne,xa_ex_2110.mdls,1,5B8E4,Resist 0F Unknown,64 00 00 00,100
Heartless Red Nocturne,xa_ex_2110.mdls,1,5B8E8,??? (+68),04 00 00 00,4
Heartless Blue Rhapsody,xa_ex_2120.mdls,0,50614,HP,18 00 00 00,24
Heartless Blue Rhapsody,xa_ex_2120.mdls,0,50618,ATK Level,05 00 00 00,5
Heartless Blue Rhapsody,xa_ex_2120.mdls,0,5061C,DEF Level,05 00 00 00,5
Heartless Blue Rhapsody,xa_ex_2120.mdls,0,50620,Min Damage Taken,03 00 00 00,3
Heartless Blue Rhapsody,xa_ex_2120.mdls,0,50624,Max Damage Taken,2C 01 00 00,300
Heartless Blue Rhapsody,xa_ex_2120.mdls,0,50628,MP Recovery On Hit,09 00 00 00,9
Heartless Blue Rhapsody,xa_ex_2120.mdls,0,5062C,Knockback Weight,00 00 80 3F,1
Heartless Blue Rhapsody,xa_ex_2120.mdls,0,50630,EXP,01 00 00 00,1
Heartless Blue Rhapsody,xa_ex_2120.mdls,0,50634,??? (+20),B5 13 00 00,5045
Heartless Blue Rhapsody,xa_ex_2120.mdls,0,50638,Outgoing Damage Multiplier,00 00 80 3F,1
Heartless Blue Rhapsody,xa_ex_2120.mdls,0,5063C,Resist 00 Unknown,64 00 00 00,100
Heartless Blue Rhapsody,xa_ex_2120.mdls,0,50640,Resist 01 Physical,64 00 00 00,100
Heartless Blue Rhapsody,xa_ex_2120.mdls,0,50644,Resist 02 Fire,64 00 00 00,100
Heartless Blue Rhapsody,xa_ex_2120.mdls,0,50648,Resist 03 Blizzard,64 00 00 00,100
Heartless Blue Rhapsody,xa_ex_2120.mdls,0,5064C,Resist 04 Thunder,32 00 00 00,50
Heartless Blue Rhapsody,xa_ex_2120.mdls,0,50650,Resist 05 Unknown,64 00 00 00,100
Heartless Blue Rhapsody,xa_ex_2120.mdls,0,50654,Resist 06 Unknown,64 00 00 00,100
Heartless Blue Rhapsody,xa_ex_2120.mdls,0,50658,Resist 07 Unknown,64 00 00 00,100
Heartless Blue Rhapsody,xa_ex_2120.mdls,0,5065C,Resist 08 Percent HP,64 00 00 00,100
Heartless Blue Rhapsody,xa_ex_2120.mdls,0,50660,Resist 09 Stop,64 00 00 00,100
Heartless Blue Rhapsody,xa_ex_2120.mdls,0,50664,Resist 0A Stun,64 00 00 00,100
Heartless Blue Rhapsody,xa_ex_2120.mdls,0,50668,Resist 0B Heal,64 00 00 00,100
Heartless Blue Rhapsody,xa_ex_2120.mdls,0,5066C,Resist 0C Unknown,64 00 00 00,100
Heartless Blue Rhapsody,xa_ex_2120.mdls,0,50670,Resist 0D Unknown,64 00 00 00,100
Heartless Blue Rhapsody,xa_ex_2120.mdls,0,50674,Resist 0E Unknown,64 00 00 00,100
Heartless Blue Rhapsody,xa_ex_2120.mdls,0,50678,Resist 0F Unknown,64 00 00 00,100
Heartless Blue Rhapsody,xa_ex_2120.mdls,0,5067C,??? (+68),08 00 00 00,8
Heartless Blue Rhapsody,xa_ex_2120.mdls,1,50680,HP,3C 00 00 00,60
Heartless Blue Rhapsody,xa_ex_2120.mdls,1,50684,ATK Level,11 00 00 00,17
Heartless Blue Rhapsody,xa_ex_2120.mdls,1,50688,DEF Level,11 00 00 00,17
Heartless Blue Rhapsody,xa_ex_2120.mdls,1,5068C,Min Damage Taken,06 00 00 00,6
Heartless Blue Rhapsody,xa_ex_2120.mdls,1,50690,Max Damage Taken,2C 01 00 00,300
Heartless Blue Rhapsody,xa_ex_2120.mdls,1,50694,MP Recovery On Hit,2B 00 00 00,43
Heartless Blue Rhapsody,xa_ex_2120.mdls,1,50698,Knockback Weight,00 00 80 3F,1
Heartless Blue Rhapsody,xa_ex_2120.mdls,1,5069C,EXP,3C 00 00 00,60
Heartless Blue Rhapsody,xa_ex_2120.mdls,1,506A0,??? (+20),B5 13 00 00,5045
Heartless Blue Rhapsody,xa_ex_2120.mdls,1,506A4,Outgoing Damage Multiplier,9A 99 D9 3F,1.7
Heartless Blue Rhapsody,xa_ex_2120.mdls,1,506A8,Resist 00 Unknown,64 00 00 00,100
Heartless Blue Rhapsody,xa_ex_2120.mdls,1,506AC,Resist 01 Physical,64 00 00 00,100
Heartless Blue Rhapsody,xa_ex_2120.mdls,1,506B0,Resist 02 Fire,64 00 00 00,100
Heartless Blue Rhapsody,xa_ex_2120.mdls,1,506B4,Resist 03 Blizzard,64 00 00 00,100
Heartless Blue Rhapsody,xa_ex_2120.mdls,1,506B8,Resist 04 Thunder,32 00 00 00,50
Heartless Blue Rhapsody,xa_ex_2120.mdls,1,506BC,Resist 05 Unknown,64 00 00 00,100
Heartless Blue Rhapsody,xa_ex_2120.mdls,1,506C0,Resist 06 Unknown,64 00 00 00,100
Heartless Blue Rhapsody,xa_ex_2120.mdls,1,506C4,Resist 07 Unknown,64 00 00 00,100
Heartless Blue Rhapsody,xa_ex_2120.mdls,1,506C8,Resist 08 Percent HP,50 00 00 00,80
Heartless Blue Rhapsody,xa_ex_2120.mdls,1,506CC,Resist 09 Stop,3C 00 00 00,60
Heartless Blue Rhapsody,xa_ex_2120.mdls,1,506D0,Resist 0A Stun,64 00 00 00,100
Heartless Blue Rhapsody,xa_ex_2120.mdls,1,506D4,Resist 0B Heal,64 00 00 00,100
Heartless Blue Rhapsody,xa_ex_2120.mdls,1,506D8,Resist 0C Unknown,64 00 00 00,100
Heartless Blue Rhapsody,xa_ex_2120.mdls,1,506DC,Resist 0D Unknown,64 00 00 00,100
Heartless Blue Rhapsody,xa_ex_2120.mdls,1,506E0,Resist 0E Unknown,64 00 00 00,100
Heartless Blue Rhapsody,xa_ex_2120.mdls,1,506E4,Resist 0F Unknown,64 00 00 00,100
Heartless Blue Rhapsody,xa_ex_2120.mdls,1,506E8,??? (+68),08 00 00 00,8
Heartless Yellow Opera,xa_ex_2130.mdls,0,58E14,HP,18 00 00 00,24
Heartless Yellow Opera,xa_ex_2130.mdls,0,58E18,ATK Level,07 00 00 00,7
Heartless Yellow Opera,xa_ex_2130.mdls,0,58E1C,DEF Level,07 00 00 00,7
Heartless Yellow Opera,xa_ex_2130.mdls,0,58E20,Min Damage Taken,03 00 00 00,3
Heartless Yellow Opera,xa_ex_2130.mdls,0,58E24,Max Damage Taken,2C 01 00 00,300
Heartless Yellow Opera,xa_ex_2130.mdls,0,58E28,MP Recovery On Hit,0E 00 00 00,14
Heartless Yellow Opera,xa_ex_2130.mdls,0,58E2C,Knockback Weight,00 00 80 3F,1
Heartless Yellow Opera,xa_ex_2130.mdls,0,58E30,EXP,03 00 00 00,3
Heartless Yellow Opera,xa_ex_2130.mdls,0,58E34,??? (+20),B9 13 00 00,5049
Heartless Yellow Opera,xa_ex_2130.mdls,0,58E38,Outgoing Damage Multiplier,00 00 80 3F,1
Heartless Yellow Opera,xa_ex_2130.mdls,0,58E3C,Resist 00 Unknown,64 00 00 00,100
Heartless Yellow Opera,xa_ex_2130.mdls,0,58E40,Resist 01 Physical,64 00 00 00,100
Heartless Yellow Opera,xa_ex_2130.mdls,0,58E44,Resist 02 Fire,64 00 00 00,100
Heartless Yellow Opera,xa_ex_2130.mdls,0,58E48,Resist 03 Blizzard,64 00 00 00,100
Heartless Yellow Opera,xa_ex_2130.mdls,0,58E4C,Resist 04 Thunder,64 00 00 00,100
Heartless Yellow Opera,xa_ex_2130.mdls,0,58E50,Resist 05 Unknown,64 00 00 00,100
Heartless Yellow Opera,xa_ex_2130.mdls,0,58E54,Resist 06 Unknown,64 00 00 00,100
Heartless Yellow Opera,xa_ex_2130.mdls,0,58E58,Resist 07 Unknown,64 00 00 00,100
Heartless Yellow Opera,xa_ex_2130.mdls,0,58E5C,Resist 08 Percent HP,64 00 00 00,100
Heartless Yellow Opera,xa_ex_2130.mdls,0,58E60,Resist 09 Stop,64 00 00 00,100
Heartless Yellow Opera,xa_ex_2130.mdls,0,58E64,Resist 0A Stun,64 00 00 00,100
Heartless Yellow Opera,xa_ex_2130.mdls,0,58E68,Resist 0B Heal,64 00 00 00,100
Heartless Yellow Opera,xa_ex_2130.mdls,0,58E6C,Resist 0C Unknown,64 00 00 00,100
Heartless Yellow Opera,xa_ex_2130.mdls,0,58E70,Resist 0D Unknown,64 00 00 00,100
Heartless Yellow Opera,xa_ex_2130.mdls,0,58E74,Resist 0E Unknown,64 00 00 00,100
Heartless Yellow Opera,xa_ex_2130.mdls,0,58E78,Resist 0F Unknown,64 00 00 00,100
Heartless Yellow Opera,xa_ex_2130.mdls,0,58E7C,??? (+68),10 00 00 00,16
Heartless Yellow Opera,xa_ex_2130.mdls,1,58E80,HP,3C 00 00 00,60
Heartless Yellow Opera,xa_ex_2130.mdls,1,58E84,ATK Level,11 00 00 00,17
Heartless Yellow Opera,xa_ex_2130.mdls,1,58E88,DEF Level,11 00 00 00,17
Heartless Yellow Opera,xa_ex_2130.mdls,1,58E8C,Min Damage Taken,06 00 00 00,6
Heartless Yellow Opera,xa_ex_2130.mdls,1,58E90,Max Damage Taken,2C 01 00 00,300
Heartless Yellow Opera,xa_ex_2130.mdls,1,58E94,MP Recovery On Hit,2B 00 00 00,43
Heartless Yellow Opera,xa_ex_2130.mdls,1,58E98,Knockback Weight,00 00 80 3F,1
Heartless Yellow Opera,xa_ex_2130.mdls,1,58E9C,EXP,3C 00 00 00,60
Heartless Yellow Opera,xa_ex_2130.mdls,1,58EA0,??? (+20),B9 13 00 00,5049
Heartless Yellow Opera,xa_ex_2130.mdls,1,58EA4,Outgoing Damage Multiplier,CD CC AC 3F,1.35
Heartless Yellow Opera,xa_ex_2130.mdls,1,58EA8,Resist 00 Unknown,64 00 00 00,100
Heartless Yellow Opera,xa_ex_2130.mdls,1,58EAC,Resist 01 Physical,64 00 00 00,100
Heartless Yellow Opera,xa_ex_2130.mdls,1,58EB0,Resist 02 Fire,64 00 00 00,100
Heartless Yellow Opera,xa_ex_2130.mdls,1,58EB4,Resist 03 Blizzard,64 00 00 00,100
Heartless Yellow Opera,xa_ex_2130.mdls,1,58EB8,Resist 04 Thunder,64 00 00 00,100
Heartless Yellow Opera,xa_ex_2130.mdls,1,58EBC,Resist 05 Unknown,64 00 00 00,100
Heartless Yellow Opera,xa_ex_2130.mdls,1,58EC0,Resist 06 Unknown,64 00 00 00,100
Heartless Yellow Opera,xa_ex_2130.mdls,1,58EC4,Resist 07 Unknown,64 00 00 00,100
Heartless Yellow Opera,xa_ex_2130.mdls,1,58EC8,Resist 08 Percent HP,50 00 00 00,80
Heartless Yellow Opera,xa_ex_2130.mdls,1,58ECC,Resist 09 Stop,3C 00 00 00,60
Heartless Yellow Opera,xa_ex_2130.mdls,1,58ED0,Resist 0A Stun,64 00 00 00,100
Heartless Yellow Opera,xa_ex_2130.mdls,1,58ED4,Resist 0B Heal,64 00 00 00,100
Heartless Yellow Opera,xa_ex_2130.mdls,1,58ED8,Resist 0C Unknown,64 00 00 00,100
Heartless Yellow Opera,xa_ex_2130.mdls,1,58EDC,Resist 0D Unknown,64 00 00 00,100
Heartless Yellow Opera,xa_ex_2130.mdls,1,58EE0,Resist 0E Unknown,64 00 00 00,100
Heartless Yellow Opera,xa_ex_2130.mdls,1,58EE4,Resist 0F Unknown,64 00 00 00,100
Heartless Yellow Opera,xa_ex_2130.mdls,1,58EE8,??? (+68),10 00 00 00,16
Heartless Green Requiem,xa_ex_2140.mdls,0,5DC94,HP,0F 00 00 00,15
Heartless Green Requiem,xa_ex_2140.mdls,0,5DC98,ATK Level,07 00 00 00,7
Heartless Green Requiem,xa_ex_2140.mdls,0,5DC9C,DEF Level,07 00 00 00,7
Heartless Green Requiem,xa_ex_2140.mdls,0,5DCA0,Min Damage Taken,03 00 00 00,3
Heartless Green Requiem,xa_ex_2140.mdls,0,5DCA4,Max Damage Taken,2C 01 00 00,300
Heartless Green Requiem,xa_ex_2140.mdls,0,5DCA8,MP Recovery On Hit,0E 00 00 00,14
Heartless Green Requiem,xa_ex_2140.mdls,0,5DCAC,Knockback Weight,00 00 80 3F,1
Heartless Green Requiem,xa_ex_2140.mdls,0,5DCB0,EXP,04 00 00 00,4
Heartless Green Requiem,xa_ex_2140.mdls,0,5DCB4,??? (+20),BD 13 00 00,5053
Heartless Green Requiem,xa_ex_2140.mdls,0,5DCB8,Outgoing Damage Multiplier,00 00 80 3F,1
Heartless Green Requiem,xa_ex_2140.mdls,0,5DCBC,Resist 00 Unknown,64 00 00 00,100
Heartless Green Requiem,xa_ex_2140.mdls,0,5DCC0,Resist 01 Physical,64 00 00 00,100
Heartless Green Requiem,xa_ex_2140.mdls,0,5DCC4,Resist 02 Fire,64 00 00 00,100
Heartless Green Requiem,xa_ex_2140.mdls,0,5DCC8,Resist 03 Blizzard,64 00 00 00,100
Heartless Green Requiem,xa_ex_2140.mdls,0,5DCCC,Resist 04 Thunder,64 00 00 00,100
Heartless Green Requiem,xa_ex_2140.mdls,0,5DCD0,Resist 05 Unknown,64 00 00 00,100
Heartless Green Requiem,xa_ex_2140.mdls,0,5DCD4,Resist 06 Unknown,64 00 00 00,100
Heartless Green Requiem,xa_ex_2140.mdls,0,5DCD8,Resist 07 Unknown,64 00 00 00,100
Heartless Green Requiem,xa_ex_2140.mdls,0,5DCDC,Resist 08 Percent HP,64 00 00 00,100
Heartless Green Requiem,xa_ex_2140.mdls,0,5DCE0,Resist 09 Stop,64 00 00 00,100
Heartless Green Requiem,xa_ex_2140.mdls,0,5DCE4,Resist 0A Stun,64 00 00 00,100
Heartless Green Requiem,xa_ex_2140.mdls,0,5DCE8,Resist 0B Heal,64 00 00 00,100
Heartless Green Requiem,xa_ex_2140.mdls,0,5DCEC,Resist 0C Unknown,64 00 00 00,100
Heartless Green Requiem,xa_ex_2140.mdls,0,5DCF0,Resist 0D Unknown,64 00 00 00,100
Heartless Green Requiem,xa_ex_2140.mdls,0,5DCF4,Resist 0E Unknown,64 00 00 00,100
Heartless Green Requiem,xa_ex_2140.mdls,0,5DCF8,Resist 0F Unknown,64 00 00 00,100
Heartless Green Requiem,xa_ex_2140.mdls,0,5DCFC,??? (+68),1C 00 00 00,28
Heartless Green Requiem,xa_ex_2140.mdls,1,5DD00,HP,2D 00 00 00,45
Heartless Green Requiem,xa_ex_2140.mdls,1,5DD04,ATK Level,11 00 00 00,17
Heartless Green Requiem,xa_ex_2140.mdls,1,5DD08,DEF Level,11 00 00 00,17
Heartless Green Requiem,xa_ex_2140.mdls,1,5DD0C,Min Damage Taken,06 00 00 00,6
Heartless Green Requiem,xa_ex_2140.mdls,1,5DD10,Max Damage Taken,2C 01 00 00,300
Heartless Green Requiem,xa_ex_2140.mdls,1,5DD14,MP Recovery On Hit,2B 00 00 00,43
Heartless Green Requiem,xa_ex_2140.mdls,1,5DD18,Knockback Weight,00 00 80 3F,1
Heartless Green Requiem,xa_ex_2140.mdls,1,5DD1C,EXP,5A 00 00 00,90
Heartless Green Requiem,xa_ex_2140.mdls,1,5DD20,??? (+20),BD 13 00 00,5053
Heartless Green Requiem,xa_ex_2140.mdls,1,5DD24,Outgoing Damage Multiplier,CD CC AC 3F,1.35
Heartless Green Requiem,xa_ex_2140.mdls,1,5DD28,Resist 00 Unknown,64 00 00 00,100
Heartless Green Requiem,xa_ex_2140.mdls,1,5DD2C,Resist 01 Physical,64 00 00 00,100
Heartless Green Requiem,xa_ex_2140.mdls,1,5DD30,Resist 02 Fire,64 00 00 00,100
Heartless Green Requiem,xa_ex_2140.mdls,1,5DD34,Resist 03 Blizzard,64 00 00 00,100
Heartless Green Requiem,xa_ex_2140.mdls,1,5DD38,Resist 04 Thunder,64 00 00 00,100
Heartless Green Requiem,xa_ex_2140.mdls,1,5DD3C,Resist 05 Unknown,64 00 00 00,100
Heartless Green Requiem,xa_ex_2140.mdls,1,5DD40,Resist 06 Unknown,64 00 00 00,100
Heartless Green Requiem,xa_ex_2140.mdls,1,5DD44,Resist 07 Unknown,64 00 00 00,100
Heartless Green Requiem,xa_ex_2140.mdls,1,5DD48,Resist 08 Percent HP,50 00 00 00,80
Heartless Green Requiem,xa_ex_2140.mdls,1,5DD4C,Resist 09 Stop,3C 00 00 00,60
Heartless Green Requiem,xa_ex_2140.mdls,1,5DD50,Resist 0A Stun,64 00 00 00,100
Heartless Green Requiem,xa_ex_2140.mdls,1,5DD54,Resist 0B Heal,64 00 00 00,100
Heartless Green Requiem,xa_ex_2140.mdls,1,5DD58,Resist 0C Unknown,64 00 00 00,100
Heartless Green Requiem,xa_ex_2140.mdls,1,5DD5C,Resist 0D Unknown,64 00 00 00,100
Heartless Green Requiem,xa_ex_2140.mdls,1,5DD60,Resist 0E Unknown,64 00 00 00,100
Heartless Green Requiem,xa_ex_2140.mdls,1,5DD64,Resist 0F Unknown,64 00 00 00,100
Heartless Green Requiem,xa_ex_2140.mdls,1,5DD68,??? (+68),1C 00 00 00,28
Heartless Wizard,xa_ex_2150.mdls,0,FAB94,HP,4B 00 00 00,75
Heartless Wizard,xa_ex_2150.mdls,0,FAB98,ATK Level,10 00 00 00,16
Heartless Wizard,xa_ex_2150.mdls,0,FAB9C,DEF Level,10 00 00 00,16
Heartless Wizard,xa_ex_2150.mdls,0,FABA0,Min Damage Taken,0A 00 00 00,10
Heartless Wizard,xa_ex_2150.mdls,0,FABA4,Max Damage Taken,2C 01 00 00,300
Heartless Wizard,xa_ex_2150.mdls,0,FABA8,MP Recovery On Hit,2A 00 00 00,42
Heartless Wizard,xa_ex_2150.mdls,0,FABAC,Knockback Weight,00 00 80 3F,1
Heartless Wizard,xa_ex_2150.mdls,0,FABB0,EXP,5A 00 00 00,90
Heartless Wizard,xa_ex_2150.mdls,0,FABB4,??? (+20),01 14 00 00,5121
Heartless Wizard,xa_ex_2150.mdls,0,FABB8,Outgoing Damage Multiplier,00 00 80 3F,1
Heartless Wizard,xa_ex_2150.mdls,0,FABBC,Resist 00 Unknown,64 00 00 00,100
Heartless Wizard,xa_ex_2150.mdls,0,FABC0,Resist 01 Physical,64 00 00 00,100
Heartless Wizard,xa_ex_2150.mdls,0,FABC4,Resist 02 Fire,64 00 00 00,100
Heartless Wizard,xa_ex_2150.mdls,0,FABC8,Resist 03 Blizzard,64 00 00 00,100
Heartless Wizard,xa_ex_2150.mdls,0,FABCC,Resist 04 Thunder,64 00 00 00,100
Heartless Wizard,xa_ex_2150.mdls,0,FABD0,Resist 05 Unknown,00 00 00 00,0
Heartless Wizard,xa_ex_2150.mdls,0,FABD4,Resist 06 Unknown,64 00 00 00,100
Heartless Wizard,xa_ex_2150.mdls,0,FABD8,Resist 07 Unknown,64 00 00 00,100
Heartless Wizard,xa_ex_2150.mdls,0,FABDC,Resist 08 Percent HP,32 00 00 00,50
Heartless Wizard,xa_ex_2150.mdls,0,FABE0,Resist 09 Stop,64 00 00 00,100
Heartless Wizard,xa_ex_2150.mdls,0,FABE4,Resist 0A Stun,64 00 00 00,100
Heartless Wizard,xa_ex_2150.mdls,0,FABE8,Resist 0B Heal,64 00 00 00,100
Heartless Wizard,xa_ex_2150.mdls,0,FABEC,Resist 0C Unknown,64 00 00 00,100
Heartless Wizard,xa_ex_2150.mdls,0,FABF0,Resist 0D Unknown,64 00 00 00,100
Heartless Wizard,xa_ex_2150.mdls,0,FABF4,Resist 0E Unknown,64 00 00 00,100
Heartless Wizard,xa_ex_2150.mdls,0,FABF8,Resist 0F Unknown,64 00 00 00,100
Heartless Wizard,xa_ex_2150.mdls,0,FABFC,??? (+68),1C 00 00 00,28
Heartless Wizard,xa_ex_2150.mdls,1,FAC00,HP,5A 00 00 00,90
Heartless Wizard,xa_ex_2150.mdls,1,FAC04,ATK Level,11 00 00 00,17
Heartless Wizard,xa_ex_2150.mdls,1,FAC08,DEF Level,11 00 00 00,17
Heartless Wizard,xa_ex_2150.mdls,1,FAC0C,Min Damage Taken,08 00 00 00,8
Heartless Wizard,xa_ex_2150.mdls,1,FAC10,Max Damage Taken,50 00 00 00,80
Heartless Wizard,xa_ex_2150.mdls,1,FAC14,MP Recovery On Hit,2F 00 00 00,47
Heartless Wizard,xa_ex_2150.mdls,1,FAC18,Knockback Weight,00 00 80 3F,1
Heartless Wizard,xa_ex_2150.mdls,1,FAC1C,EXP,96 00 00 00,150
Heartless Wizard,xa_ex_2150.mdls,1,FAC20,??? (+20),01 14 00 00,5121
Heartless Wizard,xa_ex_2150.mdls,1,FAC24,Outgoing Damage Multiplier,33 33 93 3F,1.15
Heartless Wizard,xa_ex_2150.mdls,1,FAC28,Resist 00 Unknown,64 00 00 00,100
Heartless Wizard,xa_ex_2150.mdls,1,FAC2C,Resist 01 Physical,64 00 00 00,100
Heartless Wizard,xa_ex_2150.mdls,1,FAC30,Resist 02 Fire,64 00 00 00,100
Heartless Wizard,xa_ex_2150.mdls,1,FAC34,Resist 03 Blizzard,64 00 00 00,100
Heartless Wizard,xa_ex_2150.mdls,1,FAC38,Resist 04 Thunder,64 00 00 00,100
Heartless Wizard,xa_ex_2150.mdls,1,FAC3C,Resist 05 Unknown,00 00 00 00,0
Heartless Wizard,xa_ex_2150.mdls,1,FAC40,Resist 06 Unknown,64 00 00 00,100
Heartless Wizard,xa_ex_2150.mdls,1,FAC44,Resist 07 Unknown,64 00 00 00,100
Heartless Wizard,xa_ex_2150.mdls,1,FAC48,Resist 08 Percent HP,28 00 00 00,40
Heartless Wizard,xa_ex_2150.mdls,1,FAC4C,Resist 09 Stop,3C 00 00 00,60
Heartless Wizard,xa_ex_2150.mdls,1,FAC50,Resist 0A Stun,64 00 00 00,100
Heartless Wizard,xa_ex_2150.mdls,1,FAC54,Resist 0B Heal,64 00 00 00,100
Heartless Wizard,xa_ex_2150.mdls,1,FAC58,Resist 0C Unknown,64 00 00 00,100
Heartless Wizard,xa_ex_2150.mdls,1,FAC5C,Resist 0D Unknown,64 00 00 00,100
Heartless Wizard,xa_ex_2150.mdls,1,FAC60,Resist 0E Unknown,64 00 00 00,100
Heartless Wizard,xa_ex_2150.mdls,1,FAC64,Resist 0F Unknown,64 00 00 00,100
Heartless Wizard,xa_ex_2150.mdls,1,FAC68,??? (+68),1C 00 00 00,28
Heartless Wizard (Halloween Town),xa_ex_2151.mdls,0,FAB94,HP,4B 00 00 00,75
Heartless Wizard (Halloween Town),xa_ex_2151.mdls,0,FAB98,ATK Level,10 00 00 00,16
Heartless Wizard (Halloween Town),xa_ex_2151.mdls,0,FAB9C,DEF Level,10 00 00 00,16
Heartless Wizard (Halloween Town),xa_ex_2151.mdls,0,FABA0,Min Damage Taken,0A 00 00 00,10
Heartless Wizard (Halloween Town),xa_ex_2151.mdls,0,FABA4,Max Damage Taken,2C 01 00 00,300
Heartless Wizard (Halloween Town),xa_ex_2151.mdls,0,FABA8,MP Recovery On Hit,2A 00 00 00,42
Heartless Wizard (Halloween Town),xa_ex_2151.mdls,0,FABAC,Knockback Weight,00 00 80 3F,1
Heartless Wizard (Halloween Town),xa_ex_2151.mdls,0,FABB0,EXP,5A 00 00 00,90
Heartless Wizard (Halloween Town),xa_ex_2151.mdls,0,FABB4,??? (+20),01 14 00 00,5121
Heartless Wizard (Halloween Town),xa_ex_2151.mdls,0,FABB8,Outgoing Damage Multiplier,00 00 80 3F,1
Heartless Wizard (Halloween Town),xa_ex_2151.mdls,0,FABBC,Resist 00 Unknown,64 00 00 00,100
Heartless Wizard (Halloween Town),xa_ex_2151.mdls,0,FABC0,Resist 01 Physical,64 00 00 00,100
Heartless Wizard (Halloween Town),xa_ex_2151.mdls,0,FABC4,Resist 02 Fire,64 00 00 00,100
Heartless Wizard (Halloween Town),xa_ex_2151.mdls,0,FABC8,Resist 03 Blizzard,64 00 00 00,100
Heartless Wizard (Halloween Town),xa_ex_2151.mdls,0,FABCC,Resist 04 Thunder,64 00 00 00,100
Heartless Wizard (Halloween Town),xa_ex_2151.mdls,0,FABD0,Resist 05 Unknown,00 00 00 00,0
Heartless Wizard (Halloween Town),xa_ex_2151.mdls,0,FABD4,Resist 06 Unknown,64 00 00 00,100
Heartless Wizard (Halloween Town),xa_ex_2151.mdls,0,FABD8,Resist 07 Unknown,64 00 00 00,100
Heartless Wizard (Halloween Town),xa_ex_2151.mdls,0,FABDC,Resist 08 Percent HP,32 00 00 00,50
Heartless Wizard (Halloween Town),xa_ex_2151.mdls,0,FABE0,Resist 09 Stop,64 00 00 00,100
Heartless Wizard (Halloween Town),xa_ex_2151.mdls,0,FABE4,Resist 0A Stun,64 00 00 00,100
Heartless Wizard (Halloween Town),xa_ex_2151.mdls,0,FABE8,Resist 0B Heal,64 00 00 00,100
Heartless Wizard (Halloween Town),xa_ex_2151.mdls,0,FABEC,Resist 0C Unknown,64 00 00 00,100
Heartless Wizard (Halloween Town),xa_ex_2151.mdls,0,FABF0,Resist 0D Unknown,64 00 00 00,100
Heartless Wizard (Halloween Town),xa_ex_2151.mdls,0,FABF4,Resist 0E Unknown,64 00 00 00,100
Heartless Wizard (Halloween Town),xa_ex_2151.mdls,0,FABF8,Resist 0F Unknown,64 00 00 00,100
Heartless Wizard (Halloween Town),xa_ex_2151.mdls,0,FABFC,??? (+68),1C 00 00 00,28
Heartless Wizard (Halloween Town),xa_ex_2151.mdls,1,FAC00,HP,5A 00 00 00,90
Heartless Wizard (Halloween Town),xa_ex_2151.mdls,1,FAC04,ATK Level,11 00 00 00,17
Heartless Wizard (Halloween Town),xa_ex_2151.mdls,1,FAC08,DEF Level,11 00 00 00,17
Heartless Wizard (Halloween Town),xa_ex_2151.mdls,1,FAC0C,Min Damage Taken,08 00 00 00,8
Heartless Wizard (Halloween Town),xa_ex_2151.mdls,1,FAC10,Max Damage Taken,50 00 00 00,80
Heartless Wizard (Halloween Town),xa_ex_2151.mdls,1,FAC14,MP Recovery On Hit,2F 00 00 00,47
Heartless Wizard (Halloween Town),xa_ex_2151.mdls,1,FAC18,Knockback Weight,00 00 80 3F,1
Heartless Wizard (Halloween Town),xa_ex_2151.mdls,1,FAC1C,EXP,96 00 00 00,150
Heartless Wizard (Halloween Town),xa_ex_2151.mdls,1,FAC20,??? (+20),01 14 00 00,5121
Heartless Wizard (Halloween Town),xa_ex_2151.mdls,1,FAC24,Outgoing Damage Multiplier,33 33 93 3F,1.15
Heartless Wizard (Halloween Town),xa_ex_2151.mdls,1,FAC28,Resist 00 Unknown,64 00 00 00,100
Heartless Wizard (Halloween Town),xa_ex_2151.mdls,1,FAC2C,Resist 01 Physical,64 00 00 00,100
Heartless Wizard (Halloween Town),xa_ex_2151.mdls,1,FAC30,Resist 02 Fire,64 00 00 00,100
Heartless Wizard (Halloween Town),xa_ex_2151.mdls,1,FAC34,Resist 03 Blizzard,64 00 00 00,100
Heartless Wizard (Halloween Town),xa_ex_2151.mdls,1,FAC38,Resist 04 Thunder,64 00 00 00,100
Heartless Wizard (Halloween Town),xa_ex_2151.mdls,1,FAC3C,Resist 05 Unknown,00 00 00 00,0
Heartless Wizard (Halloween Town),xa_ex_2151.mdls,1,FAC40,Resist 06 Unknown,64 00 00 00,100
Heartless Wizard (Halloween Town),xa_ex_2151.mdls,1,FAC44,Resist 07 Unknown,64 00 00 00,100
Heartless Wizard (Halloween Town),xa_ex_2151.mdls,1,FAC48,Resist 08 Percent HP,28 00 00 00,40
Heartless Wizard (Halloween Town),xa_ex_2151.mdls,1,FAC4C,Resist 09 Stop,3C 00 00 00,60
Heartless Wizard (Halloween Town),xa_ex_2151.mdls,1,FAC50,Resist 0A Stun,64 00 00 00,100
Heartless Wizard (Halloween Town),xa_ex_2151.mdls,1,FAC54,Resist 0B Heal,64 00 00 00,100
Heartless Wizard (Halloween Town),xa_ex_2151.mdls,1,FAC58,Resist 0C Unknown,64 00 00 00,100
Heartless Wizard (Halloween Town),xa_ex_2151.mdls,1,FAC5C,Resist 0D Unknown,64 00 00 00,100
Heartless Wizard (Halloween Town),xa_ex_2151.mdls,1,FAC60,Resist 0E Unknown,64 00 00 00,100
Heartless Wizard (Halloween Town),xa_ex_2151.mdls,1,FAC64,Resist 0F Unknown,64 00 00 00,100
Heartless Wizard (Halloween Town),xa_ex_2151.mdls,1,FAC68,??? (+68),1C 00 00 00,28
Heartless Air Soldier,xa_ex_2160.mdls,0,68A94,HP,21 00 00 00,33
Heartless Air Soldier,xa_ex_2160.mdls,0,68A98,ATK Level,07 00 00 00,7
Heartless Air Soldier,xa_ex_2160.mdls,0,68A9C,DEF Level,07 00 00 00,7
Heartless Air Soldier,xa_ex_2160.mdls,0,68AA0,Min Damage Taken,04 00 00 00,4
Heartless Air Soldier,xa_ex_2160.mdls,0,68AA4,Max Damage Taken,2C 01 00 00,300
Heartless Air Soldier,xa_ex_2160.mdls,0,68AA8,MP Recovery On Hit,12 00 00 00,18
Heartless Air Soldier,xa_ex_2160.mdls,0,68AAC,Knockback Weight,00 00 80 3F,1
Heartless Air Soldier,xa_ex_2160.mdls,0,68AB0,EXP,05 00 00 00,5
Heartless Air Soldier,xa_ex_2160.mdls,0,68AB4,??? (+20),ED 13 00 00,5101
Heartless Air Soldier,xa_ex_2160.mdls,0,68AB8,Outgoing Damage Multiplier,00 00 80 3F,1
Heartless Air Soldier,xa_ex_2160.mdls,0,68ABC,Resist 00 Unknown,64 00 00 00,100
Heartless Air Soldier,xa_ex_2160.mdls,0,68AC0,Resist 01 Physical,64 00 00 00,100
Heartless Air Soldier,xa_ex_2160.mdls,0,68AC4,Resist 02 Fire,64 00 00 00,100
Heartless Air Soldier,xa_ex_2160.mdls,0,68AC8,Resist 03 Blizzard,64 00 00 00,100
Heartless Air Soldier,xa_ex_2160.mdls,0,68ACC,Resist 04 Thunder,64 00 00 00,100
Heartless Air Soldier,xa_ex_2160.mdls,0,68AD0,Resist 05 Unknown,64 00 00 00,100
Heartless Air Soldier,xa_ex_2160.mdls,0,68AD4,Resist 06 Unknown,64 00 00 00,100
Heartless Air Soldier,xa_ex_2160.mdls,0,68AD8,Resist 07 Unknown,64 00 00 00,100
Heartless Air Soldier,xa_ex_2160.mdls,0,68ADC,Resist 08 Percent HP,64 00 00 00,100
Heartless Air Soldier,xa_ex_2160.mdls,0,68AE0,Resist 09 Stop,64 00 00 00,100
Heartless Air Soldier,xa_ex_2160.mdls,0,68AE4,Resist 0A Stun,64 00 00 00,100
Heartless Air Soldier,xa_ex_2160.mdls,0,68AE8,Resist 0B Heal,64 00 00 00,100
Heartless Air Soldier,xa_ex_2160.mdls,0,68AEC,Resist 0C Unknown,64 00 00 00,100
Heartless Air Soldier,xa_ex_2160.mdls,0,68AF0,Resist 0D Unknown,64 00 00 00,100
Heartless Air Soldier,xa_ex_2160.mdls,0,68AF4,Resist 0E Unknown,64 00 00 00,100
Heartless Air Soldier,xa_ex_2160.mdls,0,68AF8,Resist 0F Unknown,64 00 00 00,100
Heartless Air Soldier,xa_ex_2160.mdls,0,68AFC,??? (+68),00 00 00 00,0
Heartless Air Soldier,xa_ex_2160.mdls,1,68B00,HP,78 00 00 00,120
Heartless Air Soldier,xa_ex_2160.mdls,1,68B04,ATK Level,11 00 00 00,17
Heartless Air Soldier,xa_ex_2160.mdls,1,68B08,DEF Level,11 00 00 00,17
Heartless Air Soldier,xa_ex_2160.mdls,1,68B0C,Min Damage Taken,05 00 00 00,5
Heartless Air Soldier,xa_ex_2160.mdls,1,68B10,Max Damage Taken,2C 01 00 00,300
Heartless Air Soldier,xa_ex_2160.mdls,1,68B14,MP Recovery On Hit,2F 00 00 00,47
Heartless Air Soldier,xa_ex_2160.mdls,1,68B18,Knockback Weight,00 00 80 3F,1
Heartless Air Soldier,xa_ex_2160.mdls,1,68B1C,EXP,5A 00 00 00,90
Heartless Air Soldier,xa_ex_2160.mdls,1,68B20,??? (+20),ED 13 00 00,5101
Heartless Air Soldier,xa_ex_2160.mdls,1,68B24,Outgoing Damage Multiplier,CD CC AC 3F,1.35
Heartless Air Soldier,xa_ex_2160.mdls,1,68B28,Resist 00 Unknown,64 00 00 00,100
Heartless Air Soldier,xa_ex_2160.mdls,1,68B2C,Resist 01 Physical,64 00 00 00,100
Heartless Air Soldier,xa_ex_2160.mdls,1,68B30,Resist 02 Fire,64 00 00 00,100
Heartless Air Soldier,xa_ex_2160.mdls,1,68B34,Resist 03 Blizzard,64 00 00 00,100
Heartless Air Soldier,xa_ex_2160.mdls,1,68B38,Resist 04 Thunder,64 00 00 00,100
Heartless Air Soldier,xa_ex_2160.mdls,1,68B3C,Resist 05 Unknown,64 00 00 00,100
Heartless Air Soldier,xa_ex_2160.mdls,1,68B40,Resist 06 Unknown,64 00 00 00,100
Heartless Air Soldier,xa_ex_2160.mdls,1,68B44,Resist 07 Unknown,64 00 00 00,100
Heartless Air Soldier,xa_ex_2160.mdls,1,68B48,Resist 08 Percent HP,50 00 00 00,80
Heartless Air Soldier,xa_ex_2160.mdls,1,68B4C,Resist 09 Stop,3C 00 00 00,60
Heartless Air Soldier,xa_ex_2160.mdls,1,68B50,Resist 0A Stun,64 00 00 00,100
Heartless Air Soldier,xa_ex_2160.mdls,1,68B54,Resist 0B Heal,64 00 00 00,100
Heartless Air Soldier,xa_ex_2160.mdls,1,68B58,Resist 0C Unknown,64 00 00 00,100
Heartless Air Soldier,xa_ex_2160.mdls,1,68B5C,Resist 0D Unknown,64 00 00 00,100
Heartless Air Soldier,xa_ex_2160.mdls,1,68B60,Resist 0E Unknown,64 00 00 00,100
Heartless Air Soldier,xa_ex_2160.mdls,1,68B64,Resist 0F Unknown,64 00 00 00,100
Heartless Air Soldier,xa_ex_2160.mdls,1,68B68,??? (+68),00 00 00 00,0
Heartless Pot Spider (Ligher Red),xa_ex_2170.mdls,0,36694,HP,15 00 00 00,21
Heartless Pot Spider (Ligher Red),xa_ex_2170.mdls,0,36698,ATK Level,09 00 00 00,9
Heartless Pot Spider (Ligher Red),xa_ex_2170.mdls,0,3669C,DEF Level,09 00 00 00,9
Heartless Pot Spider (Ligher Red),xa_ex_2170.mdls,0,366A0,Min Damage Taken,06 00 00 00,6
Heartless Pot Spider (Ligher Red),xa_ex_2170.mdls,0,366A4,Max Damage Taken,2C 01 00 00,300
Heartless Pot Spider (Ligher Red),xa_ex_2170.mdls,0,366A8,MP Recovery On Hit,12 00 00 00,18
Heartless Pot Spider (Ligher Red),xa_ex_2170.mdls,0,366AC,Knockback Weight,00 00 80 3F,1
Heartless Pot Spider (Ligher Red),xa_ex_2170.mdls,0,366B0,EXP,02 00 00 00,2
Heartless Pot Spider (Ligher Red),xa_ex_2170.mdls,0,366B4,??? (+20),C1 13 00 00,5057
Heartless Pot Spider (Ligher Red),xa_ex_2170.mdls,0,366B8,Outgoing Damage Multiplier,00 00 80 3F,1
Heartless Pot Spider (Ligher Red),xa_ex_2170.mdls,0,366BC,Resist 00 Unknown,64 00 00 00,100
Heartless Pot Spider (Ligher Red),xa_ex_2170.mdls,0,366C0,Resist 01 Physical,64 00 00 00,100
Heartless Pot Spider (Ligher Red),xa_ex_2170.mdls,0,366C4,Resist 02 Fire,64 00 00 00,100
Heartless Pot Spider (Ligher Red),xa_ex_2170.mdls,0,366C8,Resist 03 Blizzard,64 00 00 00,100
Heartless Pot Spider (Ligher Red),xa_ex_2170.mdls,0,366CC,Resist 04 Thunder,64 00 00 00,100
Heartless Pot Spider (Ligher Red),xa_ex_2170.mdls,0,366D0,Resist 05 Unknown,64 00 00 00,100
Heartless Pot Spider (Ligher Red),xa_ex_2170.mdls,0,366D4,Resist 06 Unknown,64 00 00 00,100
Heartless Pot Spider (Ligher Red),xa_ex_2170.mdls,0,366D8,Resist 07 Unknown,64 00 00 00,100
Heartless Pot Spider (Ligher Red),xa_ex_2170.mdls,0,366DC,Resist 08 Percent HP,64 00 00 00,100
Heartless Pot Spider (Ligher Red),xa_ex_2170.mdls,0,366E0,Resist 09 Stop,64 00 00 00,100
Heartless Pot Spider (Ligher Red),xa_ex_2170.mdls,0,366E4,Resist 0A Stun,64 00 00 00,100
Heartless Pot Spider (Ligher Red),xa_ex_2170.mdls,0,366E8,Resist 0B Heal,64 00 00 00,100
Heartless Pot Spider (Ligher Red),xa_ex_2170.mdls,0,366EC,Resist 0C Unknown,64 00 00 00,100
Heartless Pot Spider (Ligher Red),xa_ex_2170.mdls,0,366F0,Resist 0D Unknown,64 00 00 00,100
Heartless Pot Spider (Ligher Red),xa_ex_2170.mdls,0,366F4,Resist 0E Unknown,64 00 00 00,100
Heartless Pot Spider (Ligher Red),xa_ex_2170.mdls,0,366F8,Resist 0F Unknown,64 00 00 00,100
Heartless Pot Spider (Ligher Red),xa_ex_2170.mdls,0,366FC,??? (+68),00 00 00 00,0
Heartless Pot Spider (Ligher Red),xa_ex_2170.mdls,1,36700,HP,3C 00 00 00,60
Heartless Pot Spider (Ligher Red),xa_ex_2170.mdls,1,36704,ATK Level,11 00 00 00,17
Heartless Pot Spider (Ligher Red),xa_ex_2170.mdls,1,36708,DEF Level,11 00 00 00,17
Heartless Pot Spider (Ligher Red),xa_ex_2170.mdls,1,3670C,Min Damage Taken,08 00 00 00,8
Heartless Pot Spider (Ligher Red),xa_ex_2170.mdls,1,36710,Max Damage Taken,2C 01 00 00,300
Heartless Pot Spider (Ligher Red),xa_ex_2170.mdls,1,36714,MP Recovery On Hit,2B 00 00 00,43
Heartless Pot Spider (Ligher Red),xa_ex_2170.mdls,1,36718,Knockback Weight,00 00 80 3F,1
Heartless Pot Spider (Ligher Red),xa_ex_2170.mdls,1,3671C,EXP,1E 00 00 00,30
Heartless Pot Spider (Ligher Red),xa_ex_2170.mdls,1,36720,??? (+20),C1 13 00 00,5057
Heartless Pot Spider (Ligher Red),xa_ex_2170.mdls,1,36724,Outgoing Damage Multiplier,9A 99 D9 3F,1.7
Heartless Pot Spider (Ligher Red),xa_ex_2170.mdls,1,36728,Resist 00 Unknown,64 00 00 00,100
Heartless Pot Spider (Ligher Red),xa_ex_2170.mdls,1,3672C,Resist 01 Physical,64 00 00 00,100
Heartless Pot Spider (Ligher Red),xa_ex_2170.mdls,1,36730,Resist 02 Fire,64 00 00 00,100
Heartless Pot Spider (Ligher Red),xa_ex_2170.mdls,1,36734,Resist 03 Blizzard,64 00 00 00,100
Heartless Pot Spider (Ligher Red),xa_ex_2170.mdls,1,36738,Resist 04 Thunder,64 00 00 00,100
Heartless Pot Spider (Ligher Red),xa_ex_2170.mdls,1,3673C,Resist 05 Unknown,64 00 00 00,100
Heartless Pot Spider (Ligher Red),xa_ex_2170.mdls,1,36740,Resist 06 Unknown,64 00 00 00,100
Heartless Pot Spider (Ligher Red),xa_ex_2170.mdls,1,36744,Resist 07 Unknown,64 00 00 00,100
Heartless Pot Spider (Ligher Red),xa_ex_2170.mdls,1,36748,Resist 08 Percent HP,50 00 00 00,80
Heartless Pot Spider (Ligher Red),xa_ex_2170.mdls,1,3674C,Resist 09 Stop,3C 00 00 00,60
Heartless Pot Spider (Ligher Red),xa_ex_2170.mdls,1,36750,Resist 0A Stun,64 00 00 00,100
Heartless Pot Spider (Ligher Red),xa_ex_2170.mdls,1,36754,Resist 0B Heal,64 00 00 00,100
Heartless Pot Spider (Ligher Red),xa_ex_2170.mdls,1,36758,Resist 0C Unknown,64 00 00 00,100
Heartless Pot Spider (Ligher Red),xa_ex_2170.mdls,1,3675C,Resist 0D Unknown,64 00 00 00,100
Heartless Pot Spider (Ligher Red),xa_ex_2170.mdls,1,36760,Resist 0E Unknown,64 00 00 00,100
Heartless Pot Spider (Ligher Red),xa_ex_2170.mdls,1,36764,Resist 0F Unknown,64 00 00 00,100
Heartless Pot Spider (Ligher Red),xa_ex_2170.mdls,1,36768,??? (+68),00 00 00 00,0
Heartless Pot Spider (Darker Red),xa_ex_2172.mdls,0,36694,HP,15 00 00 00,21
Heartless Pot Spider (Darker Red),xa_ex_2172.mdls,0,36698,ATK Level,09 00 00 00,9
Heartless Pot Spider (Darker Red),xa_ex_2172.mdls,0,3669C,DEF Level,09 00 00 00,9
Heartless Pot Spider (Darker Red),xa_ex_2172.mdls,0,366A0,Min Damage Taken,06 00 00 00,6
Heartless Pot Spider (Darker Red),xa_ex_2172.mdls,0,366A4,Max Damage Taken,2C 01 00 00,300
Heartless Pot Spider (Darker Red),xa_ex_2172.mdls,0,366A8,MP Recovery On Hit,12 00 00 00,18
Heartless Pot Spider (Darker Red),xa_ex_2172.mdls,0,366AC,Knockback Weight,00 00 80 3F,1
Heartless Pot Spider (Darker Red),xa_ex_2172.mdls,0,366B0,EXP,02 00 00 00,2
Heartless Pot Spider (Darker Red),xa_ex_2172.mdls,0,366B4,??? (+20),C1 13 00 00,5057
Heartless Pot Spider (Darker Red),xa_ex_2172.mdls,0,366B8,Outgoing Damage Multiplier,00 00 80 3F,1
Heartless Pot Spider (Darker Red),xa_ex_2172.mdls,0,366BC,Resist 00 Unknown,64 00 00 00,100
Heartless Pot Spider (Darker Red),xa_ex_2172.mdls,0,366C0,Resist 01 Physical,64 00 00 00,100
Heartless Pot Spider (Darker Red),xa_ex_2172.mdls,0,366C4,Resist 02 Fire,64 00 00 00,100
Heartless Pot Spider (Darker Red),xa_ex_2172.mdls,0,366C8,Resist 03 Blizzard,64 00 00 00,100
Heartless Pot Spider (Darker Red),xa_ex_2172.mdls,0,366CC,Resist 04 Thunder,64 00 00 00,100
Heartless Pot Spider (Darker Red),xa_ex_2172.mdls,0,366D0,Resist 05 Unknown,64 00 00 00,100
Heartless Pot Spider (Darker Red),xa_ex_2172.mdls,0,366D4,Resist 06 Unknown,64 00 00 00,100
Heartless Pot Spider (Darker Red),xa_ex_2172.mdls,0,366D8,Resist 07 Unknown,64 00 00 00,100
Heartless Pot Spider (Darker Red),xa_ex_2172.mdls,0,366DC,Resist 08 Percent HP,64 00 00 00,100
Heartless Pot Spider (Darker Red),xa_ex_2172.mdls,0,366E0,Resist 09 Stop,64 00 00 00,100
Heartless Pot Spider (Darker Red),xa_ex_2172.mdls,0,366E4,Resist 0A Stun,64 00 00 00,100
Heartless Pot Spider (Darker Red),xa_ex_2172.mdls,0,366E8,Resist 0B Heal,64 00 00 00,100
Heartless Pot Spider (Darker Red),xa_ex_2172.mdls,0,366EC,Resist 0C Unknown,64 00 00 00,100
Heartless Pot Spider (Darker Red),xa_ex_2172.mdls,0,366F0,Resist 0D Unknown,64 00 00 00,100
Heartless Pot Spider (Darker Red),xa_ex_2172.mdls,0,366F4,Resist 0E Unknown,64 00 00 00,100
Heartless Pot Spider (Darker Red),xa_ex_2172.mdls,0,366F8,Resist 0F Unknown,64 00 00 00,100
Heartless Pot Spider (Darker Red),xa_ex_2172.mdls,0,366FC,??? (+68),00 00 00 00,0
Heartless Pot Spider (Darker Red),xa_ex_2172.mdls,1,36700,HP,3C 00 00 00,60
Heartless Pot Spider (Darker Red),xa_ex_2172.mdls,1,36704,ATK Level,11 00 00 00,17
Heartless Pot Spider (Darker Red),xa_ex_2172.mdls,1,36708,DEF Level,11 00 00 00,17
Heartless Pot Spider (Darker Red),xa_ex_2172.mdls,1,3670C,Min Damage Taken,08 00 00 00,8
Heartless Pot Spider (Darker Red),xa_ex_2172.mdls,1,36710,Max Damage Taken,2C 01 00 00,300
Heartless Pot Spider (Darker Red),xa_ex_2172.mdls,1,36714,MP Recovery On Hit,2B 00 00 00,43
Heartless Pot Spider (Darker Red),xa_ex_2172.mdls,1,36718,Knockback Weight,00 00 80 3F,1
Heartless Pot Spider (Darker Red),xa_ex_2172.mdls,1,3671C,EXP,1E 00 00 00,30
Heartless Pot Spider (Darker Red),xa_ex_2172.mdls,1,36720,??? (+20),C1 13 00 00,5057
Heartless Pot Spider (Darker Red),xa_ex_2172.mdls,1,36724,Outgoing Damage Multiplier,9A 99 D9 3F,1.7
Heartless Pot Spider (Darker Red),xa_ex_2172.mdls,1,36728,Resist 00 Unknown,64 00 00 00,100
Heartless Pot Spider (Darker Red),xa_ex_2172.mdls,1,3672C,Resist 01 Physical,64 00 00 00,100
Heartless Pot Spider (Darker Red),xa_ex_2172.mdls,1,36730,Resist 02 Fire,64 00 00 00,100
Heartless Pot Spider (Darker Red),xa_ex_2172.mdls,1,36734,Resist 03 Blizzard,64 00 00 00,100
Heartless Pot Spider (Darker Red),xa_ex_2172.mdls,1,36738,Resist 04 Thunder,64 00 00 00,100
Heartless Pot Spider (Darker Red),xa_ex_2172.mdls,1,3673C,Resist 05 Unknown,64 00 00 00,100
Heartless Pot Spider (Darker Red),xa_ex_2172.mdls,1,36740,Resist 06 Unknown,64 00 00 00,100
Heartless Pot Spider (Darker Red),xa_ex_2172.mdls,1,36744,Resist 07 Unknown,64 00 00 00,100
Heartless Pot Spider (Darker Red),xa_ex_2172.mdls,1,36748,Resist 08 Percent HP,50 00 00 00,80
Heartless Pot Spider (Darker Red),xa_ex_2172.mdls,1,3674C,Resist 09 Stop,3C 00 00 00,60
Heartless Pot Spider (Darker Red),xa_ex_2172.mdls,1,36750,Resist 0A Stun,64 00 00 00,100
Heartless Pot Spider (Darker Red),xa_ex_2172.mdls,1,36754,Resist 0B Heal,64 00 00 00,100
Heartless Pot Spider (Darker Red),xa_ex_2172.mdls,1,36758,Resist 0C Unknown,64 00 00 00,100
Heartless Pot Spider (Darker Red),xa_ex_2172.mdls,1,3675C,Resist 0D Unknown,64 00 00 00,100
Heartless Pot Spider (Darker Red),xa_ex_2172.mdls,1,36760,Resist 0E Unknown,64 00 00 00,100
Heartless Pot Spider (Darker Red),xa_ex_2172.mdls,1,36764,Resist 0F Unknown,64 00 00 00,100
Heartless Pot Spider (Darker Red),xa_ex_2172.mdls,1,36768,??? (+68),00 00 00 00,0
Heartless Barrel Spider (Lighter Brown),xa_ex_2180.mdls,0,30294,HP,18 00 00 00,24
Heartless Barrel Spider (Lighter Brown),xa_ex_2180.mdls,0,30298,ATK Level,0A 00 00 00,10
Heartless Barrel Spider (Lighter Brown),xa_ex_2180.mdls,0,3029C,DEF Level,0A 00 00 00,10
Heartless Barrel Spider (Lighter Brown),xa_ex_2180.mdls,0,302A0,Min Damage Taken,07 00 00 00,7
Heartless Barrel Spider (Lighter Brown),xa_ex_2180.mdls,0,302A4,Max Damage Taken,2C 01 00 00,300
Heartless Barrel Spider (Lighter Brown),xa_ex_2180.mdls,0,302A8,MP Recovery On Hit,17 00 00 00,23
Heartless Barrel Spider (Lighter Brown),xa_ex_2180.mdls,0,302AC,Knockback Weight,00 00 80 3F,1
Heartless Barrel Spider (Lighter Brown),xa_ex_2180.mdls,0,302B0,EXP,03 00 00 00,3
Heartless Barrel Spider (Lighter Brown),xa_ex_2180.mdls,0,302B4,??? (+20),C5 13 00 00,5061
Heartless Barrel Spider (Lighter Brown),xa_ex_2180.mdls,0,302B8,Outgoing Damage Multiplier,00 00 80 3F,1
Heartless Barrel Spider (Lighter Brown),xa_ex_2180.mdls,0,302BC,Resist 00 Unknown,64 00 00 00,100
Heartless Barrel Spider (Lighter Brown),xa_ex_2180.mdls,0,302C0,Resist 01 Physical,64 00 00 00,100
Heartless Barrel Spider (Lighter Brown),xa_ex_2180.mdls,0,302C4,Resist 02 Fire,64 00 00 00,100
Heartless Barrel Spider (Lighter Brown),xa_ex_2180.mdls,0,302C8,Resist 03 Blizzard,64 00 00 00,100
Heartless Barrel Spider (Lighter Brown),xa_ex_2180.mdls,0,302CC,Resist 04 Thunder,64 00 00 00,100
Heartless Barrel Spider (Lighter Brown),xa_ex_2180.mdls,0,302D0,Resist 05 Unknown,64 00 00 00,100
Heartless Barrel Spider (Lighter Brown),xa_ex_2180.mdls,0,302D4,Resist 06 Unknown,64 00 00 00,100
Heartless Barrel Spider (Lighter Brown),xa_ex_2180.mdls,0,302D8,Resist 07 Unknown,64 00 00 00,100
Heartless Barrel Spider (Lighter Brown),xa_ex_2180.mdls,0,302DC,Resist 08 Percent HP,64 00 00 00,100
Heartless Barrel Spider (Lighter Brown),xa_ex_2180.mdls,0,302E0,Resist 09 Stop,64 00 00 00,100
Heartless Barrel Spider (Lighter Brown),xa_ex_2180.mdls,0,302E4,Resist 0A Stun,64 00 00 00,100
Heartless Barrel Spider (Lighter Brown),xa_ex_2180.mdls,0,302E8,Resist 0B Heal,64 00 00 00,100
Heartless Barrel Spider (Lighter Brown),xa_ex_2180.mdls,0,302EC,Resist 0C Unknown,64 00 00 00,100
Heartless Barrel Spider (Lighter Brown),xa_ex_2180.mdls,0,302F0,Resist 0D Unknown,64 00 00 00,100
Heartless Barrel Spider (Lighter Brown),xa_ex_2180.mdls,0,302F4,Resist 0E Unknown,64 00 00 00,100
Heartless Barrel Spider (Lighter Brown),xa_ex_2180.mdls,0,302F8,Resist 0F Unknown,64 00 00 00,100
Heartless Barrel Spider (Lighter Brown),xa_ex_2180.mdls,0,302FC,??? (+68),00 00 00 00,0
Heartless Barrel Spider (Lighter Brown),xa_ex_2180.mdls,1,30300,HP,3C 00 00 00,60
Heartless Barrel Spider (Lighter Brown),xa_ex_2180.mdls,1,30304,ATK Level,11 00 00 00,17
Heartless Barrel Spider (Lighter Brown),xa_ex_2180.mdls,1,30308,DEF Level,11 00 00 00,17
Heartless Barrel Spider (Lighter Brown),xa_ex_2180.mdls,1,3030C,Min Damage Taken,0A 00 00 00,10
Heartless Barrel Spider (Lighter Brown),xa_ex_2180.mdls,1,30310,Max Damage Taken,2C 01 00 00,300
Heartless Barrel Spider (Lighter Brown),xa_ex_2180.mdls,1,30314,MP Recovery On Hit,2B 00 00 00,43
Heartless Barrel Spider (Lighter Brown),xa_ex_2180.mdls,1,30318,Knockback Weight,00 00 80 3F,1
Heartless Barrel Spider (Lighter Brown),xa_ex_2180.mdls,1,3031C,EXP,1E 00 00 00,30
Heartless Barrel Spider (Lighter Brown),xa_ex_2180.mdls,1,30320,??? (+20),C5 13 00 00,5061
Heartless Barrel Spider (Lighter Brown),xa_ex_2180.mdls,1,30324,Outgoing Damage Multiplier,00 00 C0 3F,1.5
Heartless Barrel Spider (Lighter Brown),xa_ex_2180.mdls,1,30328,Resist 00 Unknown,64 00 00 00,100
Heartless Barrel Spider (Lighter Brown),xa_ex_2180.mdls,1,3032C,Resist 01 Physical,64 00 00 00,100
Heartless Barrel Spider (Lighter Brown),xa_ex_2180.mdls,1,30330,Resist 02 Fire,64 00 00 00,100
Heartless Barrel Spider (Lighter Brown),xa_ex_2180.mdls,1,30334,Resist 03 Blizzard,64 00 00 00,100
Heartless Barrel Spider (Lighter Brown),xa_ex_2180.mdls,1,30338,Resist 04 Thunder,64 00 00 00,100
Heartless Barrel Spider (Lighter Brown),xa_ex_2180.mdls,1,3033C,Resist 05 Unknown,64 00 00 00,100
Heartless Barrel Spider (Lighter Brown),xa_ex_2180.mdls,1,30340,Resist 06 Unknown,64 00 00 00,100
Heartless Barrel Spider (Lighter Brown),xa_ex_2180.mdls,1,30344,Resist 07 Unknown,64 00 00 00,100
Heartless Barrel Spider (Lighter Brown),xa_ex_2180.mdls,1,30348,Resist 08 Percent HP,50 00 00 00,80
Heartless Barrel Spider (Lighter Brown),xa_ex_2180.mdls,1,3034C,Resist 09 Stop,3C 00 00 00,60
Heartless Barrel Spider (Lighter Brown),xa_ex_2180.mdls,1,30350,Resist 0A Stun,64 00 00 00,100
Heartless Barrel Spider (Lighter Brown),xa_ex_2180.mdls,1,30354,Resist 0B Heal,64 00 00 00,100
Heartless Barrel Spider (Lighter Brown),xa_ex_2180.mdls,1,30358,Resist 0C Unknown,64 00 00 00,100
Heartless Barrel Spider (Lighter Brown),xa_ex_2180.mdls,1,3035C,Resist 0D Unknown,64 00 00 00,100
Heartless Barrel Spider (Lighter Brown),xa_ex_2180.mdls,1,30360,Resist 0E Unknown,64 00 00 00,100
Heartless Barrel Spider (Lighter Brown),xa_ex_2180.mdls,1,30364,Resist 0F Unknown,64 00 00 00,100
Heartless Barrel Spider (Lighter Brown),xa_ex_2180.mdls,1,30368,??? (+68),00 00 00 00,0
Heartless Barrel Spider (Darker Brown),xa_ex_2182.mdls,0,30294,HP,18 00 00 00,24
Heartless Barrel Spider (Darker Brown),xa_ex_2182.mdls,0,30298,ATK Level,0A 00 00 00,10
Heartless Barrel Spider (Darker Brown),xa_ex_2182.mdls,0,3029C,DEF Level,0A 00 00 00,10
Heartless Barrel Spider (Darker Brown),xa_ex_2182.mdls,0,302A0,Min Damage Taken,07 00 00 00,7
Heartless Barrel Spider (Darker Brown),xa_ex_2182.mdls,0,302A4,Max Damage Taken,2C 01 00 00,300
Heartless Barrel Spider (Darker Brown),xa_ex_2182.mdls,0,302A8,MP Recovery On Hit,17 00 00 00,23
Heartless Barrel Spider (Darker Brown),xa_ex_2182.mdls,0,302AC,Knockback Weight,00 00 80 3F,1
Heartless Barrel Spider (Darker Brown),xa_ex_2182.mdls,0,302B0,EXP,03 00 00 00,3
Heartless Barrel Spider (Darker Brown),xa_ex_2182.mdls,0,302B4,??? (+20),C5 13 00 00,5061
Heartless Barrel Spider (Darker Brown),xa_ex_2182.mdls,0,302B8,Outgoing Damage Multiplier,00 00 80 3F,1
Heartless Barrel Spider (Darker Brown),xa_ex_2182.mdls,0,302BC,Resist 00 Unknown,64 00 00 00,100
Heartless Barrel Spider (Darker Brown),xa_ex_2182.mdls,0,302C0,Resist 01 Physical,64 00 00 00,100
Heartless Barrel Spider (Darker Brown),xa_ex_2182.mdls,0,302C4,Resist 02 Fire,64 00 00 00,100
Heartless Barrel Spider (Darker Brown),xa_ex_2182.mdls,0,302C8,Resist 03 Blizzard,64 00 00 00,100
Heartless Barrel Spider (Darker Brown),xa_ex_2182.mdls,0,302CC,Resist 04 Thunder,64 00 00 00,100
Heartless Barrel Spider (Darker Brown),xa_ex_2182.mdls,0,302D0,Resist 05 Unknown,64 00 00 00,100
Heartless Barrel Spider (Darker Brown),xa_ex_2182.mdls,0,302D4,Resist 06 Unknown,64 00 00 00,100
Heartless Barrel Spider (Darker Brown),xa_ex_2182.mdls,0,302D8,Resist 07 Unknown,64 00 00 00,100
Heartless Barrel Spider (Darker Brown),xa_ex_2182.mdls,0,302DC,Resist 08 Percent HP,64 00 00 00,100
Heartless Barrel Spider (Darker Brown),xa_ex_2182.mdls,0,302E0,Resist 09 Stop,64 00 00 00,100
Heartless Barrel Spider (Darker Brown),xa_ex_2182.mdls,0,302E4,Resist 0A Stun,64 00 00 00,100
Heartless Barrel Spider (Darker Brown),xa_ex_2182.mdls,0,302E8,Resist 0B Heal,64 00 00 00,100
Heartless Barrel Spider (Darker Brown),xa_ex_2182.mdls,0,302EC,Resist 0C Unknown,64 00 00 00,100
Heartless Barrel Spider (Darker Brown),xa_ex_2182.mdls,0,302F0,Resist 0D Unknown,64 00 00 00,100
Heartless Barrel Spider (Darker Brown),xa_ex_2182.mdls,0,302F4,Resist 0E Unknown,64 00 00 00,100
Heartless Barrel Spider (Darker Brown),xa_ex_2182.mdls,0,302F8,Resist 0F Unknown,64 00 00 00,100
Heartless Barrel Spider (Darker Brown),xa_ex_2182.mdls,0,302FC,??? (+68),00 00 00 00,0
Heartless Barrel Spider (Darker Brown),xa_ex_2182.mdls,1,30300,HP,3C 00 00 00,60
Heartless Barrel Spider (Darker Brown),xa_ex_2182.mdls,1,30304,ATK Level,11 00 00 00,17
Heartless Barrel Spider (Darker Brown),xa_ex_2182.mdls,1,30308,DEF Level,11 00 00 00,17
Heartless Barrel Spider (Darker Brown),xa_ex_2182.mdls,1,3030C,Min Damage Taken,0A 00 00 00,10
Heartless Barrel Spider (Darker Brown),xa_ex_2182.mdls,1,30310,Max Damage Taken,2C 01 00 00,300
Heartless Barrel Spider (Darker Brown),xa_ex_2182.mdls,1,30314,MP Recovery On Hit,2B 00 00 00,43
Heartless Barrel Spider (Darker Brown),xa_ex_2182.mdls,1,30318,Knockback Weight,00 00 80 3F,1
Heartless Barrel Spider (Darker Brown),xa_ex_2182.mdls,1,3031C,EXP,1E 00 00 00,30
Heartless Barrel Spider (Darker Brown),xa_ex_2182.mdls,1,30320,??? (+20),C5 13 00 00,5061
Heartless Barrel Spider (Darker Brown),xa_ex_2182.mdls,1,30324,Outgoing Damage Multiplier,00 00 C0 3F,1.5
Heartless Barrel Spider (Darker Brown),xa_ex_2182.mdls,1,30328,Resist 00 Unknown,64 00 00 00,100
Heartless Barrel Spider (Darker Brown),xa_ex_2182.mdls,1,3032C,Resist 01 Physical,64 00 00 00,100
Heartless Barrel Spider (Darker Brown),xa_ex_2182.mdls,1,30330,Resist 02 Fire,64 00 00 00,100
Heartless Barrel Spider (Darker Brown),xa_ex_2182.mdls,1,30334,Resist 03 Blizzard,64 00 00 00,100
Heartless Barrel Spider (Darker Brown),xa_ex_2182.mdls,1,30338,Resist 04 Thunder,64 00 00 00,100
Heartless Barrel Spider (Darker Brown),xa_ex_2182.mdls,1,3033C,Resist 05 Unknown,64 00 00 00,100
Heartless Barrel Spider (Darker Brown),xa_ex_2182.mdls,1,30340,Resist 06 Unknown,64 00 00 00,100
Heartless Barrel Spider (Darker Brown),xa_ex_2182.mdls,1,30344,Resist 07 Unknown,64 00 00 00,100
Heartless Barrel Spider (Darker Brown),xa_ex_2182.mdls,1,30348,Resist 08 Percent HP,50 00 00 00,80
Heartless Barrel Spider (Darker Brown),xa_ex_2182.mdls,1,3034C,Resist 09 Stop,3C 00 00 00,60
Heartless Barrel Spider (Darker Brown),xa_ex_2182.mdls,1,30350,Resist 0A Stun,64 00 00 00,100
Heartless Barrel Spider (Darker Brown),xa_ex_2182.mdls,1,30354,Resist 0B Heal,64 00 00 00,100
Heartless Barrel Spider (Darker Brown),xa_ex_2182.mdls,1,30358,Resist 0C Unknown,64 00 00 00,100
Heartless Barrel Spider (Darker Brown),xa_ex_2182.mdls,1,3035C,Resist 0D Unknown,64 00 00 00,100
Heartless Barrel Spider (Darker Brown),xa_ex_2182.mdls,1,30360,Resist 0E Unknown,64 00 00 00,100
Heartless Barrel Spider (Darker Brown),xa_ex_2182.mdls,1,30364,Resist 0F Unknown,64 00 00 00,100
Heartless Barrel Spider (Darker Brown),xa_ex_2182.mdls,1,30368,??? (+68),00 00 00 00,0
Crate (Lighter) (Hidden Barrel Spider),xa_ex_2183.mdls,0,CB14,HP,00 00 00 00,0
Crate (Lighter) (Hidden Barrel Spider),xa_ex_2183.mdls,0,CB18,ATK Level,00 00 00 00,0
Crate (Lighter) (Hidden Barrel Spider),xa_ex_2183.mdls,0,CB1C,DEF Level,00 00 00 00,0
Crate (Lighter) (Hidden Barrel Spider),xa_ex_2183.mdls,0,CB20,Min Damage Taken,00 00 00 00,0
Crate (Lighter) (Hidden Barrel Spider),xa_ex_2183.mdls,0,CB24,Max Damage Taken,00 00 00 00,0
Crate (Lighter) (Hidden Barrel Spider),xa_ex_2183.mdls,0,CB28,MP Recovery On Hit,01 00 00 00,1
Crate (Lighter) (Hidden Barrel Spider),xa_ex_2183.mdls,0,CB2C,Knockback Weight,00 00 00 00,0
Crate (Lighter) (Hidden Barrel Spider),xa_ex_2183.mdls,0,CB30,EXP,00 00 00 00,0
Crate (Lighter) (Hidden Barrel Spider),xa_ex_2183.mdls,0,CB34,??? (+20),C5 13 00 00,5061
Crate (Lighter) (Hidden Barrel Spider),xa_ex_2183.mdls,0,CB38,Outgoing Damage Multiplier,00 00 00 00,0
Crate (Lighter) (Hidden Barrel Spider),xa_ex_2183.mdls,0,CB3C,Resist 00 Unknown,64 00 00 00,100
Crate (Lighter) (Hidden Barrel Spider),xa_ex_2183.mdls,0,CB40,Resist 01 Physical,64 00 00 00,100
Crate (Lighter) (Hidden Barrel Spider),xa_ex_2183.mdls,0,CB44,Resist 02 Fire,64 00 00 00,100
Crate (Lighter) (Hidden Barrel Spider),xa_ex_2183.mdls,0,CB48,Resist 03 Blizzard,64 00 00 00,100
Crate (Lighter) (Hidden Barrel Spider),xa_ex_2183.mdls,0,CB4C,Resist 04 Thunder,64 00 00 00,100
Crate (Lighter) (Hidden Barrel Spider),xa_ex_2183.mdls,0,CB50,Resist 05 Unknown,64 00 00 00,100
Crate (Lighter) (Hidden Barrel Spider),xa_ex_2183.mdls,0,CB54,Resist 06 Unknown,64 00 00 00,100
Crate (Lighter) (Hidden Barrel Spider),xa_ex_2183.mdls,0,CB58,Resist 07 Unknown,64 00 00 00,100
Crate (Lighter) (Hidden Barrel Spider),xa_ex_2183.mdls,0,CB5C,Resist 08 Percent HP,64 00 00 00,100
Crate (Lighter) (Hidden Barrel Spider),xa_ex_2183.mdls,0,CB60,Resist 09 Stop,64 00 00 00,100
Crate (Lighter) (Hidden Barrel Spider),xa_ex_2183.mdls,0,CB64,Resist 0A Stun,64 00 00 00,100
Crate (Lighter) (Hidden Barrel Spider),xa_ex_2183.mdls,0,CB68,Resist 0B Heal,64 00 00 00,100
Crate (Lighter) (Hidden Barrel Spider),xa_ex_2183.mdls,0,CB6C,Resist 0C Unknown,64 00 00 00,100
Crate (Lighter) (Hidden Barrel Spider),xa_ex_2183.mdls,0,CB70,Resist 0D Unknown,64 00 00 00,100
Crate (Lighter) (Hidden Barrel Spider),xa_ex_2183.mdls,0,CB74,Resist 0E Unknown,64 00 00 00,100
Crate (Lighter) (Hidden Barrel Spider),xa_ex_2183.mdls,0,CB78,Resist 0F Unknown,64 00 00 00,100
Crate (Lighter) (Hidden Barrel Spider),xa_ex_2183.mdls,0,CB7C,??? (+68),00 00 00 00,0
Heartless Barrel Spider (Ligther Brown),xa_ex_2184.mdls,0,30294,HP,18 00 00 00,24
Heartless Barrel Spider (Ligther Brown),xa_ex_2184.mdls,0,30298,ATK Level,0A 00 00 00,10
Heartless Barrel Spider (Ligther Brown),xa_ex_2184.mdls,0,3029C,DEF Level,0A 00 00 00,10
Heartless Barrel Spider (Ligther Brown),xa_ex_2184.mdls,0,302A0,Min Damage Taken,07 00 00 00,7
Heartless Barrel Spider (Ligther Brown),xa_ex_2184.mdls,0,302A4,Max Damage Taken,2C 01 00 00,300
Heartless Barrel Spider (Ligther Brown),xa_ex_2184.mdls,0,302A8,MP Recovery On Hit,17 00 00 00,23
Heartless Barrel Spider (Ligther Brown),xa_ex_2184.mdls,0,302AC,Knockback Weight,00 00 80 3F,1
Heartless Barrel Spider (Ligther Brown),xa_ex_2184.mdls,0,302B0,EXP,03 00 00 00,3
Heartless Barrel Spider (Ligther Brown),xa_ex_2184.mdls,0,302B4,??? (+20),C5 13 00 00,5061
Heartless Barrel Spider (Ligther Brown),xa_ex_2184.mdls,0,302B8,Outgoing Damage Multiplier,00 00 80 3F,1
Heartless Barrel Spider (Ligther Brown),xa_ex_2184.mdls,0,302BC,Resist 00 Unknown,64 00 00 00,100
Heartless Barrel Spider (Ligther Brown),xa_ex_2184.mdls,0,302C0,Resist 01 Physical,64 00 00 00,100
Heartless Barrel Spider (Ligther Brown),xa_ex_2184.mdls,0,302C4,Resist 02 Fire,64 00 00 00,100
Heartless Barrel Spider (Ligther Brown),xa_ex_2184.mdls,0,302C8,Resist 03 Blizzard,64 00 00 00,100
Heartless Barrel Spider (Ligther Brown),xa_ex_2184.mdls,0,302CC,Resist 04 Thunder,64 00 00 00,100
Heartless Barrel Spider (Ligther Brown),xa_ex_2184.mdls,0,302D0,Resist 05 Unknown,64 00 00 00,100
Heartless Barrel Spider (Ligther Brown),xa_ex_2184.mdls,0,302D4,Resist 06 Unknown,64 00 00 00,100
Heartless Barrel Spider (Ligther Brown),xa_ex_2184.mdls,0,302D8,Resist 07 Unknown,64 00 00 00,100
Heartless Barrel Spider (Ligther Brown),xa_ex_2184.mdls,0,302DC,Resist 08 Percent HP,64 00 00 00,100
Heartless Barrel Spider (Ligther Brown),xa_ex_2184.mdls,0,302E0,Resist 09 Stop,64 00 00 00,100
Heartless Barrel Spider (Ligther Brown),xa_ex_2184.mdls,0,302E4,Resist 0A Stun,64 00 00 00,100
Heartless Barrel Spider (Ligther Brown),xa_ex_2184.mdls,0,302E8,Resist 0B Heal,64 00 00 00,100
Heartless Barrel Spider (Ligther Brown),xa_ex_2184.mdls,0,302EC,Resist 0C Unknown,64 00 00 00,100
Heartless Barrel Spider (Ligther Brown),xa_ex_2184.mdls,0,302F0,Resist 0D Unknown,64 00 00 00,100
Heartless Barrel Spider (Ligther Brown),xa_ex_2184.mdls,0,302F4,Resist 0E Unknown,64 00 00 00,100
Heartless Barrel Spider (Ligther Brown),xa_ex_2184.mdls,0,302F8,Resist 0F Unknown,64 00 00 00,100
Heartless Barrel Spider (Ligther Brown),xa_ex_2184.mdls,0,302FC,??? (+68),00 00 00 00,0
Heartless Barrel Spider (Ligther Brown),xa_ex_2184.mdls,1,30300,HP,3C 00 00 00,60
Heartless Barrel Spider (Ligther Brown),xa_ex_2184.mdls,1,30304,ATK Level,11 00 00 00,17
Heartless Barrel Spider (Ligther Brown),xa_ex_2184.mdls,1,30308,DEF Level,11 00 00 00,17
Heartless Barrel Spider (Ligther Brown),xa_ex_2184.mdls,1,3030C,Min Damage Taken,0A 00 00 00,10
Heartless Barrel Spider (Ligther Brown),xa_ex_2184.mdls,1,30310,Max Damage Taken,2C 01 00 00,300
Heartless Barrel Spider (Ligther Brown),xa_ex_2184.mdls,1,30314,MP Recovery On Hit,2B 00 00 00,43
Heartless Barrel Spider (Ligther Brown),xa_ex_2184.mdls,1,30318,Knockback Weight,00 00 80 3F,1
Heartless Barrel Spider (Ligther Brown),xa_ex_2184.mdls,1,3031C,EXP,1E 00 00 00,30
Heartless Barrel Spider (Ligther Brown),xa_ex_2184.mdls,1,30320,??? (+20),C5 13 00 00,5061
Heartless Barrel Spider (Ligther Brown),xa_ex_2184.mdls,1,30324,Outgoing Damage Multiplier,00 00 C0 3F,1.5
Heartless Barrel Spider (Ligther Brown),xa_ex_2184.mdls,1,30328,Resist 00 Unknown,64 00 00 00,100
Heartless Barrel Spider (Ligther Brown),xa_ex_2184.mdls,1,3032C,Resist 01 Physical,64 00 00 00,100
Heartless Barrel Spider (Ligther Brown),xa_ex_2184.mdls,1,30330,Resist 02 Fire,64 00 00 00,100
Heartless Barrel Spider (Ligther Brown),xa_ex_2184.mdls,1,30334,Resist 03 Blizzard,64 00 00 00,100
Heartless Barrel Spider (Ligther Brown),xa_ex_2184.mdls,1,30338,Resist 04 Thunder,64 00 00 00,100
Heartless Barrel Spider (Ligther Brown),xa_ex_2184.mdls,1,3033C,Resist 05 Unknown,64 00 00 00,100
Heartless Barrel Spider (Ligther Brown),xa_ex_2184.mdls,1,30340,Resist 06 Unknown,64 00 00 00,100
Heartless Barrel Spider (Ligther Brown),xa_ex_2184.mdls,1,30344,Resist 07 Unknown,64 00 00 00,100
Heartless Barrel Spider (Ligther Brown),xa_ex_2184.mdls,1,30348,Resist 08 Percent HP,50 00 00 00,80
Heartless Barrel Spider (Ligther Brown),xa_ex_2184.mdls,1,3034C,Resist 09 Stop,3C 00 00 00,60
Heartless Barrel Spider (Ligther Brown),xa_ex_2184.mdls,1,30350,Resist 0A Stun,64 00 00 00,100
Heartless Barrel Spider (Ligther Brown),xa_ex_2184.mdls,1,30354,Resist 0B Heal,64 00 00 00,100
Heartless Barrel Spider (Ligther Brown),xa_ex_2184.mdls,1,30358,Resist 0C Unknown,64 00 00 00,100
Heartless Barrel Spider (Ligther Brown),xa_ex_2184.mdls,1,3035C,Resist 0D Unknown,64 00 00 00,100
Heartless Barrel Spider (Ligther Brown),xa_ex_2184.mdls,1,30360,Resist 0E Unknown,64 00 00 00,100
Heartless Barrel Spider (Ligther Brown),xa_ex_2184.mdls,1,30364,Resist 0F Unknown,64 00 00 00,100
Heartless Barrel Spider (Ligther Brown),xa_ex_2184.mdls,1,30368,??? (+68),00 00 00 00,0
Heartless Pot Scorpion,xa_ex_2190.mdls,0,96A14,HP,C8 00 00 00,200
Heartless Pot Scorpion,xa_ex_2190.mdls,0,96A18,ATK Level,09 00 00 00,9
Heartless Pot Scorpion,xa_ex_2190.mdls,0,96A1C,DEF Level,09 00 00 00,9
Heartless Pot Scorpion,xa_ex_2190.mdls,0,96A20,Min Damage Taken,06 00 00 00,6
Heartless Pot Scorpion,xa_ex_2190.mdls,0,96A24,Max Damage Taken,14 00 00 00,20
Heartless Pot Scorpion,xa_ex_2190.mdls,0,96A28,MP Recovery On Hit,18 00 00 00,24
Heartless Pot Scorpion,xa_ex_2190.mdls,0,96A2C,Knockback Weight,00 00 80 3F,1
Heartless Pot Scorpion,xa_ex_2190.mdls,0,96A30,EXP,14 00 00 00,20
Heartless Pot Scorpion,xa_ex_2190.mdls,0,96A34,??? (+20),A6 14 00 00,5286
Heartless Pot Scorpion,xa_ex_2190.mdls,0,96A38,Outgoing Damage Multiplier,00 00 80 3F,1
Heartless Pot Scorpion,xa_ex_2190.mdls,0,96A3C,Resist 00 Unknown,32 00 00 00,50
Heartless Pot Scorpion,xa_ex_2190.mdls,0,96A40,Resist 01 Physical,64 00 00 00,100
Heartless Pot Scorpion,xa_ex_2190.mdls,0,96A44,Resist 02 Fire,31 00 00 00,49
Heartless Pot Scorpion,xa_ex_2190.mdls,0,96A48,Resist 03 Blizzard,32 00 00 00,50
Heartless Pot Scorpion,xa_ex_2190.mdls,0,96A4C,Resist 04 Thunder,64 00 00 00,100
Heartless Pot Scorpion,xa_ex_2190.mdls,0,96A50,Resist 05 Unknown,64 00 00 00,100
Heartless Pot Scorpion,xa_ex_2190.mdls,0,96A54,Resist 06 Unknown,64 00 00 00,100
Heartless Pot Scorpion,xa_ex_2190.mdls,0,96A58,Resist 07 Unknown,64 00 00 00,100
Heartless Pot Scorpion,xa_ex_2190.mdls,0,96A5C,Resist 08 Percent HP,04 00 00 00,4
Heartless Pot Scorpion,xa_ex_2190.mdls,0,96A60,Resist 09 Stop,1E 00 00 00,30
Heartless Pot Scorpion,xa_ex_2190.mdls,0,96A64,Resist 0A Stun,32 00 00 00,50
Heartless Pot Scorpion,xa_ex_2190.mdls,0,96A68,Resist 0B Heal,64 00 00 00,100
Heartless Pot Scorpion,xa_ex_2190.mdls,0,96A6C,Resist 0C Unknown,64 00 00 00,100
Heartless Pot Scorpion,xa_ex_2190.mdls,0,96A70,Resist 0D Unknown,64 00 00 00,100
Heartless Pot Scorpion,xa_ex_2190.mdls,0,96A74,Resist 0E Unknown,64 00 00 00,100
Heartless Pot Scorpion,xa_ex_2190.mdls,0,96A78,Resist 0F Unknown,64 00 00 00,100
Heartless Pot Scorpion,xa_ex_2190.mdls,0,96A7C,??? (+68),00 00 00 00,0
Heartless Pot Scorpion,xa_ex_2190.mdls,1,96A80,HP,F0 00 00 00,240
Heartless Pot Scorpion,xa_ex_2190.mdls,1,96A84,ATK Level,11 00 00 00,17
Heartless Pot Scorpion,xa_ex_2190.mdls,1,96A88,DEF Level,11 00 00 00,17
Heartless Pot Scorpion,xa_ex_2190.mdls,1,96A8C,Min Damage Taken,07 00 00 00,7
Heartless Pot Scorpion,xa_ex_2190.mdls,1,96A90,Max Damage Taken,18 00 00 00,24
Heartless Pot Scorpion,xa_ex_2190.mdls,1,96A94,MP Recovery On Hit,31 00 00 00,49
Heartless Pot Scorpion,xa_ex_2190.mdls,1,96A98,Knockback Weight,00 00 80 3F,1
Heartless Pot Scorpion,xa_ex_2190.mdls,1,96A9C,EXP,F0 00 00 00,240
Heartless Pot Scorpion,xa_ex_2190.mdls,1,96AA0,??? (+20),A6 14 00 00,5286
Heartless Pot Scorpion,xa_ex_2190.mdls,1,96AA4,Outgoing Damage Multiplier,9A 99 D9 3F,1.7
Heartless Pot Scorpion,xa_ex_2190.mdls,1,96AA8,Resist 00 Unknown,32 00 00 00,50
Heartless Pot Scorpion,xa_ex_2190.mdls,1,96AAC,Resist 01 Physical,64 00 00 00,100
Heartless Pot Scorpion,xa_ex_2190.mdls,1,96AB0,Resist 02 Fire,31 00 00 00,49
Heartless Pot Scorpion,xa_ex_2190.mdls,1,96AB4,Resist 03 Blizzard,32 00 00 00,50
Heartless Pot Scorpion,xa_ex_2190.mdls,1,96AB8,Resist 04 Thunder,64 00 00 00,100
Heartless Pot Scorpion,xa_ex_2190.mdls,1,96ABC,Resist 05 Unknown,64 00 00 00,100
Heartless Pot Scorpion,xa_ex_2190.mdls,1,96AC0,Resist 06 Unknown,64 00 00 00,100
Heartless Pot Scorpion,xa_ex_2190.mdls,1,96AC4,Resist 07 Unknown,64 00 00 00,100
Heartless Pot Scorpion,xa_ex_2190.mdls,1,96AC8,Resist 08 Percent HP,03 00 00 00,3
Heartless Pot Scorpion,xa_ex_2190.mdls,1,96ACC,Resist 09 Stop,14 00 00 00,20
Heartless Pot Scorpion,xa_ex_2190.mdls,1,96AD0,Resist 0A Stun,32 00 00 00,50
Heartless Pot Scorpion,xa_ex_2190.mdls,1,96AD4,Resist 0B Heal,64 00 00 00,100
Heartless Pot Scorpion,xa_ex_2190.mdls,1,96AD8,Resist 0C Unknown,64 00 00 00,100
Heartless Pot Scorpion,xa_ex_2190.mdls,1,96ADC,Resist 0D Unknown,64 00 00 00,100
Heartless Pot Scorpion,xa_ex_2190.mdls,1,96AE0,Resist 0E Unknown,64 00 00 00,100
Heartless Pot Scorpion,xa_ex_2190.mdls,1,96AE4,Resist 0F Unknown,64 00 00 00,100
Heartless Pot Scorpion,xa_ex_2190.mdls,1,96AE8,??? (+68),00 00 00 00,0
Red Pot (Hidden Pot Scorpion?),xa_ex_2191.mdls,0,1AE14,HP,01 00 00 00,1
Red Pot (Hidden Pot Scorpion?),xa_ex_2191.mdls,0,1AE18,ATK Level,00 00 00 00,0
Red Pot (Hidden Pot Scorpion?),xa_ex_2191.mdls,0,1AE1C,DEF Level,00 00 00 00,0
Red Pot (Hidden Pot Scorpion?),xa_ex_2191.mdls,0,1AE20,Min Damage Taken,00 00 00 00,0
Red Pot (Hidden Pot Scorpion?),xa_ex_2191.mdls,0,1AE24,Max Damage Taken,00 00 00 00,0
Red Pot (Hidden Pot Scorpion?),xa_ex_2191.mdls,0,1AE28,MP Recovery On Hit,00 00 00 00,0
Red Pot (Hidden Pot Scorpion?),xa_ex_2191.mdls,0,1AE2C,Knockback Weight,00 00 00 00,0
Red Pot (Hidden Pot Scorpion?),xa_ex_2191.mdls,0,1AE30,EXP,64 00 00 00,100
Red Pot (Hidden Pot Scorpion?),xa_ex_2191.mdls,0,1AE34,??? (+20),00 00 00 00,0
Red Pot (Hidden Pot Scorpion?),xa_ex_2191.mdls,0,1AE38,Outgoing Damage Multiplier,00 00 00 00,0
Red Pot (Hidden Pot Scorpion?),xa_ex_2191.mdls,0,1AE3C,Resist 00 Unknown,00 00 00 00,0
Red Pot (Hidden Pot Scorpion?),xa_ex_2191.mdls,0,1AE40,Resist 01 Physical,00 00 00 00,0
Red Pot (Hidden Pot Scorpion?),xa_ex_2191.mdls,0,1AE44,Resist 02 Fire,00 00 00 00,0
Red Pot (Hidden Pot Scorpion?),xa_ex_2191.mdls,0,1AE48,Resist 03 Blizzard,00 00 00 00,0
Red Pot (Hidden Pot Scorpion?),xa_ex_2191.mdls,0,1AE4C,Resist 04 Thunder,00 00 00 00,0
Red Pot (Hidden Pot Scorpion?),xa_ex_2191.mdls,0,1AE50,Resist 05 Unknown,00 00 00 00,0
Red Pot (Hidden Pot Scorpion?),xa_ex_2191.mdls,0,1AE54,Resist 06 Unknown,64 00 00 00,100
Red Pot (Hidden Pot Scorpion?),xa_ex_2191.mdls,0,1AE58,Resist 07 Unknown,64 00 00 00,100
Red Pot (Hidden Pot Scorpion?),xa_ex_2191.mdls,0,1AE5C,Resist 08 Percent HP,00 00 00 00,0
Red Pot (Hidden Pot Scorpion?),xa_ex_2191.mdls,0,1AE60,Resist 09 Stop,00 00 00 00,0
Red Pot (Hidden Pot Scorpion?),xa_ex_2191.mdls,0,1AE64,Resist 0A Stun,00 00 00 00,0
Red Pot (Hidden Pot Scorpion?),xa_ex_2191.mdls,0,1AE68,Resist 0B Heal,64 00 00 00,100
Red Pot (Hidden Pot Scorpion?),xa_ex_2191.mdls,0,1AE6C,Resist 0C Unknown,64 00 00 00,100
Red Pot (Hidden Pot Scorpion?),xa_ex_2191.mdls,0,1AE70,Resist 0D Unknown,64 00 00 00,100
Red Pot (Hidden Pot Scorpion?),xa_ex_2191.mdls,0,1AE74,Resist 0E Unknown,64 00 00 00,100
Red Pot (Hidden Pot Scorpion?),xa_ex_2191.mdls,0,1AE78,Resist 0F Unknown,64 00 00 00,100
Red Pot (Hidden Pot Scorpion?),xa_ex_2191.mdls,0,1AE7C,??? (+68),3F 07 00 00,1855
Heartless Wight Knight,xa_ex_2200.mdls,0,59C94,HP,3C 00 00 00,60
Heartless Wight Knight,xa_ex_2200.mdls,0,59C98,ATK Level,0D 00 00 00,13
Heartless Wight Knight,xa_ex_2200.mdls,0,59C9C,DEF Level,0D 00 00 00,13
Heartless Wight Knight,xa_ex_2200.mdls,0,59CA0,Min Damage Taken,07 00 00 00,7
Heartless Wight Knight,xa_ex_2200.mdls,0,59CA4,Max Damage Taken,2C 01 00 00,300
Heartless Wight Knight,xa_ex_2200.mdls,0,59CA8,MP Recovery On Hit,22 00 00 00,34
Heartless Wight Knight,xa_ex_2200.mdls,0,59CAC,Knockback Weight,00 00 80 3F,1
Heartless Wight Knight,xa_ex_2200.mdls,0,59CB0,EXP,10 00 00 00,16
Heartless Wight Knight,xa_ex_2200.mdls,0,59CB4,??? (+20),C9 13 00 00,5065
Heartless Wight Knight,xa_ex_2200.mdls,0,59CB8,Outgoing Damage Multiplier,00 00 80 3F,1
Heartless Wight Knight,xa_ex_2200.mdls,0,59CBC,Resist 00 Unknown,64 00 00 00,100
Heartless Wight Knight,xa_ex_2200.mdls,0,59CC0,Resist 01 Physical,64 00 00 00,100
Heartless Wight Knight,xa_ex_2200.mdls,0,59CC4,Resist 02 Fire,64 00 00 00,100
Heartless Wight Knight,xa_ex_2200.mdls,0,59CC8,Resist 03 Blizzard,64 00 00 00,100
Heartless Wight Knight,xa_ex_2200.mdls,0,59CCC,Resist 04 Thunder,64 00 00 00,100
Heartless Wight Knight,xa_ex_2200.mdls,0,59CD0,Resist 05 Unknown,64 00 00 00,100
Heartless Wight Knight,xa_ex_2200.mdls,0,59CD4,Resist 06 Unknown,64 00 00 00,100
Heartless Wight Knight,xa_ex_2200.mdls,0,59CD8,Resist 07 Unknown,64 00 00 00,100
Heartless Wight Knight,xa_ex_2200.mdls,0,59CDC,Resist 08 Percent HP,64 00 00 00,100
Heartless Wight Knight,xa_ex_2200.mdls,0,59CE0,Resist 09 Stop,64 00 00 00,100
Heartless Wight Knight,xa_ex_2200.mdls,0,59CE4,Resist 0A Stun,64 00 00 00,100
Heartless Wight Knight,xa_ex_2200.mdls,0,59CE8,Resist 0B Heal,64 00 00 00,100
Heartless Wight Knight,xa_ex_2200.mdls,0,59CEC,Resist 0C Unknown,64 00 00 00,100
Heartless Wight Knight,xa_ex_2200.mdls,0,59CF0,Resist 0D Unknown,64 00 00 00,100
Heartless Wight Knight,xa_ex_2200.mdls,0,59CF4,Resist 0E Unknown,64 00 00 00,100
Heartless Wight Knight,xa_ex_2200.mdls,0,59CF8,Resist 0F Unknown,64 00 00 00,100
Heartless Wight Knight,xa_ex_2200.mdls,0,59CFC,??? (+68),00 00 00 00,0
Heartless Wight Knight,xa_ex_2200.mdls,1,59D00,HP,78 00 00 00,120
Heartless Wight Knight,xa_ex_2200.mdls,1,59D04,ATK Level,11 00 00 00,17
Heartless Wight Knight,xa_ex_2200.mdls,1,59D08,DEF Level,11 00 00 00,17
Heartless Wight Knight,xa_ex_2200.mdls,1,59D0C,Min Damage Taken,08 00 00 00,8
Heartless Wight Knight,xa_ex_2200.mdls,1,59D10,Max Damage Taken,2C 01 00 00,300
Heartless Wight Knight,xa_ex_2200.mdls,1,59D14,MP Recovery On Hit,2F 00 00 00,47
Heartless Wight Knight,xa_ex_2200.mdls,1,59D18,Knockback Weight,00 00 80 3F,1
Heartless Wight Knight,xa_ex_2200.mdls,1,59D1C,EXP,5A 00 00 00,90
Heartless Wight Knight,xa_ex_2200.mdls,1,59D20,??? (+20),C9 13 00 00,5065
Heartless Wight Knight,xa_ex_2200.mdls,1,59D24,Outgoing Damage Multiplier,00 00 A0 3F,1.25
Heartless Wight Knight,xa_ex_2200.mdls,1,59D28,Resist 00 Unknown,64 00 00 00,100
Heartless Wight Knight,xa_ex_2200.mdls,1,59D2C,Resist 01 Physical,64 00 00 00,100
Heartless Wight Knight,xa_ex_2200.mdls,1,59D30,Resist 02 Fire,64 00 00 00,100
Heartless Wight Knight,xa_ex_2200.mdls,1,59D34,Resist 03 Blizzard,64 00 00 00,100
Heartless Wight Knight,xa_ex_2200.mdls,1,59D38,Resist 04 Thunder,64 00 00 00,100
Heartless Wight Knight,xa_ex_2200.mdls,1,59D3C,Resist 05 Unknown,64 00 00 00,100
Heartless Wight Knight,xa_ex_2200.mdls,1,59D40,Resist 06 Unknown,64 00 00 00,100
Heartless Wight Knight,xa_ex_2200.mdls,1,59D44,Resist 07 Unknown,64 00 00 00,100
Heartless Wight Knight,xa_ex_2200.mdls,1,59D48,Resist 08 Percent HP,50 00 00 00,80
Heartless Wight Knight,xa_ex_2200.mdls,1,59D4C,Resist 09 Stop,3C 00 00 00,60
Heartless Wight Knight,xa_ex_2200.mdls,1,59D50,Resist 0A Stun,64 00 00 00,100
Heartless Wight Knight,xa_ex_2200.mdls,1,59D54,Resist 0B Heal,64 00 00 00,100
Heartless Wight Knight,xa_ex_2200.mdls,1,59D58,Resist 0C Unknown,64 00 00 00,100
Heartless Wight Knight,xa_ex_2200.mdls,1,59D5C,Resist 0D Unknown,64 00 00 00,100
Heartless Wight Knight,xa_ex_2200.mdls,1,59D60,Resist 0E Unknown,64 00 00 00,100
Heartless Wight Knight,xa_ex_2200.mdls,1,59D64,Resist 0F Unknown,64 00 00 00,100
Heartless Wight Knight,xa_ex_2200.mdls,1,59D68,??? (+68),00 00 00 00,0
Heartless Wight Knight (Halloween Town),xa_ex_2201.mdls,0,59C94,HP,3C 00 00 00,60
Heartless Wight Knight (Halloween Town),xa_ex_2201.mdls,0,59C98,ATK Level,0D 00 00 00,13
Heartless Wight Knight (Halloween Town),xa_ex_2201.mdls,0,59C9C,DEF Level,0D 00 00 00,13
Heartless Wight Knight (Halloween Town),xa_ex_2201.mdls,0,59CA0,Min Damage Taken,07 00 00 00,7
Heartless Wight Knight (Halloween Town),xa_ex_2201.mdls,0,59CA4,Max Damage Taken,2C 01 00 00,300
Heartless Wight Knight (Halloween Town),xa_ex_2201.mdls,0,59CA8,MP Recovery On Hit,22 00 00 00,34
Heartless Wight Knight (Halloween Town),xa_ex_2201.mdls,0,59CAC,Knockback Weight,00 00 80 3F,1
Heartless Wight Knight (Halloween Town),xa_ex_2201.mdls,0,59CB0,EXP,10 00 00 00,16
Heartless Wight Knight (Halloween Town),xa_ex_2201.mdls,0,59CB4,??? (+20),C9 13 00 00,5065
Heartless Wight Knight (Halloween Town),xa_ex_2201.mdls,0,59CB8,Outgoing Damage Multiplier,00 00 80 3F,1
Heartless Wight Knight (Halloween Town),xa_ex_2201.mdls,0,59CBC,Resist 00 Unknown,64 00 00 00,100
Heartless Wight Knight (Halloween Town),xa_ex_2201.mdls,0,59CC0,Resist 01 Physical,64 00 00 00,100
Heartless Wight Knight (Halloween Town),xa_ex_2201.mdls,0,59CC4,Resist 02 Fire,64 00 00 00,100
Heartless Wight Knight (Halloween Town),xa_ex_2201.mdls,0,59CC8,Resist 03 Blizzard,64 00 00 00,100
Heartless Wight Knight (Halloween Town),xa_ex_2201.mdls,0,59CCC,Resist 04 Thunder,64 00 00 00,100
Heartless Wight Knight (Halloween Town),xa_ex_2201.mdls,0,59CD0,Resist 05 Unknown,64 00 00 00,100
Heartless Wight Knight (Halloween Town),xa_ex_2201.mdls,0,59CD4,Resist 06 Unknown,64 00 00 00,100
Heartless Wight Knight (Halloween Town),xa_ex_2201.mdls,0,59CD8,Resist 07 Unknown,64 00 00 00,100
Heartless Wight Knight (Halloween Town),xa_ex_2201.mdls,0,59CDC,Resist 08 Percent HP,64 00 00 00,100
Heartless Wight Knight (Halloween Town),xa_ex_2201.mdls,0,59CE0,Resist 09 Stop,64 00 00 00,100
Heartless Wight Knight (Halloween Town),xa_ex_2201.mdls,0,59CE4,Resist 0A Stun,64 00 00 00,100
Heartless Wight Knight (Halloween Town),xa_ex_2201.mdls,0,59CE8,Resist 0B Heal,64 00 00 00,100
Heartless Wight Knight (Halloween Town),xa_ex_2201.mdls,0,59CEC,Resist 0C Unknown,64 00 00 00,100
Heartless Wight Knight (Halloween Town),xa_ex_2201.mdls,0,59CF0,Resist 0D Unknown,64 00 00 00,100
Heartless Wight Knight (Halloween Town),xa_ex_2201.mdls,0,59CF4,Resist 0E Unknown,64 00 00 00,100
Heartless Wight Knight (Halloween Town),xa_ex_2201.mdls,0,59CF8,Resist 0F Unknown,64 00 00 00,100
Heartless Wight Knight (Halloween Town),xa_ex_2201.mdls,0,59CFC,??? (+68),00 00 00 00,0
Heartless Wight Knight (Halloween Town),xa_ex_2201.mdls,1,59D00,HP,78 00 00 00,120
Heartless Wight Knight (Halloween Town),xa_ex_2201.mdls,1,59D04,ATK Level,11 00 00 00,17
Heartless Wight Knight (Halloween Town),xa_ex_2201.mdls,1,59D08,DEF Level,11 00 00 00,17
Heartless Wight Knight (Halloween Town),xa_ex_2201.mdls,1,59D0C,Min Damage Taken,08 00 00 00,8
Heartless Wight Knight (Halloween Town),xa_ex_2201.mdls,1,59D10,Max Damage Taken,2C 01 00 00,300
Heartless Wight Knight (Halloween Town),xa_ex_2201.mdls,1,59D14,MP Recovery On Hit,2F 00 00 00,47
Heartless Wight Knight (Halloween Town),xa_ex_2201.mdls,1,59D18,Knockback Weight,00 00 80 3F,1
Heartless Wight Knight (Halloween Town),xa_ex_2201.mdls,1,59D1C,EXP,5A 00 00 00,90
Heartless Wight Knight (Halloween Town),xa_ex_2201.mdls,1,59D20,??? (+20),C9 13 00 00,5065
Heartless Wight Knight (Halloween Town),xa_ex_2201.mdls,1,59D24,Outgoing Damage Multiplier,00 00 A0 3F,1.25
Heartless Wight Knight (Halloween Town),xa_ex_2201.mdls,1,59D28,Resist 00 Unknown,64 00 00 00,100
Heartless Wight Knight (Halloween Town),xa_ex_2201.mdls,1,59D2C,Resist 01 Physical,64 00 00 00,100
Heartless Wight Knight (Halloween Town),xa_ex_2201.mdls,1,59D30,Resist 02 Fire,64 00 00 00,100
Heartless Wight Knight (Halloween Town),xa_ex_2201.mdls,1,59D34,Resist 03 Blizzard,64 00 00 00,100
Heartless Wight Knight (Halloween Town),xa_ex_2201.mdls,1,59D38,Resist 04 Thunder,64 00 00 00,100
Heartless Wight Knight (Halloween Town),xa_ex_2201.mdls,1,59D3C,Resist 05 Unknown,64 00 00 00,100
Heartless Wight Knight (Halloween Town),xa_ex_2201.mdls,1,59D40,Resist 06 Unknown,64 00 00 00,100
Heartless Wight Knight (Halloween Town),xa_ex_2201.mdls,1,59D44,Resist 07 Unknown,64 00 00 00,100
Heartless Wight Knight (Halloween Town),xa_ex_2201.mdls,1,59D48,Resist 08 Percent HP,50 00 00 00,80
Heartless Wight Knight (Halloween Town),xa_ex_2201.mdls,1,59D4C,Resist 09 Stop,3C 00 00 00,60
Heartless Wight Knight (Halloween Town),xa_ex_2201.mdls,1,59D50,Resist 0A Stun,64 00 00 00,100
Heartless Wight Knight (Halloween Town),xa_ex_2201.mdls,1,59D54,Resist 0B Heal,64 00 00 00,100
Heartless Wight Knight (Halloween Town),xa_ex_2201.mdls,1,59D58,Resist 0C Unknown,64 00 00 00,100
Heartless Wight Knight (Halloween Town),xa_ex_2201.mdls,1,59D5C,Resist 0D Unknown,64 00 00 00,100
Heartless Wight Knight (Halloween Town),xa_ex_2201.mdls,1,59D60,Resist 0E Unknown,64 00 00 00,100
Heartless Wight Knight (Halloween Town),xa_ex_2201.mdls,1,59D64,Resist 0F Unknown,64 00 00 00,100
Heartless Wight Knight (Halloween Town),xa_ex_2201.mdls,1,59D68,??? (+68),00 00 00 00,0
Heartless Air Pirate,xa_ex_2210.mdls,0,6B714,HP,78 00 00 00,120
Heartless Air Pirate,xa_ex_2210.mdls,0,6B718,ATK Level,0E 00 00 00,14
Heartless Air Pirate,xa_ex_2210.mdls,0,6B71C,DEF Level,0E 00 00 00,14
Heartless Air Pirate,xa_ex_2210.mdls,0,6B720,Min Damage Taken,08 00 00 00,8
Heartless Air Pirate,xa_ex_2210.mdls,0,6B724,Max Damage Taken,2C 01 00 00,300
Heartless Air Pirate,xa_ex_2210.mdls,0,6B728,MP Recovery On Hit,26 00 00 00,38
Heartless Air Pirate,xa_ex_2210.mdls,0,6B72C,Knockback Weight,00 00 80 3F,1
Heartless Air Pirate,xa_ex_2210.mdls,0,6B730,EXP,28 00 00 00,40
Heartless Air Pirate,xa_ex_2210.mdls,0,6B734,??? (+20),CD 13 00 00,5069
Heartless Air Pirate,xa_ex_2210.mdls,0,6B738,Outgoing Damage Multiplier,00 00 80 3F,1
Heartless Air Pirate,xa_ex_2210.mdls,0,6B73C,Resist 00 Unknown,64 00 00 00,100
Heartless Air Pirate,xa_ex_2210.mdls,0,6B740,Resist 01 Physical,64 00 00 00,100
Heartless Air Pirate,xa_ex_2210.mdls,0,6B744,Resist 02 Fire,64 00 00 00,100
Heartless Air Pirate,xa_ex_2210.mdls,0,6B748,Resist 03 Blizzard,64 00 00 00,100
Heartless Air Pirate,xa_ex_2210.mdls,0,6B74C,Resist 04 Thunder,64 00 00 00,100
Heartless Air Pirate,xa_ex_2210.mdls,0,6B750,Resist 05 Unknown,64 00 00 00,100
Heartless Air Pirate,xa_ex_2210.mdls,0,6B754,Resist 06 Unknown,64 00 00 00,100
Heartless Air Pirate,xa_ex_2210.mdls,0,6B758,Resist 07 Unknown,64 00 00 00,100
Heartless Air Pirate,xa_ex_2210.mdls,0,6B75C,Resist 08 Percent HP,64 00 00 00,100
Heartless Air Pirate,xa_ex_2210.mdls,0,6B760,Resist 09 Stop,64 00 00 00,100
Heartless Air Pirate,xa_ex_2210.mdls,0,6B764,Resist 0A Stun,64 00 00 00,100
Heartless Air Pirate,xa_ex_2210.mdls,0,6B768,Resist 0B Heal,64 00 00 00,100
Heartless Air Pirate,xa_ex_2210.mdls,0,6B76C,Resist 0C Unknown,64 00 00 00,100
Heartless Air Pirate,xa_ex_2210.mdls,0,6B770,Resist 0D Unknown,64 00 00 00,100
Heartless Air Pirate,xa_ex_2210.mdls,0,6B774,Resist 0E Unknown,64 00 00 00,100
Heartless Air Pirate,xa_ex_2210.mdls,0,6B778,Resist 0F Unknown,64 00 00 00,100
Heartless Air Pirate,xa_ex_2210.mdls,0,6B77C,??? (+68),00 00 00 00,0
Heartless Air Pirate,xa_ex_2210.mdls,1,6B780,HP,87 00 00 00,135
Heartless Air Pirate,xa_ex_2210.mdls,1,6B784,ATK Level,11 00 00 00,17
Heartless Air Pirate,xa_ex_2210.mdls,1,6B788,DEF Level,11 00 00 00,17
Heartless Air Pirate,xa_ex_2210.mdls,1,6B78C,Min Damage Taken,09 00 00 00,9
Heartless Air Pirate,xa_ex_2210.mdls,1,6B790,Max Damage Taken,2C 01 00 00,300
Heartless Air Pirate,xa_ex_2210.mdls,1,6B794,MP Recovery On Hit,2F 00 00 00,47
Heartless Air Pirate,xa_ex_2210.mdls,1,6B798,Knockback Weight,00 00 80 3F,1
Heartless Air Pirate,xa_ex_2210.mdls,1,6B79C,EXP,78 00 00 00,120
Heartless Air Pirate,xa_ex_2210.mdls,1,6B7A0,??? (+20),CD 13 00 00,5069
Heartless Air Pirate,xa_ex_2210.mdls,1,6B7A4,Outgoing Damage Multiplier,00 00 A0 3F,1.25
Heartless Air Pirate,xa_ex_2210.mdls,1,6B7A8,Resist 00 Unknown,64 00 00 00,100
Heartless Air Pirate,xa_ex_2210.mdls,1,6B7AC,Resist 01 Physical,64 00 00 00,100
Heartless Air Pirate,xa_ex_2210.mdls,1,6B7B0,Resist 02 Fire,64 00 00 00,100
Heartless Air Pirate,xa_ex_2210.mdls,1,6B7B4,Resist 03 Blizzard,64 00 00 00,100
Heartless Air Pirate,xa_ex_2210.mdls,1,6B7B8,Resist 04 Thunder,64 00 00 00,100
Heartless Air Pirate,xa_ex_2210.mdls,1,6B7BC,Resist 05 Unknown,64 00 00 00,100
Heartless Air Pirate,xa_ex_2210.mdls,1,6B7C0,Resist 06 Unknown,64 00 00 00,100
Heartless Air Pirate,xa_ex_2210.mdls,1,6B7C4,Resist 07 Unknown,64 00 00 00,100
Heartless Air Pirate,xa_ex_2210.mdls,1,6B7C8,Resist 08 Percent HP,50 00 00 00,80
Heartless Air Pirate,xa_ex_2210.mdls,1,6B7CC,Resist 09 Stop,3C 00 00 00,60
Heartless Air Pirate,xa_ex_2210.mdls,1,6B7D0,Resist 0A Stun,64 00 00 00,100
Heartless Air Pirate,xa_ex_2210.mdls,1,6B7D4,Resist 0B Heal,64 00 00 00,100
Heartless Air Pirate,xa_ex_2210.mdls,1,6B7D8,Resist 0C Unknown,64 00 00 00,100
Heartless Air Pirate,xa_ex_2210.mdls,1,6B7DC,Resist 0D Unknown,64 00 00 00,100
Heartless Air Pirate,xa_ex_2210.mdls,1,6B7E0,Resist 0E Unknown,64 00 00 00,100
Heartless Air Pirate,xa_ex_2210.mdls,1,6B7E4,Resist 0F Unknown,64 00 00 00,100
Heartless Air Pirate,xa_ex_2210.mdls,1,6B7E8,??? (+68),00 00 00 00,0
Heartless Gargoyle,xa_ex_2220.mdls,0,71714,HP,46 00 00 00,70
Heartless Gargoyle,xa_ex_2220.mdls,0,71718,ATK Level,0D 00 00 00,13
Heartless Gargoyle,xa_ex_2220.mdls,0,7171C,DEF Level,0D 00 00 00,13
Heartless Gargoyle,xa_ex_2220.mdls,0,71720,Min Damage Taken,07 00 00 00,7
Heartless Gargoyle,xa_ex_2220.mdls,0,71724,Max Damage Taken,2C 01 00 00,300
Heartless Gargoyle,xa_ex_2220.mdls,0,71728,MP Recovery On Hit,22 00 00 00,34
Heartless Gargoyle,xa_ex_2220.mdls,0,7172C,Knockback Weight,00 00 80 3F,1
Heartless Gargoyle,xa_ex_2220.mdls,0,71730,EXP,14 00 00 00,20
Heartless Gargoyle,xa_ex_2220.mdls,0,71734,??? (+20),F1 13 00 00,5105
Heartless Gargoyle,xa_ex_2220.mdls,0,71738,Outgoing Damage Multiplier,00 00 80 3F,1
Heartless Gargoyle,xa_ex_2220.mdls,0,7173C,Resist 00 Unknown,64 00 00 00,100
Heartless Gargoyle,xa_ex_2220.mdls,0,71740,Resist 01 Physical,64 00 00 00,100
Heartless Gargoyle,xa_ex_2220.mdls,0,71744,Resist 02 Fire,64 00 00 00,100
Heartless Gargoyle,xa_ex_2220.mdls,0,71748,Resist 03 Blizzard,64 00 00 00,100
Heartless Gargoyle,xa_ex_2220.mdls,0,7174C,Resist 04 Thunder,64 00 00 00,100
Heartless Gargoyle,xa_ex_2220.mdls,0,71750,Resist 05 Unknown,64 00 00 00,100
Heartless Gargoyle,xa_ex_2220.mdls,0,71754,Resist 06 Unknown,64 00 00 00,100
Heartless Gargoyle,xa_ex_2220.mdls,0,71758,Resist 07 Unknown,64 00 00 00,100
Heartless Gargoyle,xa_ex_2220.mdls,0,7175C,Resist 08 Percent HP,64 00 00 00,100
Heartless Gargoyle,xa_ex_2220.mdls,0,71760,Resist 09 Stop,64 00 00 00,100
Heartless Gargoyle,xa_ex_2220.mdls,0,71764,Resist 0A Stun,64 00 00 00,100
Heartless Gargoyle,xa_ex_2220.mdls,0,71768,Resist 0B Heal,64 00 00 00,100
Heartless Gargoyle,xa_ex_2220.mdls,0,7176C,Resist 0C Unknown,64 00 00 00,100
Heartless Gargoyle,xa_ex_2220.mdls,0,71770,Resist 0D Unknown,64 00 00 00,100
Heartless Gargoyle,xa_ex_2220.mdls,0,71774,Resist 0E Unknown,64 00 00 00,100
Heartless Gargoyle,xa_ex_2220.mdls,0,71778,Resist 0F Unknown,64 00 00 00,100
Heartless Gargoyle,xa_ex_2220.mdls,0,7177C,??? (+68),00 00 00 00,0
Heartless Gargoyle,xa_ex_2220.mdls,1,71780,HP,87 00 00 00,135
Heartless Gargoyle,xa_ex_2220.mdls,1,71784,ATK Level,11 00 00 00,17
Heartless Gargoyle,xa_ex_2220.mdls,1,71788,DEF Level,11 00 00 00,17
Heartless Gargoyle,xa_ex_2220.mdls,1,7178C,Min Damage Taken,08 00 00 00,8
Heartless Gargoyle,xa_ex_2220.mdls,1,71790,Max Damage Taken,2C 01 00 00,300
Heartless Gargoyle,xa_ex_2220.mdls,1,71794,MP Recovery On Hit,2F 00 00 00,47
Heartless Gargoyle,xa_ex_2220.mdls,1,71798,Knockback Weight,00 00 80 3F,1
Heartless Gargoyle,xa_ex_2220.mdls,1,7179C,EXP,78 00 00 00,120
Heartless Gargoyle,xa_ex_2220.mdls,1,717A0,??? (+20),F1 13 00 00,5105
Heartless Gargoyle,xa_ex_2220.mdls,1,717A4,Outgoing Damage Multiplier,00 00 A0 3F,1.25
Heartless Gargoyle,xa_ex_2220.mdls,1,717A8,Resist 00 Unknown,64 00 00 00,100
Heartless Gargoyle,xa_ex_2220.mdls,1,717AC,Resist 01 Physical,64 00 00 00,100
Heartless Gargoyle,xa_ex_2220.mdls,1,717B0,Resist 02 Fire,64 00 00 00,100
Heartless Gargoyle,xa_ex_2220.mdls,1,717B4,Resist 03 Blizzard,64 00 00 00,100
Heartless Gargoyle,xa_ex_2220.mdls,1,717B8,Resist 04 Thunder,64 00 00 00,100
Heartless Gargoyle,xa_ex_2220.mdls,1,717BC,Resist 05 Unknown,64 00 00 00,100
Heartless Gargoyle,xa_ex_2220.mdls,1,717C0,Resist 06 Unknown,64 00 00 00,100
Heartless Gargoyle,xa_ex_2220.mdls,1,717C4,Resist 07 Unknown,64 00 00 00,100
Heartless Gargoyle,xa_ex_2220.mdls,1,717C8,Resist 08 Percent HP,50 00 00 00,80
Heartless Gargoyle,xa_ex_2220.mdls,1,717CC,Resist 09 Stop,3C 00 00 00,60
Heartless Gargoyle,xa_ex_2220.mdls,1,717D0,Resist 0A Stun,64 00 00 00,100
Heartless Gargoyle,xa_ex_2220.mdls,1,717D4,Resist 0B Heal,64 00 00 00,100
Heartless Gargoyle,xa_ex_2220.mdls,1,717D8,Resist 0C Unknown,64 00 00 00,100
Heartless Gargoyle,xa_ex_2220.mdls,1,717DC,Resist 0D Unknown,64 00 00 00,100
Heartless Gargoyle,xa_ex_2220.mdls,1,717E0,Resist 0E Unknown,64 00 00 00,100
Heartless Gargoyle,xa_ex_2220.mdls,1,717E4,Resist 0F Unknown,64 00 00 00,100
Heartless Gargoyle,xa_ex_2220.mdls,1,717E8,??? (+68),00 00 00 00,0
Heartless Gargoyle (Halloween Town),xa_ex_2221.mdls,0,71714,HP,46 00 00 00,70
Heartless Gargoyle (Halloween Town),xa_ex_2221.mdls,0,71718,ATK Level,0D 00 00 00,13
Heartless Gargoyle (Halloween Town),xa_ex_2221.mdls,0,7171C,DEF Level,0D 00 00 00,13
Heartless Gargoyle (Halloween Town),xa_ex_2221.mdls,0,71720,Min Damage Taken,07 00 00 00,7
Heartless Gargoyle (Halloween Town),xa_ex_2221.mdls,0,71724,Max Damage Taken,2C 01 00 00,300
Heartless Gargoyle (Halloween Town),xa_ex_2221.mdls,0,71728,MP Recovery On Hit,22 00 00 00,34
Heartless Gargoyle (Halloween Town),xa_ex_2221.mdls,0,7172C,Knockback Weight,00 00 80 3F,1
Heartless Gargoyle (Halloween Town),xa_ex_2221.mdls,0,71730,EXP,14 00 00 00,20
Heartless Gargoyle (Halloween Town),xa_ex_2221.mdls,0,71734,??? (+20),F1 13 00 00,5105
Heartless Gargoyle (Halloween Town),xa_ex_2221.mdls,0,71738,Outgoing Damage Multiplier,00 00 80 3F,1
Heartless Gargoyle (Halloween Town),xa_ex_2221.mdls,0,7173C,Resist 00 Unknown,64 00 00 00,100
Heartless Gargoyle (Halloween Town),xa_ex_2221.mdls,0,71740,Resist 01 Physical,64 00 00 00,100
Heartless Gargoyle (Halloween Town),xa_ex_2221.mdls,0,71744,Resist 02 Fire,64 00 00 00,100
Heartless Gargoyle (Halloween Town),xa_ex_2221.mdls,0,71748,Resist 03 Blizzard,64 00 00 00,100
Heartless Gargoyle (Halloween Town),xa_ex_2221.mdls,0,7174C,Resist 04 Thunder,64 00 00 00,100
Heartless Gargoyle (Halloween Town),xa_ex_2221.mdls,0,71750,Resist 05 Unknown,64 00 00 00,100
Heartless Gargoyle (Halloween Town),xa_ex_2221.mdls,0,71754,Resist 06 Unknown,64 00 00 00,100
Heartless Gargoyle (Halloween Town),xa_ex_2221.mdls,0,71758,Resist 07 Unknown,64 00 00 00,100
Heartless Gargoyle (Halloween Town),xa_ex_2221.mdls,0,7175C,Resist 08 Percent HP,64 00 00 00,100
Heartless Gargoyle (Halloween Town),xa_ex_2221.mdls,0,71760,Resist 09 Stop,64 00 00 00,100
Heartless Gargoyle (Halloween Town),xa_ex_2221.mdls,0,71764,Resist 0A Stun,64 00 00 00,100
Heartless Gargoyle (Halloween Town),xa_ex_2221.mdls,0,71768,Resist 0B Heal,64 00 00 00,100
Heartless Gargoyle (Halloween Town),xa_ex_2221.mdls,0,7176C,Resist 0C Unknown,64 00 00 00,100
Heartless Gargoyle (Halloween Town),xa_ex_2221.mdls,0,71770,Resist 0D Unknown,64 00 00 00,100
Heartless Gargoyle (Halloween Town),xa_ex_2221.mdls,0,71774,Resist 0E Unknown,64 00 00 00,100
Heartless Gargoyle (Halloween Town),xa_ex_2221.mdls,0,71778,Resist 0F Unknown,64 00 00 00,100
Heartless Gargoyle (Halloween Town),xa_ex_2221.mdls,0,7177C,??? (+68),00 00 00 00,0
Heartless Gargoyle (Halloween Town),xa_ex_2221.mdls,1,71780,HP,87 00 00 00,135
Heartless Gargoyle (Halloween Town),xa_ex_2221.mdls,1,71784,ATK Level,11 00 00 00,17
Heartless Gargoyle (Halloween Town),xa_ex_2221.mdls,1,71788,DEF Level,11 00 00 00,17
Heartless Gargoyle (Halloween Town),xa_ex_2221.mdls,1,7178C,Min Damage Taken,08 00 00 00,8
Heartless Gargoyle (Halloween Town),xa_ex_2221.mdls,1,71790,Max Damage Taken,2C 01 00 00,300
Heartless Gargoyle (Halloween Town),xa_ex_2221.mdls,1,71794,MP Recovery On Hit,2F 00 00 00,47
Heartless Gargoyle (Halloween Town),xa_ex_2221.mdls,1,71798,Knockback Weight,00 00 80 3F,1
Heartless Gargoyle (Halloween Town),xa_ex_2221.mdls,1,7179C,EXP,78 00 00 00,120
Heartless Gargoyle (Halloween Town),xa_ex_2221.mdls,1,717A0,??? (+20),F1 13 00 00,5105
Heartless Gargoyle (Halloween Town),xa_ex_2221.mdls,1,717A4,Outgoing Damage Multiplier,00 00 A0 3F,1.25
Heartless Gargoyle (Halloween Town),xa_ex_2221.mdls,1,717A8,Resist 00 Unknown,64 00 00 00,100
Heartless Gargoyle (Halloween Town),xa_ex_2221.mdls,1,717AC,Resist 01 Physical,64 00 00 00,100
Heartless Gargoyle (Halloween Town),xa_ex_2221.mdls,1,717B0,Resist 02 Fire,64 00 00 00,100
Heartless Gargoyle (Halloween Town),xa_ex_2221.mdls,1,717B4,Resist 03 Blizzard,64 00 00 00,100
Heartless Gargoyle (Halloween Town),xa_ex_2221.mdls,1,717B8,Resist 04 Thunder,64 00 00 00,100
Heartless Gargoyle (Halloween Town),xa_ex_2221.mdls,1,717BC,Resist 05 Unknown,64 00 00 00,100
Heartless Gargoyle (Halloween Town),xa_ex_2221.mdls,1,717C0,Resist 06 Unknown,64 00 00 00,100
Heartless Gargoyle (Halloween Town),xa_ex_2221.mdls,1,717C4,Resist 07 Unknown,64 00 00 00,100
Heartless Gargoyle (Halloween Town),xa_ex_2221.mdls,1,717C8,Resist 08 Percent HP,50 00 00 00,80
Heartless Gargoyle (Halloween Town),xa_ex_2221.mdls,1,717CC,Resist 09 Stop,3C 00 00 00,60
Heartless Gargoyle (Halloween Town),xa_ex_2221.mdls,1,717D0,Resist 0A Stun,64 00 00 00,100
Heartless Gargoyle (Halloween Town),xa_ex_2221.mdls,1,717D4,Resist 0B Heal,64 00 00 00,100
Heartless Gargoyle (Halloween Town),xa_ex_2221.mdls,1,717D8,Resist 0C Unknown,64 00 00 00,100
Heartless Gargoyle (Halloween Town),xa_ex_2221.mdls,1,717DC,Resist 0D Unknown,64 00 00 00,100
Heartless Gargoyle (Halloween Town),xa_ex_2221.mdls,1,717E0,Resist 0E Unknown,64 00 00 00,100
Heartless Gargoyle (Halloween Town),xa_ex_2221.mdls,1,717E4,Resist 0F Unknown,64 00 00 00,100
Heartless Gargoyle (Halloween Town),xa_ex_2221.mdls,1,717E8,??? (+68),00 00 00 00,0
Heartless Search Ghost,xa_ex_2230.mdls,0,68D14,HP,2D 00 00 00,45
Heartless Search Ghost,xa_ex_2230.mdls,0,68D18,ATK Level,0A 00 00 00,10
Heartless Search Ghost,xa_ex_2230.mdls,0,68D1C,DEF Level,0A 00 00 00,10
Heartless Search Ghost,xa_ex_2230.mdls,0,68D20,Min Damage Taken,04 00 00 00,4
Heartless Search Ghost,xa_ex_2230.mdls,0,68D24,Max Damage Taken,2C 01 00 00,300
Heartless Search Ghost,xa_ex_2230.mdls,0,68D28,MP Recovery On Hit,1B 00 00 00,27
Heartless Search Ghost,xa_ex_2230.mdls,0,68D2C,Knockback Weight,00 00 80 3F,1
Heartless Search Ghost,xa_ex_2230.mdls,0,68D30,EXP,0A 00 00 00,10
Heartless Search Ghost,xa_ex_2230.mdls,0,68D34,??? (+20),D1 13 00 00,5073
Heartless Search Ghost,xa_ex_2230.mdls,0,68D38,Outgoing Damage Multiplier,00 00 80 3F,1
Heartless Search Ghost,xa_ex_2230.mdls,0,68D3C,Resist 00 Unknown,64 00 00 00,100
Heartless Search Ghost,xa_ex_2230.mdls,0,68D40,Resist 01 Physical,64 00 00 00,100
Heartless Search Ghost,xa_ex_2230.mdls,0,68D44,Resist 02 Fire,64 00 00 00,100
Heartless Search Ghost,xa_ex_2230.mdls,0,68D48,Resist 03 Blizzard,64 00 00 00,100
Heartless Search Ghost,xa_ex_2230.mdls,0,68D4C,Resist 04 Thunder,64 00 00 00,100
Heartless Search Ghost,xa_ex_2230.mdls,0,68D50,Resist 05 Unknown,64 00 00 00,100
Heartless Search Ghost,xa_ex_2230.mdls,0,68D54,Resist 06 Unknown,64 00 00 00,100
Heartless Search Ghost,xa_ex_2230.mdls,0,68D58,Resist 07 Unknown,64 00 00 00,100
Heartless Search Ghost,xa_ex_2230.mdls,0,68D5C,Resist 08 Percent HP,64 00 00 00,100
Heartless Search Ghost,xa_ex_2230.mdls,0,68D60,Resist 09 Stop,64 00 00 00,100
Heartless Search Ghost,xa_ex_2230.mdls,0,68D64,Resist 0A Stun,64 00 00 00,100
Heartless Search Ghost,xa_ex_2230.mdls,0,68D68,Resist 0B Heal,64 00 00 00,100
Heartless Search Ghost,xa_ex_2230.mdls,0,68D6C,Resist 0C Unknown,64 00 00 00,100
Heartless Search Ghost,xa_ex_2230.mdls,0,68D70,Resist 0D Unknown,64 00 00 00,100
Heartless Search Ghost,xa_ex_2230.mdls,0,68D74,Resist 0E Unknown,64 00 00 00,100
Heartless Search Ghost,xa_ex_2230.mdls,0,68D78,Resist 0F Unknown,64 00 00 00,100
Heartless Search Ghost,xa_ex_2230.mdls,0,68D7C,??? (+68),00 00 00 00,0
Heartless Search Ghost,xa_ex_2230.mdls,1,68D80,HP,78 00 00 00,120
Heartless Search Ghost,xa_ex_2230.mdls,1,68D84,ATK Level,11 00 00 00,17
Heartless Search Ghost,xa_ex_2230.mdls,1,68D88,DEF Level,11 00 00 00,17
Heartless Search Ghost,xa_ex_2230.mdls,1,68D8C,Min Damage Taken,07 00 00 00,7
Heartless Search Ghost,xa_ex_2230.mdls,1,68D90,Max Damage Taken,2C 01 00 00,300
Heartless Search Ghost,xa_ex_2230.mdls,1,68D94,MP Recovery On Hit,2F 00 00 00,47
Heartless Search Ghost,xa_ex_2230.mdls,1,68D98,Knockback Weight,00 00 80 3F,1
Heartless Search Ghost,xa_ex_2230.mdls,1,68D9C,EXP,78 00 00 00,120
Heartless Search Ghost,xa_ex_2230.mdls,1,68DA0,??? (+20),D1 13 00 00,5073
Heartless Search Ghost,xa_ex_2230.mdls,1,68DA4,Outgoing Damage Multiplier,00 00 C0 3F,1.5
Heartless Search Ghost,xa_ex_2230.mdls,1,68DA8,Resist 00 Unknown,64 00 00 00,100
Heartless Search Ghost,xa_ex_2230.mdls,1,68DAC,Resist 01 Physical,64 00 00 00,100
Heartless Search Ghost,xa_ex_2230.mdls,1,68DB0,Resist 02 Fire,64 00 00 00,100
Heartless Search Ghost,xa_ex_2230.mdls,1,68DB4,Resist 03 Blizzard,64 00 00 00,100
Heartless Search Ghost,xa_ex_2230.mdls,1,68DB8,Resist 04 Thunder,64 00 00 00,100
Heartless Search Ghost,xa_ex_2230.mdls,1,68DBC,Resist 05 Unknown,64 00 00 00,100
Heartless Search Ghost,xa_ex_2230.mdls,1,68DC0,Resist 06 Unknown,64 00 00 00,100
Heartless Search Ghost,xa_ex_2230.mdls,1,68DC4,Resist 07 Unknown,64 00 00 00,100
Heartless Search Ghost,xa_ex_2230.mdls,1,68DC8,Resist 08 Percent HP,50 00 00 00,80
Heartless Search Ghost,xa_ex_2230.mdls,1,68DCC,Resist 09 Stop,3C 00 00 00,60
Heartless Search Ghost,xa_ex_2230.mdls,1,68DD0,Resist 0A Stun,64 00 00 00,100
Heartless Search Ghost,xa_ex_2230.mdls,1,68DD4,Resist 0B Heal,64 00 00 00,100
Heartless Search Ghost,xa_ex_2230.mdls,1,68DD8,Resist 0C Unknown,64 00 00 00,100
Heartless Search Ghost,xa_ex_2230.mdls,1,68DDC,Resist 0D Unknown,64 00 00 00,100
Heartless Search Ghost,xa_ex_2230.mdls,1,68DE0,Resist 0E Unknown,64 00 00 00,100
Heartless Search Ghost,xa_ex_2230.mdls,1,68DE4,Resist 0F Unknown,64 00 00 00,100
Heartless Search Ghost,xa_ex_2230.mdls,1,68DE8,??? (+68),00 00 00 00,0
Heartless Search Ghost (Halloween Town),xa_ex_2231.mdls,0,68D14,HP,2D 00 00 00,45
Heartless Search Ghost (Halloween Town),xa_ex_2231.mdls,0,68D18,ATK Level,0A 00 00 00,10
Heartless Search Ghost (Halloween Town),xa_ex_2231.mdls,0,68D1C,DEF Level,0A 00 00 00,10
Heartless Search Ghost (Halloween Town),xa_ex_2231.mdls,0,68D20,Min Damage Taken,04 00 00 00,4
Heartless Search Ghost (Halloween Town),xa_ex_2231.mdls,0,68D24,Max Damage Taken,2C 01 00 00,300
Heartless Search Ghost (Halloween Town),xa_ex_2231.mdls,0,68D28,MP Recovery On Hit,1B 00 00 00,27
Heartless Search Ghost (Halloween Town),xa_ex_2231.mdls,0,68D2C,Knockback Weight,00 00 80 3F,1
Heartless Search Ghost (Halloween Town),xa_ex_2231.mdls,0,68D30,EXP,0A 00 00 00,10
Heartless Search Ghost (Halloween Town),xa_ex_2231.mdls,0,68D34,??? (+20),D1 13 00 00,5073
Heartless Search Ghost (Halloween Town),xa_ex_2231.mdls,0,68D38,Outgoing Damage Multiplier,00 00 80 3F,1
Heartless Search Ghost (Halloween Town),xa_ex_2231.mdls,0,68D3C,Resist 00 Unknown,64 00 00 00,100
Heartless Search Ghost (Halloween Town),xa_ex_2231.mdls,0,68D40,Resist 01 Physical,64 00 00 00,100
Heartless Search Ghost (Halloween Town),xa_ex_2231.mdls,0,68D44,Resist 02 Fire,64 00 00 00,100
Heartless Search Ghost (Halloween Town),xa_ex_2231.mdls,0,68D48,Resist 03 Blizzard,64 00 00 00,100
Heartless Search Ghost (Halloween Town),xa_ex_2231.mdls,0,68D4C,Resist 04 Thunder,64 00 00 00,100
Heartless Search Ghost (Halloween Town),xa_ex_2231.mdls,0,68D50,Resist 05 Unknown,64 00 00 00,100
Heartless Search Ghost (Halloween Town),xa_ex_2231.mdls,0,68D54,Resist 06 Unknown,64 00 00 00,100
Heartless Search Ghost (Halloween Town),xa_ex_2231.mdls,0,68D58,Resist 07 Unknown,64 00 00 00,100
Heartless Search Ghost (Halloween Town),xa_ex_2231.mdls,0,68D5C,Resist 08 Percent HP,64 00 00 00,100
Heartless Search Ghost (Halloween Town),xa_ex_2231.mdls,0,68D60,Resist 09 Stop,64 00 00 00,100
Heartless Search Ghost (Halloween Town),xa_ex_2231.mdls,0,68D64,Resist 0A Stun,64 00 00 00,100
Heartless Search Ghost (Halloween Town),xa_ex_2231.mdls,0,68D68,Resist 0B Heal,64 00 00 00,100
Heartless Search Ghost (Halloween Town),xa_ex_2231.mdls,0,68D6C,Resist 0C Unknown,64 00 00 00,100
Heartless Search Ghost (Halloween Town),xa_ex_2231.mdls,0,68D70,Resist 0D Unknown,64 00 00 00,100
Heartless Search Ghost (Halloween Town),xa_ex_2231.mdls,0,68D74,Resist 0E Unknown,64 00 00 00,100
Heartless Search Ghost (Halloween Town),xa_ex_2231.mdls,0,68D78,Resist 0F Unknown,64 00 00 00,100
Heartless Search Ghost (Halloween Town),xa_ex_2231.mdls,0,68D7C,??? (+68),00 00 00 00,0
Heartless Search Ghost (Halloween Town),xa_ex_2231.mdls,1,68D80,HP,78 00 00 00,120
Heartless Search Ghost (Halloween Town),xa_ex_2231.mdls,1,68D84,ATK Level,11 00 00 00,17
Heartless Search Ghost (Halloween Town),xa_ex_2231.mdls,1,68D88,DEF Level,11 00 00 00,17
Heartless Search Ghost (Halloween Town),xa_ex_2231.mdls,1,68D8C,Min Damage Taken,07 00 00 00,7
Heartless Search Ghost (Halloween Town),xa_ex_2231.mdls,1,68D90,Max Damage Taken,2C 01 00 00,300
Heartless Search Ghost (Halloween Town),xa_ex_2231.mdls,1,68D94,MP Recovery On Hit,2F 00 00 00,47
Heartless Search Ghost (Halloween Town),xa_ex_2231.mdls,1,68D98,Knockback Weight,00 00 80 3F,1
Heartless Search Ghost (Halloween Town),xa_ex_2231.mdls,1,68D9C,EXP,78 00 00 00,120
Heartless Search Ghost (Halloween Town),xa_ex_2231.mdls,1,68DA0,??? (+20),D1 13 00 00,5073
Heartless Search Ghost (Halloween Town),xa_ex_2231.mdls,1,68DA4,Outgoing Damage Multiplier,00 00 C0 3F,1.5
Heartless Search Ghost (Halloween Town),xa_ex_2231.mdls,1,68DA8,Resist 00 Unknown,64 00 00 00,100
Heartless Search Ghost (Halloween Town),xa_ex_2231.mdls,1,68DAC,Resist 01 Physical,64 00 00 00,100
Heartless Search Ghost (Halloween Town),xa_ex_2231.mdls,1,68DB0,Resist 02 Fire,64 00 00 00,100
Heartless Search Ghost (Halloween Town),xa_ex_2231.mdls,1,68DB4,Resist 03 Blizzard,64 00 00 00,100
Heartless Search Ghost (Halloween Town),xa_ex_2231.mdls,1,68DB8,Resist 04 Thunder,64 00 00 00,100
Heartless Search Ghost (Halloween Town),xa_ex_2231.mdls,1,68DBC,Resist 05 Unknown,64 00 00 00,100
Heartless Search Ghost (Halloween Town),xa_ex_2231.mdls,1,68DC0,Resist 06 Unknown,64 00 00 00,100
Heartless Search Ghost (Halloween Town),xa_ex_2231.mdls,1,68DC4,Resist 07 Unknown,64 00 00 00,100
Heartless Search Ghost (Halloween Town),xa_ex_2231.mdls,1,68DC8,Resist 08 Percent HP,50 00 00 00,80
Heartless Search Ghost (Halloween Town),xa_ex_2231.mdls,1,68DCC,Resist 09 Stop,3C 00 00 00,60
Heartless Search Ghost (Halloween Town),xa_ex_2231.mdls,1,68DD0,Resist 0A Stun,64 00 00 00,100
Heartless Search Ghost (Halloween Town),xa_ex_2231.mdls,1,68DD4,Resist 0B Heal,64 00 00 00,100
Heartless Search Ghost (Halloween Town),xa_ex_2231.mdls,1,68DD8,Resist 0C Unknown,64 00 00 00,100
Heartless Search Ghost (Halloween Town),xa_ex_2231.mdls,1,68DDC,Resist 0D Unknown,64 00 00 00,100
Heartless Search Ghost (Halloween Town),xa_ex_2231.mdls,1,68DE0,Resist 0E Unknown,64 00 00 00,100
Heartless Search Ghost (Halloween Town),xa_ex_2231.mdls,1,68DE4,Resist 0F Unknown,64 00 00 00,100
Heartless Search Ghost (Halloween Town),xa_ex_2231.mdls,1,68DE8,??? (+68),00 00 00 00,0
Heartless Aquatank,xa_ex_2240.mdls,0,112F94,HP,78 00 00 00,120
Heartless Aquatank,xa_ex_2240.mdls,0,112F98,ATK Level,0C 00 00 00,12
Heartless Aquatank,xa_ex_2240.mdls,0,112F9C,DEF Level,0C 00 00 00,12
Heartless Aquatank,xa_ex_2240.mdls,0,112FA0,Min Damage Taken,05 00 00 00,5
Heartless Aquatank,xa_ex_2240.mdls,0,112FA4,Max Damage Taken,6E 00 00 00,110
Heartless Aquatank,xa_ex_2240.mdls,0,112FA8,MP Recovery On Hit,21 00 00 00,33
Heartless Aquatank,xa_ex_2240.mdls,0,112FAC,Knockback Weight,00 00 80 3F,1
Heartless Aquatank,xa_ex_2240.mdls,0,112FB0,EXP,1E 00 00 00,30
Heartless Aquatank,xa_ex_2240.mdls,0,112FB4,??? (+20),45 14 00 00,5189
Heartless Aquatank,xa_ex_2240.mdls,0,112FB8,Outgoing Damage Multiplier,00 00 80 3F,1
Heartless Aquatank,xa_ex_2240.mdls,0,112FBC,Resist 00 Unknown,64 00 00 00,100
Heartless Aquatank,xa_ex_2240.mdls,0,112FC0,Resist 01 Physical,64 00 00 00,100
Heartless Aquatank,xa_ex_2240.mdls,0,112FC4,Resist 02 Fire,64 00 00 00,100
Heartless Aquatank,xa_ex_2240.mdls,0,112FC8,Resist 03 Blizzard,64 00 00 00,100
Heartless Aquatank,xa_ex_2240.mdls,0,112FCC,Resist 04 Thunder,64 00 00 00,100
Heartless Aquatank,xa_ex_2240.mdls,0,112FD0,Resist 05 Unknown,64 00 00 00,100
Heartless Aquatank,xa_ex_2240.mdls,0,112FD4,Resist 06 Unknown,64 00 00 00,100
Heartless Aquatank,xa_ex_2240.mdls,0,112FD8,Resist 07 Unknown,64 00 00 00,100
Heartless Aquatank,xa_ex_2240.mdls,0,112FDC,Resist 08 Percent HP,5A 00 00 00,90
Heartless Aquatank,xa_ex_2240.mdls,0,112FE0,Resist 09 Stop,64 00 00 00,100
Heartless Aquatank,xa_ex_2240.mdls,0,112FE4,Resist 0A Stun,64 00 00 00,100
Heartless Aquatank,xa_ex_2240.mdls,0,112FE8,Resist 0B Heal,64 00 00 00,100
Heartless Aquatank,xa_ex_2240.mdls,0,112FEC,Resist 0C Unknown,64 00 00 00,100
Heartless Aquatank,xa_ex_2240.mdls,0,112FF0,Resist 0D Unknown,64 00 00 00,100
Heartless Aquatank,xa_ex_2240.mdls,0,112FF4,Resist 0E Unknown,64 00 00 00,100
Heartless Aquatank,xa_ex_2240.mdls,0,112FF8,Resist 0F Unknown,64 00 00 00,100
Heartless Aquatank,xa_ex_2240.mdls,0,112FFC,??? (+68),10 00 00 00,16
Heartless Aquatank,xa_ex_2240.mdls,1,113000,HP,2C 01 00 00,300
Heartless Aquatank,xa_ex_2240.mdls,1,113004,ATK Level,11 00 00 00,17
Heartless Aquatank,xa_ex_2240.mdls,1,113008,DEF Level,11 00 00 00,17
Heartless Aquatank,xa_ex_2240.mdls,1,11300C,Min Damage Taken,07 00 00 00,7
Heartless Aquatank,xa_ex_2240.mdls,1,113010,Max Damage Taken,0E 01 00 00,270
Heartless Aquatank,xa_ex_2240.mdls,1,113014,MP Recovery On Hit,31 00 00 00,49
Heartless Aquatank,xa_ex_2240.mdls,1,113018,Knockback Weight,00 00 80 3F,1
Heartless Aquatank,xa_ex_2240.mdls,1,11301C,EXP,B4 00 00 00,180
Heartless Aquatank,xa_ex_2240.mdls,1,113020,??? (+20),45 14 00 00,5189
Heartless Aquatank,xa_ex_2240.mdls,1,113024,Outgoing Damage Multiplier,00 00 A0 3F,1.25
Heartless Aquatank,xa_ex_2240.mdls,1,113028,Resist 00 Unknown,64 00 00 00,100
Heartless Aquatank,xa_ex_2240.mdls,1,11302C,Resist 01 Physical,64 00 00 00,100
Heartless Aquatank,xa_ex_2240.mdls,1,113030,Resist 02 Fire,64 00 00 00,100
Heartless Aquatank,xa_ex_2240.mdls,1,113034,Resist 03 Blizzard,64 00 00 00,100
Heartless Aquatank,xa_ex_2240.mdls,1,113038,Resist 04 Thunder,64 00 00 00,100
Heartless Aquatank,xa_ex_2240.mdls,1,11303C,Resist 05 Unknown,64 00 00 00,100
Heartless Aquatank,xa_ex_2240.mdls,1,113040,Resist 06 Unknown,64 00 00 00,100
Heartless Aquatank,xa_ex_2240.mdls,1,113044,Resist 07 Unknown,64 00 00 00,100
Heartless Aquatank,xa_ex_2240.mdls,1,113048,Resist 08 Percent HP,4B 00 00 00,75
Heartless Aquatank,xa_ex_2240.mdls,1,11304C,Resist 09 Stop,3C 00 00 00,60
Heartless Aquatank,xa_ex_2240.mdls,1,113050,Resist 0A Stun,64 00 00 00,100
Heartless Aquatank,xa_ex_2240.mdls,1,113054,Resist 0B Heal,64 00 00 00,100
Heartless Aquatank,xa_ex_2240.mdls,1,113058,Resist 0C Unknown,64 00 00 00,100
Heartless Aquatank,xa_ex_2240.mdls,1,11305C,Resist 0D Unknown,64 00 00 00,100
Heartless Aquatank,xa_ex_2240.mdls,1,113060,Resist 0E Unknown,64 00 00 00,100
Heartless Aquatank,xa_ex_2240.mdls,1,113064,Resist 0F Unknown,64 00 00 00,100
Heartless Aquatank,xa_ex_2240.mdls,1,113068,??? (+68),10 00 00 00,16
Heartless Screwdiver,xa_ex_2250.mdls,0,66294,HP,30 00 00 00,48
Heartless Screwdiver,xa_ex_2250.mdls,0,66298,ATK Level,0C 00 00 00,12
Heartless Screwdiver,xa_ex_2250.mdls,0,6629C,DEF Level,0C 00 00 00,12
Heartless Screwdiver,xa_ex_2250.mdls,0,662A0,Min Damage Taken,06 00 00 00,6
Heartless Screwdiver,xa_ex_2250.mdls,0,662A4,Max Damage Taken,2C 01 00 00,300
Heartless Screwdiver,xa_ex_2250.mdls,0,662A8,MP Recovery On Hit,1F 00 00 00,31
Heartless Screwdiver,xa_ex_2250.mdls,0,662AC,Knockback Weight,00 00 80 3F,1
Heartless Screwdiver,xa_ex_2250.mdls,0,662B0,EXP,0F 00 00 00,15
Heartless Screwdiver,xa_ex_2250.mdls,0,662B4,??? (+20),49 14 00 00,5193
Heartless Screwdiver,xa_ex_2250.mdls,0,662B8,Outgoing Damage Multiplier,00 00 80 3F,1
Heartless Screwdiver,xa_ex_2250.mdls,0,662BC,Resist 00 Unknown,64 00 00 00,100
Heartless Screwdiver,xa_ex_2250.mdls,0,662C0,Resist 01 Physical,64 00 00 00,100
Heartless Screwdiver,xa_ex_2250.mdls,0,662C4,Resist 02 Fire,64 00 00 00,100
Heartless Screwdiver,xa_ex_2250.mdls,0,662C8,Resist 03 Blizzard,64 00 00 00,100
Heartless Screwdiver,xa_ex_2250.mdls,0,662CC,Resist 04 Thunder,64 00 00 00,100
Heartless Screwdiver,xa_ex_2250.mdls,0,662D0,Resist 05 Unknown,64 00 00 00,100
Heartless Screwdiver,xa_ex_2250.mdls,0,662D4,Resist 06 Unknown,64 00 00 00,100
Heartless Screwdiver,xa_ex_2250.mdls,0,662D8,Resist 07 Unknown,64 00 00 00,100
Heartless Screwdiver,xa_ex_2250.mdls,0,662DC,Resist 08 Percent HP,64 00 00 00,100
Heartless Screwdiver,xa_ex_2250.mdls,0,662E0,Resist 09 Stop,64 00 00 00,100
Heartless Screwdiver,xa_ex_2250.mdls,0,662E4,Resist 0A Stun,64 00 00 00,100
Heartless Screwdiver,xa_ex_2250.mdls,0,662E8,Resist 0B Heal,64 00 00 00,100
Heartless Screwdiver,xa_ex_2250.mdls,0,662EC,Resist 0C Unknown,64 00 00 00,100
Heartless Screwdiver,xa_ex_2250.mdls,0,662F0,Resist 0D Unknown,64 00 00 00,100
Heartless Screwdiver,xa_ex_2250.mdls,0,662F4,Resist 0E Unknown,64 00 00 00,100
Heartless Screwdiver,xa_ex_2250.mdls,0,662F8,Resist 0F Unknown,64 00 00 00,100
Heartless Screwdiver,xa_ex_2250.mdls,0,662FC,??? (+68),10 00 00 00,16
Heartless Screwdiver,xa_ex_2250.mdls,1,66300,HP,78 00 00 00,120
Heartless Screwdiver,xa_ex_2250.mdls,1,66304,ATK Level,11 00 00 00,17
Heartless Screwdiver,xa_ex_2250.mdls,1,66308,DEF Level,11 00 00 00,17
Heartless Screwdiver,xa_ex_2250.mdls,1,6630C,Min Damage Taken,08 00 00 00,8
Heartless Screwdiver,xa_ex_2250.mdls,1,66310,Max Damage Taken,2C 01 00 00,300
Heartless Screwdiver,xa_ex_2250.mdls,1,66314,MP Recovery On Hit,2F 00 00 00,47
Heartless Screwdiver,xa_ex_2250.mdls,1,66318,Knockback Weight,00 00 80 3F,1
Heartless Screwdiver,xa_ex_2250.mdls,1,6631C,EXP,5A 00 00 00,90
Heartless Screwdiver,xa_ex_2250.mdls,1,66320,??? (+20),49 14 00 00,5193
Heartless Screwdiver,xa_ex_2250.mdls,1,66324,Outgoing Damage Multiplier,00 00 A0 3F,1.25
Heartless Screwdiver,xa_ex_2250.mdls,1,66328,Resist 00 Unknown,64 00 00 00,100
Heartless Screwdiver,xa_ex_2250.mdls,1,6632C,Resist 01 Physical,64 00 00 00,100
Heartless Screwdiver,xa_ex_2250.mdls,1,66330,Resist 02 Fire,64 00 00 00,100
Heartless Screwdiver,xa_ex_2250.mdls,1,66334,Resist 03 Blizzard,64 00 00 00,100
Heartless Screwdiver,xa_ex_2250.mdls,1,66338,Resist 04 Thunder,64 00 00 00,100
Heartless Screwdiver,xa_ex_2250.mdls,1,6633C,Resist 05 Unknown,64 00 00 00,100
Heartless Screwdiver,xa_ex_2250.mdls,1,66340,Resist 06 Unknown,64 00 00 00,100
Heartless Screwdiver,xa_ex_2250.mdls,1,66344,Resist 07 Unknown,64 00 00 00,100
Heartless Screwdiver,xa_ex_2250.mdls,1,66348,Resist 08 Percent HP,50 00 00 00,80
Heartless Screwdiver,xa_ex_2250.mdls,1,6634C,Resist 09 Stop,3C 00 00 00,60
Heartless Screwdiver,xa_ex_2250.mdls,1,66350,Resist 0A Stun,64 00 00 00,100
Heartless Screwdiver,xa_ex_2250.mdls,1,66354,Resist 0B Heal,64 00 00 00,100
Heartless Screwdiver,xa_ex_2250.mdls,1,66358,Resist 0C Unknown,64 00 00 00,100
Heartless Screwdiver,xa_ex_2250.mdls,1,6635C,Resist 0D Unknown,64 00 00 00,100
Heartless Screwdiver,xa_ex_2250.mdls,1,66360,Resist 0E Unknown,64 00 00 00,100
Heartless Screwdiver,xa_ex_2250.mdls,1,66364,Resist 0F Unknown,64 00 00 00,100
Heartless Screwdiver,xa_ex_2250.mdls,1,66368,??? (+68),10 00 00 00,16
Heartless Chimera,xa_ex_2260.mdls,0,F6894,HP,C8 00 00 00,200
Heartless Chimera,xa_ex_2260.mdls,0,F6898,ATK Level,0D 00 00 00,13
Heartless Chimera,xa_ex_2260.mdls,0,F689C,DEF Level,0D 00 00 00,13
Heartless Chimera,xa_ex_2260.mdls,0,F68A0,Min Damage Taken,06 00 00 00,6
Heartless Chimera,xa_ex_2260.mdls,0,F68A4,Max Damage Taken,1E 00 00 00,30
Heartless Chimera,xa_ex_2260.mdls,0,F68A8,MP Recovery On Hit,24 00 00 00,36
Heartless Chimera,xa_ex_2260.mdls,0,F68AC,Knockback Weight,00 00 80 3F,1
Heartless Chimera,xa_ex_2260.mdls,0,F68B0,EXP,14 00 00 00,20
Heartless Chimera,xa_ex_2260.mdls,0,F68B4,??? (+20),00 00 00 00,0
Heartless Chimera,xa_ex_2260.mdls,0,F68B8,Outgoing Damage Multiplier,00 00 80 3F,1
Heartless Chimera,xa_ex_2260.mdls,0,F68BC,Resist 00 Unknown,64 00 00 00,100
Heartless Chimera,xa_ex_2260.mdls,0,F68C0,Resist 01 Physical,64 00 00 00,100
Heartless Chimera,xa_ex_2260.mdls,0,F68C4,Resist 02 Fire,64 00 00 00,100
Heartless Chimera,xa_ex_2260.mdls,0,F68C8,Resist 03 Blizzard,64 00 00 00,100
Heartless Chimera,xa_ex_2260.mdls,0,F68CC,Resist 04 Thunder,64 00 00 00,100
Heartless Chimera,xa_ex_2260.mdls,0,F68D0,Resist 05 Unknown,64 00 00 00,100
Heartless Chimera,xa_ex_2260.mdls,0,F68D4,Resist 06 Unknown,64 00 00 00,100
Heartless Chimera,xa_ex_2260.mdls,0,F68D8,Resist 07 Unknown,64 00 00 00,100
Heartless Chimera,xa_ex_2260.mdls,0,F68DC,Resist 08 Percent HP,32 00 00 00,50
Heartless Chimera,xa_ex_2260.mdls,0,F68E0,Resist 09 Stop,32 00 00 00,50
Heartless Chimera,xa_ex_2260.mdls,0,F68E4,Resist 0A Stun,64 00 00 00,100
Heartless Chimera,xa_ex_2260.mdls,0,F68E8,Resist 0B Heal,64 00 00 00,100
Heartless Chimera,xa_ex_2260.mdls,0,F68EC,Resist 0C Unknown,64 00 00 00,100
Heartless Chimera,xa_ex_2260.mdls,0,F68F0,Resist 0D Unknown,64 00 00 00,100
Heartless Chimera,xa_ex_2260.mdls,0,F68F4,Resist 0E Unknown,64 00 00 00,100
Heartless Chimera,xa_ex_2260.mdls,0,F68F8,Resist 0F Unknown,64 00 00 00,100
Heartless Chimera,xa_ex_2260.mdls,0,F68FC,??? (+68),00 00 00 00,0
Heartless Chimera,xa_ex_2260.mdls,1,F6900,HP,C8 00 00 00,200
Heartless Chimera,xa_ex_2260.mdls,1,F6904,ATK Level,11 00 00 00,17
Heartless Chimera,xa_ex_2260.mdls,1,F6908,DEF Level,11 00 00 00,17
Heartless Chimera,xa_ex_2260.mdls,1,F690C,Min Damage Taken,06 00 00 00,6
Heartless Chimera,xa_ex_2260.mdls,1,F6910,Max Damage Taken,1E 00 00 00,30
Heartless Chimera,xa_ex_2260.mdls,1,F6914,MP Recovery On Hit,31 00 00 00,49
Heartless Chimera,xa_ex_2260.mdls,1,F6918,Knockback Weight,00 00 80 3F,1
Heartless Chimera,xa_ex_2260.mdls,1,F691C,EXP,78 00 00 00,120
Heartless Chimera,xa_ex_2260.mdls,1,F6920,??? (+20),00 00 00 00,0
Heartless Chimera,xa_ex_2260.mdls,1,F6924,Outgoing Damage Multiplier,00 00 A0 3F,1.25
Heartless Chimera,xa_ex_2260.mdls,1,F6928,Resist 00 Unknown,64 00 00 00,100
Heartless Chimera,xa_ex_2260.mdls,1,F692C,Resist 01 Physical,64 00 00 00,100
Heartless Chimera,xa_ex_2260.mdls,1,F6930,Resist 02 Fire,64 00 00 00,100
Heartless Chimera,xa_ex_2260.mdls,1,F6934,Resist 03 Blizzard,64 00 00 00,100
Heartless Chimera,xa_ex_2260.mdls,1,F6938,Resist 04 Thunder,64 00 00 00,100
Heartless Chimera,xa_ex_2260.mdls,1,F693C,Resist 05 Unknown,64 00 00 00,100
Heartless Chimera,xa_ex_2260.mdls,1,F6940,Resist 06 Unknown,64 00 00 00,100
Heartless Chimera,xa_ex_2260.mdls,1,F6944,Resist 07 Unknown,64 00 00 00,100
Heartless Chimera,xa_ex_2260.mdls,1,F6948,Resist 08 Percent HP,28 00 00 00,40
Heartless Chimera,xa_ex_2260.mdls,1,F694C,Resist 09 Stop,28 00 00 00,40
Heartless Chimera,xa_ex_2260.mdls,1,F6950,Resist 0A Stun,64 00 00 00,100
Heartless Chimera,xa_ex_2260.mdls,1,F6954,Resist 0B Heal,64 00 00 00,100
Heartless Chimera,xa_ex_2260.mdls,1,F6958,Resist 0C Unknown,64 00 00 00,100
Heartless Chimera,xa_ex_2260.mdls,1,F695C,Resist 0D Unknown,64 00 00 00,100
Heartless Chimera,xa_ex_2260.mdls,1,F6960,Resist 0E Unknown,64 00 00 00,100
Heartless Chimera,xa_ex_2260.mdls,1,F6964,Resist 0F Unknown,64 00 00 00,100
Heartless Chimera,xa_ex_2260.mdls,1,F6968,??? (+68),00 00 00 00,0
Heartless Battleship,xa_ex_2270.mdls,0,FFF94,HP,2C 01 00 00,300
Heartless Battleship,xa_ex_2270.mdls,0,FFF98,ATK Level,0E 00 00 00,14
Heartless Battleship,xa_ex_2270.mdls,0,FFF9C,DEF Level,0E 00 00 00,14
Heartless Battleship,xa_ex_2270.mdls,0,FFFA0,Min Damage Taken,06 00 00 00,6
Heartless Battleship,xa_ex_2270.mdls,0,FFFA4,Max Damage Taken,1E 00 00 00,30
Heartless Battleship,xa_ex_2270.mdls,0,FFFA8,MP Recovery On Hit,28 00 00 00,40
Heartless Battleship,xa_ex_2270.mdls,0,FFFAC,Knockback Weight,00 00 80 3F,1
Heartless Battleship,xa_ex_2270.mdls,0,FFFB0,EXP,64 00 00 00,100
Heartless Battleship,xa_ex_2270.mdls,0,FFFB4,??? (+20),D5 13 00 00,5077
Heartless Battleship,xa_ex_2270.mdls,0,FFFB8,Outgoing Damage Multiplier,00 00 80 3F,1
Heartless Battleship,xa_ex_2270.mdls,0,FFFBC,Resist 00 Unknown,64 00 00 00,100
Heartless Battleship,xa_ex_2270.mdls,0,FFFC0,Resist 01 Physical,64 00 00 00,100
Heartless Battleship,xa_ex_2270.mdls,0,FFFC4,Resist 02 Fire,64 00 00 00,100
Heartless Battleship,xa_ex_2270.mdls,0,FFFC8,Resist 03 Blizzard,64 00 00 00,100
Heartless Battleship,xa_ex_2270.mdls,0,FFFCC,Resist 04 Thunder,64 00 00 00,100
Heartless Battleship,xa_ex_2270.mdls,0,FFFD0,Resist 05 Unknown,64 00 00 00,100
Heartless Battleship,xa_ex_2270.mdls,0,FFFD4,Resist 06 Unknown,64 00 00 00,100
Heartless Battleship,xa_ex_2270.mdls,0,FFFD8,Resist 07 Unknown,64 00 00 00,100
Heartless Battleship,xa_ex_2270.mdls,0,FFFDC,Resist 08 Percent HP,32 00 00 00,50
Heartless Battleship,xa_ex_2270.mdls,0,FFFE0,Resist 09 Stop,50 00 00 00,80
Heartless Battleship,xa_ex_2270.mdls,0,FFFE4,Resist 0A Stun,64 00 00 00,100
Heartless Battleship,xa_ex_2270.mdls,0,FFFE8,Resist 0B Heal,64 00 00 00,100
Heartless Battleship,xa_ex_2270.mdls,0,FFFEC,Resist 0C Unknown,64 00 00 00,100
Heartless Battleship,xa_ex_2270.mdls,0,FFFF0,Resist 0D Unknown,64 00 00 00,100
Heartless Battleship,xa_ex_2270.mdls,0,FFFF4,Resist 0E Unknown,64 00 00 00,100
Heartless Battleship,xa_ex_2270.mdls,0,FFFF8,Resist 0F Unknown,64 00 00 00,100
Heartless Battleship,xa_ex_2270.mdls,0,FFFFC,??? (+68),00 00 00 00,0
Heartless Battleship,xa_ex_2270.mdls,1,100000,HP,C2 01 00 00,450
Heartless Battleship,xa_ex_2270.mdls,1,100004,ATK Level,11 00 00 00,17
Heartless Battleship,xa_ex_2270.mdls,1,100008,DEF Level,11 00 00 00,17
Heartless Battleship,xa_ex_2270.mdls,1,10000C,Min Damage Taken,0A 00 00 00,10
Heartless Battleship,xa_ex_2270.mdls,1,100010,Max Damage Taken,4B 00 00 00,75
Heartless Battleship,xa_ex_2270.mdls,1,100014,MP Recovery On Hit,31 00 00 00,49
Heartless Battleship,xa_ex_2270.mdls,1,100018,Knockback Weight,00 00 80 3F,1
Heartless Battleship,xa_ex_2270.mdls,1,10001C,EXP,F0 00 00 00,240
Heartless Battleship,xa_ex_2270.mdls,1,100020,??? (+20),D5 13 00 00,5077
Heartless Battleship,xa_ex_2270.mdls,1,100024,Outgoing Damage Multiplier,00 00 A0 3F,1.25
Heartless Battleship,xa_ex_2270.mdls,1,100028,Resist 00 Unknown,64 00 00 00,100
Heartless Battleship,xa_ex_2270.mdls,1,10002C,Resist 01 Physical,64 00 00 00,100
Heartless Battleship,xa_ex_2270.mdls,1,100030,Resist 02 Fire,64 00 00 00,100
Heartless Battleship,xa_ex_2270.mdls,1,100034,Resist 03 Blizzard,64 00 00 00,100
Heartless Battleship,xa_ex_2270.mdls,1,100038,Resist 04 Thunder,64 00 00 00,100
Heartless Battleship,xa_ex_2270.mdls,1,10003C,Resist 05 Unknown,64 00 00 00,100
Heartless Battleship,xa_ex_2270.mdls,1,100040,Resist 06 Unknown,64 00 00 00,100
Heartless Battleship,xa_ex_2270.mdls,1,100044,Resist 07 Unknown,64 00 00 00,100
Heartless Battleship,xa_ex_2270.mdls,1,100048,Resist 08 Percent HP,28 00 00 00,40
Heartless Battleship,xa_ex_2270.mdls,1,10004C,Resist 09 Stop,3C 00 00 00,60
Heartless Battleship,xa_ex_2270.mdls,1,100050,Resist 0A Stun,64 00 00 00,100
Heartless Battleship,xa_ex_2270.mdls,1,100054,Resist 0B Heal,64 00 00 00,100
Heartless Battleship,xa_ex_2270.mdls,1,100058,Resist 0C Unknown,64 00 00 00,100
Heartless Battleship,xa_ex_2270.mdls,1,10005C,Resist 0D Unknown,64 00 00 00,100
Heartless Battleship,xa_ex_2270.mdls,1,100060,Resist 0E Unknown,64 00 00 00,100
Heartless Battleship,xa_ex_2270.mdls,1,100064,Resist 0F Unknown,64 00 00 00,100
Heartless Battleship,xa_ex_2270.mdls,1,100068,??? (+68),00 00 00 00,0
Heartless Darkball,xa_ex_2280.mdls,0,42714,HP,3C 00 00 00,60
Heartless Darkball,xa_ex_2280.mdls,0,42718,ATK Level,10 00 00 00,16
Heartless Darkball,xa_ex_2280.mdls,0,4271C,DEF Level,10 00 00 00,16
Heartless Darkball,xa_ex_2280.mdls,0,42720,Min Damage Taken,09 00 00 00,9
Heartless Darkball,xa_ex_2280.mdls,0,42724,Max Damage Taken,2C 01 00 00,300
Heartless Darkball,xa_ex_2280.mdls,0,42728,MP Recovery On Hit,28 00 00 00,40
Heartless Darkball,xa_ex_2280.mdls,0,4272C,Knockback Weight,00 00 80 3F,1
Heartless Darkball,xa_ex_2280.mdls,0,42730,EXP,20 00 00 00,32
Heartless Darkball,xa_ex_2280.mdls,0,42734,??? (+20),F5 13 00 00,5109
Heartless Darkball,xa_ex_2280.mdls,0,42738,Outgoing Damage Multiplier,00 00 80 3F,1
Heartless Darkball,xa_ex_2280.mdls,0,4273C,Resist 00 Unknown,64 00 00 00,100
Heartless Darkball,xa_ex_2280.mdls,0,42740,Resist 01 Physical,64 00 00 00,100
Heartless Darkball,xa_ex_2280.mdls,0,42744,Resist 02 Fire,64 00 00 00,100
Heartless Darkball,xa_ex_2280.mdls,0,42748,Resist 03 Blizzard,64 00 00 00,100
Heartless Darkball,xa_ex_2280.mdls,0,4274C,Resist 04 Thunder,64 00 00 00,100
Heartless Darkball,xa_ex_2280.mdls,0,42750,Resist 05 Unknown,64 00 00 00,100
Heartless Darkball,xa_ex_2280.mdls,0,42754,Resist 06 Unknown,64 00 00 00,100
Heartless Darkball,xa_ex_2280.mdls,0,42758,Resist 07 Unknown,64 00 00 00,100
Heartless Darkball,xa_ex_2280.mdls,0,4275C,Resist 08 Percent HP,64 00 00 00,100
Heartless Darkball,xa_ex_2280.mdls,0,42760,Resist 09 Stop,64 00 00 00,100
Heartless Darkball,xa_ex_2280.mdls,0,42764,Resist 0A Stun,64 00 00 00,100
Heartless Darkball,xa_ex_2280.mdls,0,42768,Resist 0B Heal,64 00 00 00,100
Heartless Darkball,xa_ex_2280.mdls,0,4276C,Resist 0C Unknown,64 00 00 00,100
Heartless Darkball,xa_ex_2280.mdls,0,42770,Resist 0D Unknown,64 00 00 00,100
Heartless Darkball,xa_ex_2280.mdls,0,42774,Resist 0E Unknown,64 00 00 00,100
Heartless Darkball,xa_ex_2280.mdls,0,42778,Resist 0F Unknown,64 00 00 00,100
Heartless Darkball,xa_ex_2280.mdls,0,4277C,??? (+68),00 00 00 00,0
Heartless Darkball,xa_ex_2280.mdls,1,42780,HP,5A 00 00 00,90
Heartless Darkball,xa_ex_2280.mdls,1,42784,ATK Level,11 00 00 00,17
Heartless Darkball,xa_ex_2280.mdls,1,42788,DEF Level,11 00 00 00,17
Heartless Darkball,xa_ex_2280.mdls,1,4278C,Min Damage Taken,0A 00 00 00,10
Heartless Darkball,xa_ex_2280.mdls,1,42790,Max Damage Taken,2C 01 00 00,300
Heartless Darkball,xa_ex_2280.mdls,1,42794,MP Recovery On Hit,2D 00 00 00,45
Heartless Darkball,xa_ex_2280.mdls,1,42798,Knockback Weight,00 00 80 3F,1
Heartless Darkball,xa_ex_2280.mdls,1,4279C,EXP,3C 00 00 00,60
Heartless Darkball,xa_ex_2280.mdls,1,427A0,??? (+20),F5 13 00 00,5109
Heartless Darkball,xa_ex_2280.mdls,1,427A4,Outgoing Damage Multiplier,33 33 93 3F,1.15
Heartless Darkball,xa_ex_2280.mdls,1,427A8,Resist 00 Unknown,64 00 00 00,100
Heartless Darkball,xa_ex_2280.mdls,1,427AC,Resist 01 Physical,64 00 00 00,100
Heartless Darkball,xa_ex_2280.mdls,1,427B0,Resist 02 Fire,64 00 00 00,100
Heartless Darkball,xa_ex_2280.mdls,1,427B4,Resist 03 Blizzard,64 00 00 00,100
Heartless Darkball,xa_ex_2280.mdls,1,427B8,Resist 04 Thunder,64 00 00 00,100
Heartless Darkball,xa_ex_2280.mdls,1,427BC,Resist 05 Unknown,64 00 00 00,100
Heartless Darkball,xa_ex_2280.mdls,1,427C0,Resist 06 Unknown,64 00 00 00,100
Heartless Darkball,xa_ex_2280.mdls,1,427C4,Resist 07 Unknown,64 00 00 00,100
Heartless Darkball,xa_ex_2280.mdls,1,427C8,Resist 08 Percent HP,50 00 00 00,80
Heartless Darkball,xa_ex_2280.mdls,1,427CC,Resist 09 Stop,3C 00 00 00,60
Heartless Darkball,xa_ex_2280.mdls,1,427D0,Resist 0A Stun,64 00 00 00,100
Heartless Darkball,xa_ex_2280.mdls,1,427D4,Resist 0B Heal,64 00 00 00,100
Heartless Darkball,xa_ex_2280.mdls,1,427D8,Resist 0C Unknown,64 00 00 00,100
Heartless Darkball,xa_ex_2280.mdls,1,427DC,Resist 0D Unknown,64 00 00 00,100
Heartless Darkball,xa_ex_2280.mdls,1,427E0,Resist 0E Unknown,64 00 00 00,100
Heartless Darkball,xa_ex_2280.mdls,1,427E4,Resist 0F Unknown,64 00 00 00,100
Heartless Darkball,xa_ex_2280.mdls,1,427E8,??? (+68),00 00 00 00,0
Heartless Darkball,xa_ex_2280.mdls,2,427EC,HP,5A 00 00 00,90
Heartless Darkball,xa_ex_2280.mdls,2,427F0,ATK Level,11 00 00 00,17
Heartless Darkball,xa_ex_2280.mdls,2,427F4,DEF Level,11 00 00 00,17
Heartless Darkball,xa_ex_2280.mdls,2,427F8,Min Damage Taken,0A 00 00 00,10
Heartless Darkball,xa_ex_2280.mdls,2,427FC,Max Damage Taken,4B 00 00 00,75
Heartless Darkball,xa_ex_2280.mdls,2,42800,MP Recovery On Hit,35 00 00 00,53
Heartless Darkball,xa_ex_2280.mdls,2,42804,Knockback Weight,00 00 80 3F,1
Heartless Darkball,xa_ex_2280.mdls,2,42808,EXP,3C 00 00 00,60
Heartless Darkball,xa_ex_2280.mdls,2,4280C,??? (+20),F5 13 00 00,5109
Heartless Darkball,xa_ex_2280.mdls,2,42810,Outgoing Damage Multiplier,33 33 93 3F,1.15
Heartless Darkball,xa_ex_2280.mdls,2,42814,Resist 00 Unknown,64 00 00 00,100
Heartless Darkball,xa_ex_2280.mdls,2,42818,Resist 01 Physical,64 00 00 00,100
Heartless Darkball,xa_ex_2280.mdls,2,4281C,Resist 02 Fire,64 00 00 00,100
Heartless Darkball,xa_ex_2280.mdls,2,42820,Resist 03 Blizzard,64 00 00 00,100
Heartless Darkball,xa_ex_2280.mdls,2,42824,Resist 04 Thunder,64 00 00 00,100
Heartless Darkball,xa_ex_2280.mdls,2,42828,Resist 05 Unknown,64 00 00 00,100
Heartless Darkball,xa_ex_2280.mdls,2,4282C,Resist 06 Unknown,64 00 00 00,100
Heartless Darkball,xa_ex_2280.mdls,2,42830,Resist 07 Unknown,64 00 00 00,100
Heartless Darkball,xa_ex_2280.mdls,2,42834,Resist 08 Percent HP,50 00 00 00,80
Heartless Darkball,xa_ex_2280.mdls,2,42838,Resist 09 Stop,3C 00 00 00,60
Heartless Darkball,xa_ex_2280.mdls,2,4283C,Resist 0A Stun,64 00 00 00,100
Heartless Darkball,xa_ex_2280.mdls,2,42840,Resist 0B Heal,64 00 00 00,100
Heartless Darkball,xa_ex_2280.mdls,2,42844,Resist 0C Unknown,64 00 00 00,100
Heartless Darkball,xa_ex_2280.mdls,2,42848,Resist 0D Unknown,64 00 00 00,100
Heartless Darkball,xa_ex_2280.mdls,2,4284C,Resist 0E Unknown,64 00 00 00,100
Heartless Darkball,xa_ex_2280.mdls,2,42850,Resist 0F Unknown,64 00 00 00,100
Heartless Darkball,xa_ex_2280.mdls,2,42854,??? (+68),00 00 00 00,0
Heartless Darkball (Halloween Town),xa_ex_2281.mdls,0,42714,HP,3C 00 00 00,60
Heartless Darkball (Halloween Town),xa_ex_2281.mdls,0,42718,ATK Level,10 00 00 00,16
Heartless Darkball (Halloween Town),xa_ex_2281.mdls,0,4271C,DEF Level,10 00 00 00,16
Heartless Darkball (Halloween Town),xa_ex_2281.mdls,0,42720,Min Damage Taken,09 00 00 00,9
Heartless Darkball (Halloween Town),xa_ex_2281.mdls,0,42724,Max Damage Taken,2C 01 00 00,300
Heartless Darkball (Halloween Town),xa_ex_2281.mdls,0,42728,MP Recovery On Hit,28 00 00 00,40
Heartless Darkball (Halloween Town),xa_ex_2281.mdls,0,4272C,Knockback Weight,00 00 80 3F,1
Heartless Darkball (Halloween Town),xa_ex_2281.mdls,0,42730,EXP,20 00 00 00,32
Heartless Darkball (Halloween Town),xa_ex_2281.mdls,0,42734,??? (+20),F5 13 00 00,5109
Heartless Darkball (Halloween Town),xa_ex_2281.mdls,0,42738,Outgoing Damage Multiplier,00 00 80 3F,1
Heartless Darkball (Halloween Town),xa_ex_2281.mdls,0,4273C,Resist 00 Unknown,64 00 00 00,100
Heartless Darkball (Halloween Town),xa_ex_2281.mdls,0,42740,Resist 01 Physical,64 00 00 00,100
Heartless Darkball (Halloween Town),xa_ex_2281.mdls,0,42744,Resist 02 Fire,64 00 00 00,100
Heartless Darkball (Halloween Town),xa_ex_2281.mdls,0,42748,Resist 03 Blizzard,64 00 00 00,100
Heartless Darkball (Halloween Town),xa_ex_2281.mdls,0,4274C,Resist 04 Thunder,64 00 00 00,100
Heartless Darkball (Halloween Town),xa_ex_2281.mdls,0,42750,Resist 05 Unknown,64 00 00 00,100
Heartless Darkball (Halloween Town),xa_ex_2281.mdls,0,42754,Resist 06 Unknown,64 00 00 00,100
Heartless Darkball (Halloween Town),xa_ex_2281.mdls,0,42758,Resist 07 Unknown,64 00 00 00,100
Heartless Darkball (Halloween Town),xa_ex_2281.mdls,0,4275C,Resist 08 Percent HP,64 00 00 00,100
Heartless Darkball (Halloween Town),xa_ex_2281.mdls,0,42760,Resist 09 Stop,64 00 00 00,100
Heartless Darkball (Halloween Town),xa_ex_2281.mdls,0,42764,Resist 0A Stun,64 00 00 00,100
Heartless Darkball (Halloween Town),xa_ex_2281.mdls,0,42768,Resist 0B Heal,64 00 00 00,100
Heartless Darkball (Halloween Town),xa_ex_2281.mdls,0,4276C,Resist 0C Unknown,64 00 00 00,100
Heartless Darkball (Halloween Town),xa_ex_2281.mdls,0,42770,Resist 0D Unknown,64 00 00 00,100
Heartless Darkball (Halloween Town),xa_ex_2281.mdls,0,42774,Resist 0E Unknown,64 00 00 00,100
Heartless Darkball (Halloween Town),xa_ex_2281.mdls,0,42778,Resist 0F Unknown,64 00 00 00,100
Heartless Darkball (Halloween Town),xa_ex_2281.mdls,0,4277C,??? (+68),00 00 00 00,0
Heartless Darkball (Halloween Town),xa_ex_2281.mdls,1,42780,HP,5A 00 00 00,90
Heartless Darkball (Halloween Town),xa_ex_2281.mdls,1,42784,ATK Level,11 00 00 00,17
Heartless Darkball (Halloween Town),xa_ex_2281.mdls,1,42788,DEF Level,11 00 00 00,17
Heartless Darkball (Halloween Town),xa_ex_2281.mdls,1,4278C,Min Damage Taken,0A 00 00 00,10
Heartless Darkball (Halloween Town),xa_ex_2281.mdls,1,42790,Max Damage Taken,2C 01 00 00,300
Heartless Darkball (Halloween Town),xa_ex_2281.mdls,1,42794,MP Recovery On Hit,2D 00 00 00,45
Heartless Darkball (Halloween Town),xa_ex_2281.mdls,1,42798,Knockback Weight,00 00 80 3F,1
Heartless Darkball (Halloween Town),xa_ex_2281.mdls,1,4279C,EXP,3C 00 00 00,60
Heartless Darkball (Halloween Town),xa_ex_2281.mdls,1,427A0,??? (+20),F5 13 00 00,5109
Heartless Darkball (Halloween Town),xa_ex_2281.mdls,1,427A4,Outgoing Damage Multiplier,33 33 93 3F,1.15
Heartless Darkball (Halloween Town),xa_ex_2281.mdls,1,427A8,Resist 00 Unknown,64 00 00 00,100
Heartless Darkball (Halloween Town),xa_ex_2281.mdls,1,427AC,Resist 01 Physical,64 00 00 00,100
Heartless Darkball (Halloween Town),xa_ex_2281.mdls,1,427B0,Resist 02 Fire,64 00 00 00,100
Heartless Darkball (Halloween Town),xa_ex_2281.mdls,1,427B4,Resist 03 Blizzard,64 00 00 00,100
Heartless Darkball (Halloween Town),xa_ex_2281.mdls,1,427B8,Resist 04 Thunder,64 00 00 00,100
Heartless Darkball (Halloween Town),xa_ex_2281.mdls,1,427BC,Resist 05 Unknown,64 00 00 00,100
Heartless Darkball (Halloween Town),xa_ex_2281.mdls,1,427C0,Resist 06 Unknown,64 00 00 00,100
Heartless Darkball (Halloween Town),xa_ex_2281.mdls,1,427C4,Resist 07 Unknown,64 00 00 00,100
Heartless Darkball (Halloween Town),xa_ex_2281.mdls,1,427C8,Resist 08 Percent HP,50 00 00 00,80
Heartless Darkball (Halloween Town),xa_ex_2281.mdls,1,427CC,Resist 09 Stop,3C 00 00 00,60
Heartless Darkball (Halloween Town),xa_ex_2281.mdls,1,427D0,Resist 0A Stun,64 00 00 00,100
Heartless Darkball (Halloween Town),xa_ex_2281.mdls,1,427D4,Resist 0B Heal,64 00 00 00,100
Heartless Darkball (Halloween Town),xa_ex_2281.mdls,1,427D8,Resist 0C Unknown,64 00 00 00,100
Heartless Darkball (Halloween Town),xa_ex_2281.mdls,1,427DC,Resist 0D Unknown,64 00 00 00,100
Heartless Darkball (Halloween Town),xa_ex_2281.mdls,1,427E0,Resist 0E Unknown,64 00 00 00,100
Heartless Darkball (Halloween Town),xa_ex_2281.mdls,1,427E4,Resist 0F Unknown,64 00 00 00,100
Heartless Darkball (Halloween Town),xa_ex_2281.mdls,1,427E8,??? (+68),00 00 00 00,0
Heartless Darkball (Halloween Town),xa_ex_2281.mdls,2,427EC,HP,5A 00 00 00,90
Heartless Darkball (Halloween Town),xa_ex_2281.mdls,2,427F0,ATK Level,11 00 00 00,17
Heartless Darkball (Halloween Town),xa_ex_2281.mdls,2,427F4,DEF Level,11 00 00 00,17
Heartless Darkball (Halloween Town),xa_ex_2281.mdls,2,427F8,Min Damage Taken,0A 00 00 00,10
Heartless Darkball (Halloween Town),xa_ex_2281.mdls,2,427FC,Max Damage Taken,4B 00 00 00,75
Heartless Darkball (Halloween Town),xa_ex_2281.mdls,2,42800,MP Recovery On Hit,35 00 00 00,53
Heartless Darkball (Halloween Town),xa_ex_2281.mdls,2,42804,Knockback Weight,00 00 80 3F,1
Heartless Darkball (Halloween Town),xa_ex_2281.mdls,2,42808,EXP,3C 00 00 00,60
Heartless Darkball (Halloween Town),xa_ex_2281.mdls,2,4280C,??? (+20),F5 13 00 00,5109
Heartless Darkball (Halloween Town),xa_ex_2281.mdls,2,42810,Outgoing Damage Multiplier,33 33 93 3F,1.15
Heartless Darkball (Halloween Town),xa_ex_2281.mdls,2,42814,Resist 00 Unknown,64 00 00 00,100
Heartless Darkball (Halloween Town),xa_ex_2281.mdls,2,42818,Resist 01 Physical,64 00 00 00,100
Heartless Darkball (Halloween Town),xa_ex_2281.mdls,2,4281C,Resist 02 Fire,64 00 00 00,100
Heartless Darkball (Halloween Town),xa_ex_2281.mdls,2,42820,Resist 03 Blizzard,64 00 00 00,100
Heartless Darkball (Halloween Town),xa_ex_2281.mdls,2,42824,Resist 04 Thunder,64 00 00 00,100
Heartless Darkball (Halloween Town),xa_ex_2281.mdls,2,42828,Resist 05 Unknown,64 00 00 00,100
Heartless Darkball (Halloween Town),xa_ex_2281.mdls,2,4282C,Resist 06 Unknown,64 00 00 00,100
Heartless Darkball (Halloween Town),xa_ex_2281.mdls,2,42830,Resist 07 Unknown,64 00 00 00,100
Heartless Darkball (Halloween Town),xa_ex_2281.mdls,2,42834,Resist 08 Percent HP,50 00 00 00,80
Heartless Darkball (Halloween Town),xa_ex_2281.mdls,2,42838,Resist 09 Stop,3C 00 00 00,60
Heartless Darkball (Halloween Town),xa_ex_2281.mdls,2,4283C,Resist 0A Stun,64 00 00 00,100
Heartless Darkball (Halloween Town),xa_ex_2281.mdls,2,42840,Resist 0B Heal,64 00 00 00,100
Heartless Darkball (Halloween Town),xa_ex_2281.mdls,2,42844,Resist 0C Unknown,64 00 00 00,100
Heartless Darkball (Halloween Town),xa_ex_2281.mdls,2,42848,Resist 0D Unknown,64 00 00 00,100
Heartless Darkball (Halloween Town),xa_ex_2281.mdls,2,4284C,Resist 0E Unknown,64 00 00 00,100
Heartless Darkball (Halloween Town),xa_ex_2281.mdls,2,42850,Resist 0F Unknown,64 00 00 00,100
Heartless Darkball (Halloween Town),xa_ex_2281.mdls,2,42854,??? (+68),00 00 00 00,0
Darkball,xa_ex_2282.mdls,0,42714,HP,3C 00 00 00,60
Darkball,xa_ex_2282.mdls,0,42718,ATK Level,10 00 00 00,16
Darkball,xa_ex_2282.mdls,0,4271C,DEF Level,10 00 00 00,16
Darkball,xa_ex_2282.mdls,0,42720,Min Damage Taken,09 00 00 00,9
Darkball,xa_ex_2282.mdls,0,42724,Max Damage Taken,2C 01 00 00,300
Darkball,xa_ex_2282.mdls,0,42728,MP Recovery On Hit,28 00 00 00,40
Darkball,xa_ex_2282.mdls,0,4272C,Knockback Weight,00 00 80 3F,1
Darkball,xa_ex_2282.mdls,0,42730,EXP,20 00 00 00,32
Darkball,xa_ex_2282.mdls,0,42734,??? (+20),F5 13 00 00,5109
Darkball,xa_ex_2282.mdls,0,42738,Outgoing Damage Multiplier,00 00 80 3F,1
Darkball,xa_ex_2282.mdls,0,4273C,Resist 00 Unknown,64 00 00 00,100
Darkball,xa_ex_2282.mdls,0,42740,Resist 01 Physical,64 00 00 00,100
Darkball,xa_ex_2282.mdls,0,42744,Resist 02 Fire,64 00 00 00,100
Darkball,xa_ex_2282.mdls,0,42748,Resist 03 Blizzard,64 00 00 00,100
Darkball,xa_ex_2282.mdls,0,4274C,Resist 04 Thunder,64 00 00 00,100
Darkball,xa_ex_2282.mdls,0,42750,Resist 05 Unknown,64 00 00 00,100
Darkball,xa_ex_2282.mdls,0,42754,Resist 06 Unknown,64 00 00 00,100
Darkball,xa_ex_2282.mdls,0,42758,Resist 07 Unknown,64 00 00 00,100
Darkball,xa_ex_2282.mdls,0,4275C,Resist 08 Percent HP,64 00 00 00,100
Darkball,xa_ex_2282.mdls,0,42760,Resist 09 Stop,64 00 00 00,100
Darkball,xa_ex_2282.mdls,0,42764,Resist 0A Stun,64 00 00 00,100
Darkball,xa_ex_2282.mdls,0,42768,Resist 0B Heal,64 00 00 00,100
Darkball,xa_ex_2282.mdls,0,4276C,Resist 0C Unknown,64 00 00 00,100
Darkball,xa_ex_2282.mdls,0,42770,Resist 0D Unknown,64 00 00 00,100
Darkball,xa_ex_2282.mdls,0,42774,Resist 0E Unknown,64 00 00 00,100
Darkball,xa_ex_2282.mdls,0,42778,Resist 0F Unknown,64 00 00 00,100
Darkball,xa_ex_2282.mdls,0,4277C,??? (+68),00 00 00 00,0
Darkball,xa_ex_2282.mdls,1,42780,HP,5A 00 00 00,90
Darkball,xa_ex_2282.mdls,1,42784,ATK Level,11 00 00 00,17
Darkball,xa_ex_2282.mdls,1,42788,DEF Level,11 00 00 00,17
Darkball,xa_ex_2282.mdls,1,4278C,Min Damage Taken,0A 00 00 00,10
Darkball,xa_ex_2282.mdls,1,42790,Max Damage Taken,2C 01 00 00,300
Darkball,xa_ex_2282.mdls,1,42794,MP Recovery On Hit,2D 00 00 00,45
Darkball,xa_ex_2282.mdls,1,42798,Knockback Weight,00 00 80 3F,1
Darkball,xa_ex_2282.mdls,1,4279C,EXP,3C 00 00 00,60
Darkball,xa_ex_2282.mdls,1,427A0,??? (+20),F5 13 00 00,5109
Darkball,xa_ex_2282.mdls,1,427A4,Outgoing Damage Multiplier,33 33 93 3F,1.15
Darkball,xa_ex_2282.mdls,1,427A8,Resist 00 Unknown,64 00 00 00,100
Darkball,xa_ex_2282.mdls,1,427AC,Resist 01 Physical,64 00 00 00,100
Darkball,xa_ex_2282.mdls,1,427B0,Resist 02 Fire,64 00 00 00,100
Darkball,xa_ex_2282.mdls,1,427B4,Resist 03 Blizzard,64 00 00 00,100
Darkball,xa_ex_2282.mdls,1,427B8,Resist 04 Thunder,64 00 00 00,100
Darkball,xa_ex_2282.mdls,1,427BC,Resist 05 Unknown,64 00 00 00,100
Darkball,xa_ex_2282.mdls,1,427C0,Resist 06 Unknown,64 00 00 00,100
Darkball,xa_ex_2282.mdls,1,427C4,Resist 07 Unknown,64 00 00 00,100
Darkball,xa_ex_2282.mdls,1,427C8,Resist 08 Percent HP,50 00 00 00,80
Darkball,xa_ex_2282.mdls,1,427CC,Resist 09 Stop,3C 00 00 00,60
Darkball,xa_ex_2282.mdls,1,427D0,Resist 0A Stun,64 00 00 00,100
Darkball,xa_ex_2282.mdls,1,427D4,Resist 0B Heal,64 00 00 00,100
Darkball,xa_ex_2282.mdls,1,427D8,Resist 0C Unknown,64 00 00 00,100
Darkball,xa_ex_2282.mdls,1,427DC,Resist 0D Unknown,64 00 00 00,100
Darkball,xa_ex_2282.mdls,1,427E0,Resist 0E Unknown,64 00 00 00,100
Darkball,xa_ex_2282.mdls,1,427E4,Resist 0F Unknown,64 00 00 00,100
Darkball,xa_ex_2282.mdls,1,427E8,??? (+68),00 00 00 00,0
Darkball,xa_ex_2282.mdls,2,427EC,HP,5A 00 00 00,90
Darkball,xa_ex_2282.mdls,2,427F0,ATK Level,11 00 00 00,17
Darkball,xa_ex_2282.mdls,2,427F4,DEF Level,11 00 00 00,17
Darkball,xa_ex_2282.mdls,2,427F8,Min Damage Taken,0A 00 00 00,10
Darkball,xa_ex_2282.mdls,2,427FC,Max Damage Taken,4B 00 00 00,75
Darkball,xa_ex_2282.mdls,2,42800,MP Recovery On Hit,35 00 00 00,53
Darkball,xa_ex_2282.mdls,2,42804,Knockback Weight,00 00 80 3F,1
Darkball,xa_ex_2282.mdls,2,42808,EXP,3C 00 00 00,60
Darkball,xa_ex_2282.mdls,2,4280C,??? (+20),F5 13 00 00,5109
Darkball,xa_ex_2282.mdls,2,42810,Outgoing Damage Multiplier,33 33 93 3F,1.15
Darkball,xa_ex_2282.mdls,2,42814,Resist 00 Unknown,64 00 00 00,100
Darkball,xa_ex_2282.mdls,2,42818,Resist 01 Physical,64 00 00 00,100
Darkball,xa_ex_2282.mdls,2,4281C,Resist 02 Fire,64 00 00 00,100
Darkball,xa_ex_2282.mdls,2,42820,Resist 03 Blizzard,64 00 00 00,100
Darkball,xa_ex_2282.mdls,2,42824,Resist 04 Thunder,64 00 00 00,100
Darkball,xa_ex_2282.mdls,2,42828,Resist 05 Unknown,64 00 00 00,100
Darkball,xa_ex_2282.mdls,2,4282C,Resist 06 Unknown,64 00 00 00,100
Darkball,xa_ex_2282.mdls,2,42830,Resist 07 Unknown,64 00 00 00,100
Darkball,xa_ex_2282.mdls,2,42834,Resist 08 Percent HP,50 00 00 00,80
Darkball,xa_ex_2282.mdls,2,42838,Resist 09 Stop,3C 00 00 00,60
Darkball,xa_ex_2282.mdls,2,4283C,Resist 0A Stun,64 00 00 00,100
Darkball,xa_ex_2282.mdls,2,42840,Resist 0B Heal,64 00 00 00,100
Darkball,xa_ex_2282.mdls,2,42844,Resist 0C Unknown,64 00 00 00,100
Darkball,xa_ex_2282.mdls,2,42848,Resist 0D Unknown,64 00 00 00,100
Darkball,xa_ex_2282.mdls,2,4284C,Resist 0E Unknown,64 00 00 00,100
Darkball,xa_ex_2282.mdls,2,42850,Resist 0F Unknown,64 00 00 00,100
Darkball,xa_ex_2282.mdls,2,42854,??? (+68),00 00 00 00,0
Heartless Invisible,xa_ex_2290.mdls,0,86814,HP,2C 01 00 00,300
Heartless Invisible,xa_ex_2290.mdls,0,86818,ATK Level,12 00 00 00,18
Heartless Invisible,xa_ex_2290.mdls,0,8681C,DEF Level,12 00 00 00,18
Heartless Invisible,xa_ex_2290.mdls,0,86820,Min Damage Taken,0A 00 00 00,10
Heartless Invisible,xa_ex_2290.mdls,0,86824,Max Damage Taken,8C 00 00 00,140
Heartless Invisible,xa_ex_2290.mdls,0,86828,MP Recovery On Hit,37 00 00 00,55
Heartless Invisible,xa_ex_2290.mdls,0,8682C,Knockback Weight,00 00 80 3F,1
Heartless Invisible,xa_ex_2290.mdls,0,86830,EXP,78 00 00 00,120
Heartless Invisible,xa_ex_2290.mdls,0,86834,??? (+20),F9 13 00 00,5113
Heartless Invisible,xa_ex_2290.mdls,0,86838,Outgoing Damage Multiplier,00 00 80 3F,1
Heartless Invisible,xa_ex_2290.mdls,0,8683C,Resist 00 Unknown,64 00 00 00,100
Heartless Invisible,xa_ex_2290.mdls,0,86840,Resist 01 Physical,64 00 00 00,100
Heartless Invisible,xa_ex_2290.mdls,0,86844,Resist 02 Fire,64 00 00 00,100
Heartless Invisible,xa_ex_2290.mdls,0,86848,Resist 03 Blizzard,64 00 00 00,100
Heartless Invisible,xa_ex_2290.mdls,0,8684C,Resist 04 Thunder,64 00 00 00,100
Heartless Invisible,xa_ex_2290.mdls,0,86850,Resist 05 Unknown,64 00 00 00,100
Heartless Invisible,xa_ex_2290.mdls,0,86854,Resist 06 Unknown,64 00 00 00,100
Heartless Invisible,xa_ex_2290.mdls,0,86858,Resist 07 Unknown,64 00 00 00,100
Heartless Invisible,xa_ex_2290.mdls,0,8685C,Resist 08 Percent HP,50 00 00 00,80
Heartless Invisible,xa_ex_2290.mdls,0,86860,Resist 09 Stop,3C 00 00 00,60
Heartless Invisible,xa_ex_2290.mdls,0,86864,Resist 0A Stun,64 00 00 00,100
Heartless Invisible,xa_ex_2290.mdls,0,86868,Resist 0B Heal,64 00 00 00,100
Heartless Invisible,xa_ex_2290.mdls,0,8686C,Resist 0C Unknown,64 00 00 00,100
Heartless Invisible,xa_ex_2290.mdls,0,86870,Resist 0D Unknown,64 00 00 00,100
Heartless Invisible,xa_ex_2290.mdls,0,86874,Resist 0E Unknown,64 00 00 00,100
Heartless Invisible,xa_ex_2290.mdls,0,86878,Resist 0F Unknown,64 00 00 00,100
Heartless Invisible,xa_ex_2290.mdls,0,8687C,??? (+68),00 00 00 00,0
Heartless Invisible,xa_ex_2290.mdls,1,86880,HP,2C 01 00 00,300
Heartless Invisible,xa_ex_2290.mdls,1,86884,ATK Level,11 00 00 00,17
Heartless Invisible,xa_ex_2290.mdls,1,86888,DEF Level,11 00 00 00,17
Heartless Invisible,xa_ex_2290.mdls,1,8688C,Min Damage Taken,0A 00 00 00,10
Heartless Invisible,xa_ex_2290.mdls,1,86890,Max Damage Taken,8C 00 00 00,140
Heartless Invisible,xa_ex_2290.mdls,1,86894,MP Recovery On Hit,37 00 00 00,55
Heartless Invisible,xa_ex_2290.mdls,1,86898,Knockback Weight,00 00 80 3F,1
Heartless Invisible,xa_ex_2290.mdls,1,8689C,EXP,78 00 00 00,120
Heartless Invisible,xa_ex_2290.mdls,1,868A0,??? (+20),F9 13 00 00,5113
Heartless Invisible,xa_ex_2290.mdls,1,868A4,Outgoing Damage Multiplier,00 00 80 3F,1
Heartless Invisible,xa_ex_2290.mdls,1,868A8,Resist 00 Unknown,64 00 00 00,100
Heartless Invisible,xa_ex_2290.mdls,1,868AC,Resist 01 Physical,64 00 00 00,100
Heartless Invisible,xa_ex_2290.mdls,1,868B0,Resist 02 Fire,64 00 00 00,100
Heartless Invisible,xa_ex_2290.mdls,1,868B4,Resist 03 Blizzard,64 00 00 00,100
Heartless Invisible,xa_ex_2290.mdls,1,868B8,Resist 04 Thunder,64 00 00 00,100
Heartless Invisible,xa_ex_2290.mdls,1,868BC,Resist 05 Unknown,64 00 00 00,100
Heartless Invisible,xa_ex_2290.mdls,1,868C0,Resist 06 Unknown,64 00 00 00,100
Heartless Invisible,xa_ex_2290.mdls,1,868C4,Resist 07 Unknown,64 00 00 00,100
Heartless Invisible,xa_ex_2290.mdls,1,868C8,Resist 08 Percent HP,50 00 00 00,80
Heartless Invisible,xa_ex_2290.mdls,1,868CC,Resist 09 Stop,3C 00 00 00,60
Heartless Invisible,xa_ex_2290.mdls,1,868D0,Resist 0A Stun,64 00 00 00,100
Heartless Invisible,xa_ex_2290.mdls,1,868D4,Resist 0B Heal,64 00 00 00,100
Heartless Invisible,xa_ex_2290.mdls,1,868D8,Resist 0C Unknown,64 00 00 00,100
Heartless Invisible,xa_ex_2290.mdls,1,868DC,Resist 0D Unknown,64 00 00 00,100
Heartless Invisible,xa_ex_2290.mdls,1,868E0,Resist 0E Unknown,64 00 00 00,100
Heartless Invisible,xa_ex_2290.mdls,1,868E4,Resist 0F Unknown,64 00 00 00,100
Heartless Invisible,xa_ex_2290.mdls,1,868E8,??? (+68),00 00 00 00,0
Invisible,xa_ex_2292.mdls,0,86814,HP,2C 01 00 00,300
Invisible,xa_ex_2292.mdls,0,86818,ATK Level,12 00 00 00,18
Invisible,xa_ex_2292.mdls,0,8681C,DEF Level,12 00 00 00,18
Invisible,xa_ex_2292.mdls,0,86820,Min Damage Taken,0A 00 00 00,10
Invisible,xa_ex_2292.mdls,0,86824,Max Damage Taken,8C 00 00 00,140
Invisible,xa_ex_2292.mdls,0,86828,MP Recovery On Hit,37 00 00 00,55
Invisible,xa_ex_2292.mdls,0,8682C,Knockback Weight,00 00 80 3F,1
Invisible,xa_ex_2292.mdls,0,86830,EXP,78 00 00 00,120
Invisible,xa_ex_2292.mdls,0,86834,??? (+20),F9 13 00 00,5113
Invisible,xa_ex_2292.mdls,0,86838,Outgoing Damage Multiplier,00 00 80 3F,1
Invisible,xa_ex_2292.mdls,0,8683C,Resist 00 Unknown,64 00 00 00,100
Invisible,xa_ex_2292.mdls,0,86840,Resist 01 Physical,64 00 00 00,100
Invisible,xa_ex_2292.mdls,0,86844,Resist 02 Fire,64 00 00 00,100
Invisible,xa_ex_2292.mdls,0,86848,Resist 03 Blizzard,64 00 00 00,100
Invisible,xa_ex_2292.mdls,0,8684C,Resist 04 Thunder,64 00 00 00,100
Invisible,xa_ex_2292.mdls,0,86850,Resist 05 Unknown,64 00 00 00,100
Invisible,xa_ex_2292.mdls,0,86854,Resist 06 Unknown,64 00 00 00,100
Invisible,xa_ex_2292.mdls,0,86858,Resist 07 Unknown,64 00 00 00,100
Invisible,xa_ex_2292.mdls,0,8685C,Resist 08 Percent HP,50 00 00 00,80
Invisible,xa_ex_2292.mdls,0,86860,Resist 09 Stop,3C 00 00 00,60
Invisible,xa_ex_2292.mdls,0,86864,Resist 0A Stun,64 00 00 00,100
Invisible,xa_ex_2292.mdls,0,86868,Resist 0B Heal,64 00 00 00,100
Invisible,xa_ex_2292.mdls,0,8686C,Resist 0C Unknown,64 00 00 00,100
Invisible,xa_ex_2292.mdls,0,86870,Resist 0D Unknown,64 00 00 00,100
Invisible,xa_ex_2292.mdls,0,86874,Resist 0E Unknown,64 00 00 00,100
Invisible,xa_ex_2292.mdls,0,86878,Resist 0F Unknown,64 00 00 00,100
Invisible,xa_ex_2292.mdls,0,8687C,??? (+68),00 00 00 00,0
Invisible,xa_ex_2292.mdls,1,86880,HP,2C 01 00 00,300
Invisible,xa_ex_2292.mdls,1,86884,ATK Level,11 00 00 00,17
Invisible,xa_ex_2292.mdls,1,86888,DEF Level,11 00 00 00,17
Invisible,xa_ex_2292.mdls,1,8688C,Min Damage Taken,0A 00 00 00,10
Invisible,xa_ex_2292.mdls,1,86890,Max Damage Taken,8C 00 00 00,140
Invisible,xa_ex_2292.mdls,1,86894,MP Recovery On Hit,37 00 00 00,55
Invisible,xa_ex_2292.mdls,1,86898,Knockback Weight,00 00 80 3F,1
Invisible,xa_ex_2292.mdls,1,8689C,EXP,78 00 00 00,120
Invisible,xa_ex_2292.mdls,1,868A0,??? (+20),F9 13 00 00,5113
Invisible,xa_ex_2292.mdls,1,868A4,Outgoing Damage Multiplier,00 00 80 3F,1
Invisible,xa_ex_2292.mdls,1,868A8,Resist 00 Unknown,64 00 00 00,100
Invisible,xa_ex_2292.mdls,1,868AC,Resist 01 Physical,64 00 00 00,100
Invisible,xa_ex_2292.mdls,1,868B0,Resist 02 Fire,64 00 00 00,100
Invisible,xa_ex_2292.mdls,1,868B4,Resist 03 Blizzard,64 00 00 00,100
Invisible,xa_ex_2292.mdls,1,868B8,Resist 04 Thunder,64 00 00 00,100
Invisible,xa_ex_2292.mdls,1,868BC,Resist 05 Unknown,64 00 00 00,100
Invisible,xa_ex_2292.mdls,1,868C0,Resist 06 Unknown,64 00 00 00,100
Invisible,xa_ex_2292.mdls,1,868C4,Resist 07 Unknown,64 00 00 00,100
Invisible,xa_ex_2292.mdls,1,868C8,Resist 08 Percent HP,50 00 00 00,80
Invisible,xa_ex_2292.mdls,1,868CC,Resist 09 Stop,3C 00 00 00,60
Invisible,xa_ex_2292.mdls,1,868D0,Resist 0A Stun,64 00 00 00,100
Invisible,xa_ex_2292.mdls,1,868D4,Resist 0B Heal,64 00 00 00,100
Invisible,xa_ex_2292.mdls,1,868D8,Resist 0C Unknown,64 00 00 00,100
Invisible,xa_ex_2292.mdls,1,868DC,Resist 0D Unknown,64 00 00 00,100
Invisible,xa_ex_2292.mdls,1,868E0,Resist 0E Unknown,64 00 00 00,100
Invisible,xa_ex_2292.mdls,1,868E4,Resist 0F Unknown,64 00 00 00,100
Invisible,xa_ex_2292.mdls,1,868E8,??? (+68),00 00 00 00,0
Heartless Behemoth,xa_ex_2310.mdls,0,F7614,HP,46 05 00 00,1350
Heartless Behemoth,xa_ex_2310.mdls,0,F7618,ATK Level,11 00 00 00,17
Heartless Behemoth,xa_ex_2310.mdls,0,F761C,DEF Level,11 00 00 00,17
Heartless Behemoth,xa_ex_2310.mdls,0,F7620,Min Damage Taken,02 00 00 00,2
Heartless Behemoth,xa_ex_2310.mdls,0,F7624,Max Damage Taken,14 00 00 00,20
Heartless Behemoth,xa_ex_2310.mdls,0,F7628,MP Recovery On Hit,39 00 00 00,57
Heartless Behemoth,xa_ex_2310.mdls,0,F762C,Knockback Weight,00 00 80 3F,1
Heartless Behemoth,xa_ex_2310.mdls,0,F7630,EXP,58 1B 00 00,7000
Heartless Behemoth,xa_ex_2310.mdls,0,F7634,??? (+20),21 14 00 00,5153
Heartless Behemoth,xa_ex_2310.mdls,0,F7638,Outgoing Damage Multiplier,00 00 80 3F,1
Heartless Behemoth,xa_ex_2310.mdls,0,F763C,Resist 00 Unknown,32 00 00 00,50
Heartless Behemoth,xa_ex_2310.mdls,0,F7640,Resist 01 Physical,64 00 00 00,100
Heartless Behemoth,xa_ex_2310.mdls,0,F7644,Resist 02 Fire,64 00 00 00,100
Heartless Behemoth,xa_ex_2310.mdls,0,F7648,Resist 03 Blizzard,64 00 00 00,100
Heartless Behemoth,xa_ex_2310.mdls,0,F764C,Resist 04 Thunder,64 00 00 00,100
Heartless Behemoth,xa_ex_2310.mdls,0,F7650,Resist 05 Unknown,64 00 00 00,100
Heartless Behemoth,xa_ex_2310.mdls,0,F7654,Resist 06 Unknown,64 00 00 00,100
Heartless Behemoth,xa_ex_2310.mdls,0,F7658,Resist 07 Unknown,64 00 00 00,100
Heartless Behemoth,xa_ex_2310.mdls,0,F765C,Resist 08 Percent HP,03 00 00 00,3
Heartless Behemoth,xa_ex_2310.mdls,0,F7660,Resist 09 Stop,14 00 00 00,20
Heartless Behemoth,xa_ex_2310.mdls,0,F7664,Resist 0A Stun,32 00 00 00,50
Heartless Behemoth,xa_ex_2310.mdls,0,F7668,Resist 0B Heal,64 00 00 00,100
Heartless Behemoth,xa_ex_2310.mdls,0,F766C,Resist 0C Unknown,64 00 00 00,100
Heartless Behemoth,xa_ex_2310.mdls,0,F7670,Resist 0D Unknown,64 00 00 00,100
Heartless Behemoth,xa_ex_2310.mdls,0,F7674,Resist 0E Unknown,64 00 00 00,100
Heartless Behemoth,xa_ex_2310.mdls,0,F7678,Resist 0F Unknown,64 00 00 00,100
Heartless Behemoth,xa_ex_2310.mdls,0,F767C,??? (+68),1C 02 00 00,540
Heartless Behemoth,xa_ex_2310.mdls,1,F7680,HP,DC 05 00 00,1500
Heartless Behemoth,xa_ex_2310.mdls,1,F7684,ATK Level,13 00 00 00,19
Heartless Behemoth,xa_ex_2310.mdls,1,F7688,DEF Level,13 00 00 00,19
Heartless Behemoth,xa_ex_2310.mdls,1,F768C,Min Damage Taken,02 00 00 00,2
Heartless Behemoth,xa_ex_2310.mdls,1,F7690,Max Damage Taken,14 00 00 00,20
Heartless Behemoth,xa_ex_2310.mdls,1,F7694,MP Recovery On Hit,39 00 00 00,57
Heartless Behemoth,xa_ex_2310.mdls,1,F7698,Knockback Weight,00 00 80 3F,1
Heartless Behemoth,xa_ex_2310.mdls,1,F769C,EXP,58 02 00 00,600
Heartless Behemoth,xa_ex_2310.mdls,1,F76A0,??? (+20),21 14 00 00,5153
Heartless Behemoth,xa_ex_2310.mdls,1,F76A4,Outgoing Damage Multiplier,00 00 A0 3F,1.25
Heartless Behemoth,xa_ex_2310.mdls,1,F76A8,Resist 00 Unknown,32 00 00 00,50
Heartless Behemoth,xa_ex_2310.mdls,1,F76AC,Resist 01 Physical,64 00 00 00,100
Heartless Behemoth,xa_ex_2310.mdls,1,F76B0,Resist 02 Fire,64 00 00 00,100
Heartless Behemoth,xa_ex_2310.mdls,1,F76B4,Resist 03 Blizzard,64 00 00 00,100
Heartless Behemoth,xa_ex_2310.mdls,1,F76B8,Resist 04 Thunder,64 00 00 00,100
Heartless Behemoth,xa_ex_2310.mdls,1,F76BC,Resist 05 Unknown,64 00 00 00,100
Heartless Behemoth,xa_ex_2310.mdls,1,F76C0,Resist 06 Unknown,64 00 00 00,100
Heartless Behemoth,xa_ex_2310.mdls,1,F76C4,Resist 07 Unknown,64 00 00 00,100
Heartless Behemoth,xa_ex_2310.mdls,1,F76C8,Resist 08 Percent HP,03 00 00 00,3
Heartless Behemoth,xa_ex_2310.mdls,1,F76CC,Resist 09 Stop,14 00 00 00,20
Heartless Behemoth,xa_ex_2310.mdls,1,F76D0,Resist 0A Stun,32 00 00 00,50
Heartless Behemoth,xa_ex_2310.mdls,1,F76D4,Resist 0B Heal,64 00 00 00,100
Heartless Behemoth,xa_ex_2310.mdls,1,F76D8,Resist 0C Unknown,64 00 00 00,100
Heartless Behemoth,xa_ex_2310.mdls,1,F76DC,Resist 0D Unknown,64 00 00 00,100
Heartless Behemoth,xa_ex_2310.mdls,1,F76E0,Resist 0E Unknown,64 00 00 00,100
Heartless Behemoth,xa_ex_2310.mdls,1,F76E4,Resist 0F Unknown,64 00 00 00,100
Heartless Behemoth,xa_ex_2310.mdls,1,F76E8,??? (+68),1C 02 00 00,540
Heartless Behemoth,xa_ex_2310.mdls,2,F76EC,HP,1A 04 00 00,1050
Heartless Behemoth,xa_ex_2310.mdls,2,F76F0,ATK Level,12 00 00 00,18
Heartless Behemoth,xa_ex_2310.mdls,2,F76F4,DEF Level,12 00 00 00,18
Heartless Behemoth,xa_ex_2310.mdls,2,F76F8,Min Damage Taken,02 00 00 00,2
Heartless Behemoth,xa_ex_2310.mdls,2,F76FC,Max Damage Taken,1E 00 00 00,30
Heartless Behemoth,xa_ex_2310.mdls,2,F7700,MP Recovery On Hit,39 00 00 00,57
Heartless Behemoth,xa_ex_2310.mdls,2,F7704,Knockback Weight,00 00 80 3F,1
Heartless Behemoth,xa_ex_2310.mdls,2,F7708,EXP,C2 01 00 00,450
Heartless Behemoth,xa_ex_2310.mdls,2,F770C,??? (+20),21 14 00 00,5153
Heartless Behemoth,xa_ex_2310.mdls,2,F7710,Outgoing Damage Multiplier,00 00 80 3F,1
Heartless Behemoth,xa_ex_2310.mdls,2,F7714,Resist 00 Unknown,32 00 00 00,50
Heartless Behemoth,xa_ex_2310.mdls,2,F7718,Resist 01 Physical,64 00 00 00,100
Heartless Behemoth,xa_ex_2310.mdls,2,F771C,Resist 02 Fire,64 00 00 00,100
Heartless Behemoth,xa_ex_2310.mdls,2,F7720,Resist 03 Blizzard,64 00 00 00,100
Heartless Behemoth,xa_ex_2310.mdls,2,F7724,Resist 04 Thunder,64 00 00 00,100
Heartless Behemoth,xa_ex_2310.mdls,2,F7728,Resist 05 Unknown,64 00 00 00,100
Heartless Behemoth,xa_ex_2310.mdls,2,F772C,Resist 06 Unknown,64 00 00 00,100
Heartless Behemoth,xa_ex_2310.mdls,2,F7730,Resist 07 Unknown,64 00 00 00,100
Heartless Behemoth,xa_ex_2310.mdls,2,F7734,Resist 08 Percent HP,0A 00 00 00,10
Heartless Behemoth,xa_ex_2310.mdls,2,F7738,Resist 09 Stop,14 00 00 00,20
Heartless Behemoth,xa_ex_2310.mdls,2,F773C,Resist 0A Stun,32 00 00 00,50
Heartless Behemoth,xa_ex_2310.mdls,2,F7740,Resist 0B Heal,64 00 00 00,100
Heartless Behemoth,xa_ex_2310.mdls,2,F7744,Resist 0C Unknown,64 00 00 00,100
Heartless Behemoth,xa_ex_2310.mdls,2,F7748,Resist 0D Unknown,64 00 00 00,100
Heartless Behemoth,xa_ex_2310.mdls,2,F774C,Resist 0E Unknown,64 00 00 00,100
Heartless Behemoth,xa_ex_2310.mdls,2,F7750,Resist 0F Unknown,64 00 00 00,100
Heartless Behemoth,xa_ex_2310.mdls,2,F7754,??? (+68),1C 02 00 00,540
Heartless Behemoth (Different Color 1),xa_ex_2311.mdls,0,F7614,HP,46 05 00 00,1350
Heartless Behemoth (Different Color 1),xa_ex_2311.mdls,0,F7618,ATK Level,11 00 00 00,17
Heartless Behemoth (Different Color 1),xa_ex_2311.mdls,0,F761C,DEF Level,11 00 00 00,17
Heartless Behemoth (Different Color 1),xa_ex_2311.mdls,0,F7620,Min Damage Taken,02 00 00 00,2
Heartless Behemoth (Different Color 1),xa_ex_2311.mdls,0,F7624,Max Damage Taken,14 00 00 00,20
Heartless Behemoth (Different Color 1),xa_ex_2311.mdls,0,F7628,MP Recovery On Hit,39 00 00 00,57
Heartless Behemoth (Different Color 1),xa_ex_2311.mdls,0,F762C,Knockback Weight,00 00 80 3F,1
Heartless Behemoth (Different Color 1),xa_ex_2311.mdls,0,F7630,EXP,58 1B 00 00,7000
Heartless Behemoth (Different Color 1),xa_ex_2311.mdls,0,F7634,??? (+20),21 14 00 00,5153
Heartless Behemoth (Different Color 1),xa_ex_2311.mdls,0,F7638,Outgoing Damage Multiplier,00 00 80 3F,1
Heartless Behemoth (Different Color 1),xa_ex_2311.mdls,0,F763C,Resist 00 Unknown,32 00 00 00,50
Heartless Behemoth (Different Color 1),xa_ex_2311.mdls,0,F7640,Resist 01 Physical,64 00 00 00,100
Heartless Behemoth (Different Color 1),xa_ex_2311.mdls,0,F7644,Resist 02 Fire,64 00 00 00,100
Heartless Behemoth (Different Color 1),xa_ex_2311.mdls,0,F7648,Resist 03 Blizzard,64 00 00 00,100
Heartless Behemoth (Different Color 1),xa_ex_2311.mdls,0,F764C,Resist 04 Thunder,64 00 00 00,100
Heartless Behemoth (Different Color 1),xa_ex_2311.mdls,0,F7650,Resist 05 Unknown,64 00 00 00,100
Heartless Behemoth (Different Color 1),xa_ex_2311.mdls,0,F7654,Resist 06 Unknown,64 00 00 00,100
Heartless Behemoth (Different Color 1),xa_ex_2311.mdls,0,F7658,Resist 07 Unknown,64 00 00 00,100
Heartless Behemoth (Different Color 1),xa_ex_2311.mdls,0,F765C,Resist 08 Percent HP,03 00 00 00,3
Heartless Behemoth (Different Color 1),xa_ex_2311.mdls,0,F7660,Resist 09 Stop,14 00 00 00,20
Heartless Behemoth (Different Color 1),xa_ex_2311.mdls,0,F7664,Resist 0A Stun,32 00 00 00,50
Heartless Behemoth (Different Color 1),xa_ex_2311.mdls,0,F7668,Resist 0B Heal,64 00 00 00,100
Heartless Behemoth (Different Color 1),xa_ex_2311.mdls,0,F766C,Resist 0C Unknown,64 00 00 00,100
Heartless Behemoth (Different Color 1),xa_ex_2311.mdls,0,F7670,Resist 0D Unknown,64 00 00 00,100
Heartless Behemoth (Different Color 1),xa_ex_2311.mdls,0,F7674,Resist 0E Unknown,64 00 00 00,100
Heartless Behemoth (Different Color 1),xa_ex_2311.mdls,0,F7678,Resist 0F Unknown,64 00 00 00,100
Heartless Behemoth (Different Color 1),xa_ex_2311.mdls,0,F767C,??? (+68),1C 02 00 00,540
Heartless Behemoth (Different Color 1),xa_ex_2311.mdls,1,F7680,HP,DC 05 00 00,1500
Heartless Behemoth (Different Color 1),xa_ex_2311.mdls,1,F7684,ATK Level,13 00 00 00,19
Heartless Behemoth (Different Color 1),xa_ex_2311.mdls,1,F7688,DEF Level,13 00 00 00,19
Heartless Behemoth (Different Color 1),xa_ex_2311.mdls,1,F768C,Min Damage Taken,02 00 00 00,2
Heartless Behemoth (Different Color 1),xa_ex_2311.mdls,1,F7690,Max Damage Taken,14 00 00 00,20
Heartless Behemoth (Different Color 1),xa_ex_2311.mdls,1,F7694,MP Recovery On Hit,39 00 00 00,57
Heartless Behemoth (Different Color 1),xa_ex_2311.mdls,1,F7698,Knockback Weight,00 00 80 3F,1
Heartless Behemoth (Different Color 1),xa_ex_2311.mdls,1,F769C,EXP,58 02 00 00,600
Heartless Behemoth (Different Color 1),xa_ex_2311.mdls,1,F76A0,??? (+20),21 14 00 00,5153
Heartless Behemoth (Different Color 1),xa_ex_2311.mdls,1,F76A4,Outgoing Damage Multiplier,00 00 A0 3F,1.25
Heartless Behemoth (Different Color 1),xa_ex_2311.mdls,1,F76A8,Resist 00 Unknown,32 00 00 00,50
Heartless Behemoth (Different Color 1),xa_ex_2311.mdls,1,F76AC,Resist 01 Physical,64 00 00 00,100
Heartless Behemoth (Different Color 1),xa_ex_2311.mdls,1,F76B0,Resist 02 Fire,64 00 00 00,100
Heartless Behemoth (Different Color 1),xa_ex_2311.mdls,1,F76B4,Resist 03 Blizzard,64 00 00 00,100
Heartless Behemoth (Different Color 1),xa_ex_2311.mdls,1,F76B8,Resist 04 Thunder,64 00 00 00,100
Heartless Behemoth (Different Color 1),xa_ex_2311.mdls,1,F76BC,Resist 05 Unknown,64 00 00 00,100
Heartless Behemoth (Different Color 1),xa_ex_2311.mdls,1,F76C0,Resist 06 Unknown,64 00 00 00,100
Heartless Behemoth (Different Color 1),xa_ex_2311.mdls,1,F76C4,Resist 07 Unknown,64 00 00 00,100
Heartless Behemoth (Different Color 1),xa_ex_2311.mdls,1,F76C8,Resist 08 Percent HP,03 00 00 00,3
Heartless Behemoth (Different Color 1),xa_ex_2311.mdls,1,F76CC,Resist 09 Stop,14 00 00 00,20
Heartless Behemoth (Different Color 1),xa_ex_2311.mdls,1,F76D0,Resist 0A Stun,32 00 00 00,50
Heartless Behemoth (Different Color 1),xa_ex_2311.mdls,1,F76D4,Resist 0B Heal,64 00 00 00,100
Heartless Behemoth (Different Color 1),xa_ex_2311.mdls,1,F76D8,Resist 0C Unknown,64 00 00 00,100
Heartless Behemoth (Different Color 1),xa_ex_2311.mdls,1,F76DC,Resist 0D Unknown,64 00 00 00,100
Heartless Behemoth (Different Color 1),xa_ex_2311.mdls,1,F76E0,Resist 0E Unknown,64 00 00 00,100
Heartless Behemoth (Different Color 1),xa_ex_2311.mdls,1,F76E4,Resist 0F Unknown,64 00 00 00,100
Heartless Behemoth (Different Color 1),xa_ex_2311.mdls,1,F76E8,??? (+68),1C 02 00 00,540
Heartless Behemoth (Different Color 1),xa_ex_2311.mdls,2,F76EC,HP,1A 04 00 00,1050
Heartless Behemoth (Different Color 1),xa_ex_2311.mdls,2,F76F0,ATK Level,12 00 00 00,18
Heartless Behemoth (Different Color 1),xa_ex_2311.mdls,2,F76F4,DEF Level,12 00 00 00,18
Heartless Behemoth (Different Color 1),xa_ex_2311.mdls,2,F76F8,Min Damage Taken,02 00 00 00,2
Heartless Behemoth (Different Color 1),xa_ex_2311.mdls,2,F76FC,Max Damage Taken,1E 00 00 00,30
Heartless Behemoth (Different Color 1),xa_ex_2311.mdls,2,F7700,MP Recovery On Hit,39 00 00 00,57
Heartless Behemoth (Different Color 1),xa_ex_2311.mdls,2,F7704,Knockback Weight,00 00 80 3F,1
Heartless Behemoth (Different Color 1),xa_ex_2311.mdls,2,F7708,EXP,C2 01 00 00,450
Heartless Behemoth (Different Color 1),xa_ex_2311.mdls,2,F770C,??? (+20),21 14 00 00,5153
Heartless Behemoth (Different Color 1),xa_ex_2311.mdls,2,F7710,Outgoing Damage Multiplier,00 00 80 3F,1
Heartless Behemoth (Different Color 1),xa_ex_2311.mdls,2,F7714,Resist 00 Unknown,32 00 00 00,50
Heartless Behemoth (Different Color 1),xa_ex_2311.mdls,2,F7718,Resist 01 Physical,64 00 00 00,100
Heartless Behemoth (Different Color 1),xa_ex_2311.mdls,2,F771C,Resist 02 Fire,64 00 00 00,100
Heartless Behemoth (Different Color 1),xa_ex_2311.mdls,2,F7720,Resist 03 Blizzard,64 00 00 00,100
Heartless Behemoth (Different Color 1),xa_ex_2311.mdls,2,F7724,Resist 04 Thunder,64 00 00 00,100
Heartless Behemoth (Different Color 1),xa_ex_2311.mdls,2,F7728,Resist 05 Unknown,64 00 00 00,100
Heartless Behemoth (Different Color 1),xa_ex_2311.mdls,2,F772C,Resist 06 Unknown,64 00 00 00,100
Heartless Behemoth (Different Color 1),xa_ex_2311.mdls,2,F7730,Resist 07 Unknown,64 00 00 00,100
Heartless Behemoth (Different Color 1),xa_ex_2311.mdls,2,F7734,Resist 08 Percent HP,0A 00 00 00,10
Heartless Behemoth (Different Color 1),xa_ex_2311.mdls,2,F7738,Resist 09 Stop,14 00 00 00,20
Heartless Behemoth (Different Color 1),xa_ex_2311.mdls,2,F773C,Resist 0A Stun,32 00 00 00,50
Heartless Behemoth (Different Color 1),xa_ex_2311.mdls,2,F7740,Resist 0B Heal,64 00 00 00,100
Heartless Behemoth (Different Color 1),xa_ex_2311.mdls,2,F7744,Resist 0C Unknown,64 00 00 00,100
Heartless Behemoth (Different Color 1),xa_ex_2311.mdls,2,F7748,Resist 0D Unknown,64 00 00 00,100
Heartless Behemoth (Different Color 1),xa_ex_2311.mdls,2,F774C,Resist 0E Unknown,64 00 00 00,100
Heartless Behemoth (Different Color 1),xa_ex_2311.mdls,2,F7750,Resist 0F Unknown,64 00 00 00,100
Heartless Behemoth (Different Color 1),xa_ex_2311.mdls,2,F7754,??? (+68),1C 02 00 00,540
Heartless Behemoth (Different Color 2),xa_ex_2312.mdls,0,F7614,HP,46 05 00 00,1350
Heartless Behemoth (Different Color 2),xa_ex_2312.mdls,0,F7618,ATK Level,11 00 00 00,17
Heartless Behemoth (Different Color 2),xa_ex_2312.mdls,0,F761C,DEF Level,11 00 00 00,17
Heartless Behemoth (Different Color 2),xa_ex_2312.mdls,0,F7620,Min Damage Taken,02 00 00 00,2
Heartless Behemoth (Different Color 2),xa_ex_2312.mdls,0,F7624,Max Damage Taken,14 00 00 00,20
Heartless Behemoth (Different Color 2),xa_ex_2312.mdls,0,F7628,MP Recovery On Hit,39 00 00 00,57
Heartless Behemoth (Different Color 2),xa_ex_2312.mdls,0,F762C,Knockback Weight,00 00 80 3F,1
Heartless Behemoth (Different Color 2),xa_ex_2312.mdls,0,F7630,EXP,58 1B 00 00,7000
Heartless Behemoth (Different Color 2),xa_ex_2312.mdls,0,F7634,??? (+20),21 14 00 00,5153
Heartless Behemoth (Different Color 2),xa_ex_2312.mdls,0,F7638,Outgoing Damage Multiplier,00 00 80 3F,1
Heartless Behemoth (Different Color 2),xa_ex_2312.mdls,0,F763C,Resist 00 Unknown,32 00 00 00,50
Heartless Behemoth (Different Color 2),xa_ex_2312.mdls,0,F7640,Resist 01 Physical,64 00 00 00,100
Heartless Behemoth (Different Color 2),xa_ex_2312.mdls,0,F7644,Resist 02 Fire,64 00 00 00,100
Heartless Behemoth (Different Color 2),xa_ex_2312.mdls,0,F7648,Resist 03 Blizzard,64 00 00 00,100
Heartless Behemoth (Different Color 2),xa_ex_2312.mdls,0,F764C,Resist 04 Thunder,64 00 00 00,100
Heartless Behemoth (Different Color 2),xa_ex_2312.mdls,0,F7650,Resist 05 Unknown,64 00 00 00,100
Heartless Behemoth (Different Color 2),xa_ex_2312.mdls,0,F7654,Resist 06 Unknown,64 00 00 00,100
Heartless Behemoth (Different Color 2),xa_ex_2312.mdls,0,F7658,Resist 07 Unknown,64 00 00 00,100
Heartless Behemoth (Different Color 2),xa_ex_2312.mdls,0,F765C,Resist 08 Percent HP,03 00 00 00,3
Heartless Behemoth (Different Color 2),xa_ex_2312.mdls,0,F7660,Resist 09 Stop,14 00 00 00,20
Heartless Behemoth (Different Color 2),xa_ex_2312.mdls,0,F7664,Resist 0A Stun,32 00 00 00,50
Heartless Behemoth (Different Color 2),xa_ex_2312.mdls,0,F7668,Resist 0B Heal,64 00 00 00,100
Heartless Behemoth (Different Color 2),xa_ex_2312.mdls,0,F766C,Resist 0C Unknown,64 00 00 00,100
Heartless Behemoth (Different Color 2),xa_ex_2312.mdls,0,F7670,Resist 0D Unknown,64 00 00 00,100
Heartless Behemoth (Different Color 2),xa_ex_2312.mdls,0,F7674,Resist 0E Unknown,64 00 00 00,100
Heartless Behemoth (Different Color 2),xa_ex_2312.mdls,0,F7678,Resist 0F Unknown,64 00 00 00,100
Heartless Behemoth (Different Color 2),xa_ex_2312.mdls,0,F767C,??? (+68),1C 02 00 00,540
Heartless Behemoth (Different Color 2),xa_ex_2312.mdls,1,F7680,HP,DC 05 00 00,1500
Heartless Behemoth (Different Color 2),xa_ex_2312.mdls,1,F7684,ATK Level,13 00 00 00,19
Heartless Behemoth (Different Color 2),xa_ex_2312.mdls,1,F7688,DEF Level,13 00 00 00,19
Heartless Behemoth (Different Color 2),xa_ex_2312.mdls,1,F768C,Min Damage Taken,02 00 00 00,2
Heartless Behemoth (Different Color 2),xa_ex_2312.mdls,1,F7690,Max Damage Taken,14 00 00 00,20
Heartless Behemoth (Different Color 2),xa_ex_2312.mdls,1,F7694,MP Recovery On Hit,39 00 00 00,57
Heartless Behemoth (Different Color 2),xa_ex_2312.mdls,1,F7698,Knockback Weight,00 00 80 3F,1
Heartless Behemoth (Different Color 2),xa_ex_2312.mdls,1,F769C,EXP,58 02 00 00,600
Heartless Behemoth (Different Color 2),xa_ex_2312.mdls,1,F76A0,??? (+20),21 14 00 00,5153
Heartless Behemoth (Different Color 2),xa_ex_2312.mdls,1,F76A4,Outgoing Damage Multiplier,00 00 A0 3F,1.25
Heartless Behemoth (Different Color 2),xa_ex_2312.mdls,1,F76A8,Resist 00 Unknown,32 00 00 00,50
Heartless Behemoth (Different Color 2),xa_ex_2312.mdls,1,F76AC,Resist 01 Physical,64 00 00 00,100
Heartless Behemoth (Different Color 2),xa_ex_2312.mdls,1,F76B0,Resist 02 Fire,64 00 00 00,100
Heartless Behemoth (Different Color 2),xa_ex_2312.mdls,1,F76B4,Resist 03 Blizzard,64 00 00 00,100
Heartless Behemoth (Different Color 2),xa_ex_2312.mdls,1,F76B8,Resist 04 Thunder,64 00 00 00,100
Heartless Behemoth (Different Color 2),xa_ex_2312.mdls,1,F76BC,Resist 05 Unknown,64 00 00 00,100
Heartless Behemoth (Different Color 2),xa_ex_2312.mdls,1,F76C0,Resist 06 Unknown,64 00 00 00,100
Heartless Behemoth (Different Color 2),xa_ex_2312.mdls,1,F76C4,Resist 07 Unknown,64 00 00 00,100
Heartless Behemoth (Different Color 2),xa_ex_2312.mdls,1,F76C8,Resist 08 Percent HP,03 00 00 00,3
Heartless Behemoth (Different Color 2),xa_ex_2312.mdls,1,F76CC,Resist 09 Stop,14 00 00 00,20
Heartless Behemoth (Different Color 2),xa_ex_2312.mdls,1,F76D0,Resist 0A Stun,32 00 00 00,50
Heartless Behemoth (Different Color 2),xa_ex_2312.mdls,1,F76D4,Resist 0B Heal,64 00 00 00,100
Heartless Behemoth (Different Color 2),xa_ex_2312.mdls,1,F76D8,Resist 0C Unknown,64 00 00 00,100
Heartless Behemoth (Different Color 2),xa_ex_2312.mdls,1,F76DC,Resist 0D Unknown,64 00 00 00,100
Heartless Behemoth (Different Color 2),xa_ex_2312.mdls,1,F76E0,Resist 0E Unknown,64 00 00 00,100
Heartless Behemoth (Different Color 2),xa_ex_2312.mdls,1,F76E4,Resist 0F Unknown,64 00 00 00,100
Heartless Behemoth (Different Color 2),xa_ex_2312.mdls,1,F76E8,??? (+68),1C 02 00 00,540
Heartless Behemoth (Different Color 2),xa_ex_2312.mdls,2,F76EC,HP,1A 04 00 00,1050
Heartless Behemoth (Different Color 2),xa_ex_2312.mdls,2,F76F0,ATK Level,12 00 00 00,18
Heartless Behemoth (Different Color 2),xa_ex_2312.mdls,2,F76F4,DEF Level,12 00 00 00,18
Heartless Behemoth (Different Color 2),xa_ex_2312.mdls,2,F76F8,Min Damage Taken,02 00 00 00,2
Heartless Behemoth (Different Color 2),xa_ex_2312.mdls,2,F76FC,Max Damage Taken,1E 00 00 00,30
Heartless Behemoth (Different Color 2),xa_ex_2312.mdls,2,F7700,MP Recovery On Hit,39 00 00 00,57
Heartless Behemoth (Different Color 2),xa_ex_2312.mdls,2,F7704,Knockback Weight,00 00 80 3F,1
Heartless Behemoth (Different Color 2),xa_ex_2312.mdls,2,F7708,EXP,C2 01 00 00,450
Heartless Behemoth (Different Color 2),xa_ex_2312.mdls,2,F770C,??? (+20),21 14 00 00,5153
Heartless Behemoth (Different Color 2),xa_ex_2312.mdls,2,F7710,Outgoing Damage Multiplier,00 00 80 3F,1
Heartless Behemoth (Different Color 2),xa_ex_2312.mdls,2,F7714,Resist 00 Unknown,32 00 00 00,50
Heartless Behemoth (Different Color 2),xa_ex_2312.mdls,2,F7718,Resist 01 Physical,64 00 00 00,100
Heartless Behemoth (Different Color 2),xa_ex_2312.mdls,2,F771C,Resist 02 Fire,64 00 00 00,100
Heartless Behemoth (Different Color 2),xa_ex_2312.mdls,2,F7720,Resist 03 Blizzard,64 00 00 00,100
Heartless Behemoth (Different Color 2),xa_ex_2312.mdls,2,F7724,Resist 04 Thunder,64 00 00 00,100
Heartless Behemoth (Different Color 2),xa_ex_2312.mdls,2,F7728,Resist 05 Unknown,64 00 00 00,100
Heartless Behemoth (Different Color 2),xa_ex_2312.mdls,2,F772C,Resist 06 Unknown,64 00 00 00,100
Heartless Behemoth (Different Color 2),xa_ex_2312.mdls,2,F7730,Resist 07 Unknown,64 00 00 00,100
Heartless Behemoth (Different Color 2),xa_ex_2312.mdls,2,F7734,Resist 08 Percent HP,0A 00 00 00,10
Heartless Behemoth (Different Color 2),xa_ex_2312.mdls,2,F7738,Resist 09 Stop,14 00 00 00,20
Heartless Behemoth (Different Color 2),xa_ex_2312.mdls,2,F773C,Resist 0A Stun,32 00 00 00,50
Heartless Behemoth (Different Color 2),xa_ex_2312.mdls,2,F7740,Resist 0B Heal,64 00 00 00,100
Heartless Behemoth (Different Color 2),xa_ex_2312.mdls,2,F7744,Resist 0C Unknown,64 00 00 00,100
Heartless Behemoth (Different Color 2),xa_ex_2312.mdls,2,F7748,Resist 0D Unknown,64 00 00 00,100
Heartless Behemoth (Different Color 2),xa_ex_2312.mdls,2,F774C,Resist 0E Unknown,64 00 00 00,100
Heartless Behemoth (Different Color 2),xa_ex_2312.mdls,2,F7750,Resist 0F Unknown,64 00 00 00,100
Heartless Behemoth (Different Color 2),xa_ex_2312.mdls,2,F7754,??? (+68),1C 02 00 00,540
Heartless Wyvern,xa_ex_2320.mdls,0,53714,HP,87 00 00 00,135
Heartless Wyvern,xa_ex_2320.mdls,0,53718,ATK Level,10 00 00 00,16
Heartless Wyvern,xa_ex_2320.mdls,0,5371C,DEF Level,10 00 00 00,16
Heartless Wyvern,xa_ex_2320.mdls,0,53720,Min Damage Taken,0F 00 00 00,15
Heartless Wyvern,xa_ex_2320.mdls,0,53724,Max Damage Taken,2C 01 00 00,300
Heartless Wyvern,xa_ex_2320.mdls,0,53728,MP Recovery On Hit,2A 00 00 00,42
Heartless Wyvern,xa_ex_2320.mdls,0,5372C,Knockback Weight,00 00 80 3F,1
Heartless Wyvern,xa_ex_2320.mdls,0,53730,EXP,41 00 00 00,65
Heartless Wyvern,xa_ex_2320.mdls,0,53734,??? (+20),FD 13 00 00,5117
Heartless Wyvern,xa_ex_2320.mdls,0,53738,Outgoing Damage Multiplier,00 00 80 3F,1
Heartless Wyvern,xa_ex_2320.mdls,0,5373C,Resist 00 Unknown,64 00 00 00,100
Heartless Wyvern,xa_ex_2320.mdls,0,53740,Resist 01 Physical,64 00 00 00,100
Heartless Wyvern,xa_ex_2320.mdls,0,53744,Resist 02 Fire,64 00 00 00,100
Heartless Wyvern,xa_ex_2320.mdls,0,53748,Resist 03 Blizzard,64 00 00 00,100
Heartless Wyvern,xa_ex_2320.mdls,0,5374C,Resist 04 Thunder,64 00 00 00,100
Heartless Wyvern,xa_ex_2320.mdls,0,53750,Resist 05 Unknown,64 00 00 00,100
Heartless Wyvern,xa_ex_2320.mdls,0,53754,Resist 06 Unknown,64 00 00 00,100
Heartless Wyvern,xa_ex_2320.mdls,0,53758,Resist 07 Unknown,64 00 00 00,100
Heartless Wyvern,xa_ex_2320.mdls,0,5375C,Resist 08 Percent HP,5A 00 00 00,90
Heartless Wyvern,xa_ex_2320.mdls,0,53760,Resist 09 Stop,64 00 00 00,100
Heartless Wyvern,xa_ex_2320.mdls,0,53764,Resist 0A Stun,64 00 00 00,100
Heartless Wyvern,xa_ex_2320.mdls,0,53768,Resist 0B Heal,64 00 00 00,100
Heartless Wyvern,xa_ex_2320.mdls,0,5376C,Resist 0C Unknown,64 00 00 00,100
Heartless Wyvern,xa_ex_2320.mdls,0,53770,Resist 0D Unknown,64 00 00 00,100
Heartless Wyvern,xa_ex_2320.mdls,0,53774,Resist 0E Unknown,64 00 00 00,100
Heartless Wyvern,xa_ex_2320.mdls,0,53778,Resist 0F Unknown,64 00 00 00,100
Heartless Wyvern,xa_ex_2320.mdls,0,5377C,??? (+68),00 00 00 00,0
Heartless Wyvern,xa_ex_2320.mdls,1,53780,HP,96 00 00 00,150
Heartless Wyvern,xa_ex_2320.mdls,1,53784,ATK Level,11 00 00 00,17
Heartless Wyvern,xa_ex_2320.mdls,1,53788,DEF Level,11 00 00 00,17
Heartless Wyvern,xa_ex_2320.mdls,1,5378C,Min Damage Taken,08 00 00 00,8
Heartless Wyvern,xa_ex_2320.mdls,1,53790,Max Damage Taken,87 00 00 00,135
Heartless Wyvern,xa_ex_2320.mdls,1,53794,MP Recovery On Hit,2F 00 00 00,47
Heartless Wyvern,xa_ex_2320.mdls,1,53798,Knockback Weight,00 00 80 3F,1
Heartless Wyvern,xa_ex_2320.mdls,1,5379C,EXP,78 00 00 00,120
Heartless Wyvern,xa_ex_2320.mdls,1,537A0,??? (+20),FD 13 00 00,5117
Heartless Wyvern,xa_ex_2320.mdls,1,537A4,Outgoing Damage Multiplier,33 33 93 3F,1.15
Heartless Wyvern,xa_ex_2320.mdls,1,537A8,Resist 00 Unknown,64 00 00 00,100
Heartless Wyvern,xa_ex_2320.mdls,1,537AC,Resist 01 Physical,64 00 00 00,100
Heartless Wyvern,xa_ex_2320.mdls,1,537B0,Resist 02 Fire,64 00 00 00,100
Heartless Wyvern,xa_ex_2320.mdls,1,537B4,Resist 03 Blizzard,64 00 00 00,100
Heartless Wyvern,xa_ex_2320.mdls,1,537B8,Resist 04 Thunder,64 00 00 00,100
Heartless Wyvern,xa_ex_2320.mdls,1,537BC,Resist 05 Unknown,64 00 00 00,100
Heartless Wyvern,xa_ex_2320.mdls,1,537C0,Resist 06 Unknown,64 00 00 00,100
Heartless Wyvern,xa_ex_2320.mdls,1,537C4,Resist 07 Unknown,64 00 00 00,100
Heartless Wyvern,xa_ex_2320.mdls,1,537C8,Resist 08 Percent HP,4B 00 00 00,75
Heartless Wyvern,xa_ex_2320.mdls,1,537CC,Resist 09 Stop,3C 00 00 00,60
Heartless Wyvern,xa_ex_2320.mdls,1,537D0,Resist 0A Stun,64 00 00 00,100
Heartless Wyvern,xa_ex_2320.mdls,1,537D4,Resist 0B Heal,64 00 00 00,100
Heartless Wyvern,xa_ex_2320.mdls,1,537D8,Resist 0C Unknown,64 00 00 00,100
Heartless Wyvern,xa_ex_2320.mdls,1,537DC,Resist 0D Unknown,64 00 00 00,100
Heartless Wyvern,xa_ex_2320.mdls,1,537E0,Resist 0E Unknown,64 00 00 00,100
Heartless Wyvern,xa_ex_2320.mdls,1,537E4,Resist 0F Unknown,64 00 00 00,100
Heartless Wyvern,xa_ex_2320.mdls,1,537E8,??? (+68),00 00 00 00,0
Heartless Angel Star,xa_ex_2330.mdls,0,A8294,HP,DC 00 00 00,220
Heartless Angel Star,xa_ex_2330.mdls,0,A8298,ATK Level,12 00 00 00,18
Heartless Angel Star,xa_ex_2330.mdls,0,A829C,DEF Level,12 00 00 00,18
Heartless Angel Star,xa_ex_2330.mdls,0,A82A0,Min Damage Taken,09 00 00 00,9
Heartless Angel Star,xa_ex_2330.mdls,0,A82A4,Max Damage Taken,C8 00 00 00,200
Heartless Angel Star,xa_ex_2330.mdls,0,A82A8,MP Recovery On Hit,37 00 00 00,55
Heartless Angel Star,xa_ex_2330.mdls,0,A82AC,Knockback Weight,00 00 80 3F,1
Heartless Angel Star,xa_ex_2330.mdls,0,A82B0,EXP,96 00 00 00,150
Heartless Angel Star,xa_ex_2330.mdls,0,A82B4,??? (+20),25 14 00 00,5157
Heartless Angel Star,xa_ex_2330.mdls,0,A82B8,Outgoing Damage Multiplier,00 00 80 3F,1
Heartless Angel Star,xa_ex_2330.mdls,0,A82BC,Resist 00 Unknown,64 00 00 00,100
Heartless Angel Star,xa_ex_2330.mdls,0,A82C0,Resist 01 Physical,64 00 00 00,100
Heartless Angel Star,xa_ex_2330.mdls,0,A82C4,Resist 02 Fire,32 00 00 00,50
Heartless Angel Star,xa_ex_2330.mdls,0,A82C8,Resist 03 Blizzard,32 00 00 00,50
Heartless Angel Star,xa_ex_2330.mdls,0,A82CC,Resist 04 Thunder,64 00 00 00,100
Heartless Angel Star,xa_ex_2330.mdls,0,A82D0,Resist 05 Unknown,64 00 00 00,100
Heartless Angel Star,xa_ex_2330.mdls,0,A82D4,Resist 06 Unknown,64 00 00 00,100
Heartless Angel Star,xa_ex_2330.mdls,0,A82D8,Resist 07 Unknown,64 00 00 00,100
Heartless Angel Star,xa_ex_2330.mdls,0,A82DC,Resist 08 Percent HP,32 00 00 00,50
Heartless Angel Star,xa_ex_2330.mdls,0,A82E0,Resist 09 Stop,3C 00 00 00,60
Heartless Angel Star,xa_ex_2330.mdls,0,A82E4,Resist 0A Stun,64 00 00 00,100
Heartless Angel Star,xa_ex_2330.mdls,0,A82E8,Resist 0B Heal,64 00 00 00,100
Heartless Angel Star,xa_ex_2330.mdls,0,A82EC,Resist 0C Unknown,64 00 00 00,100
Heartless Angel Star,xa_ex_2330.mdls,0,A82F0,Resist 0D Unknown,64 00 00 00,100
Heartless Angel Star,xa_ex_2330.mdls,0,A82F4,Resist 0E Unknown,64 00 00 00,100
Heartless Angel Star,xa_ex_2330.mdls,0,A82F8,Resist 0F Unknown,64 00 00 00,100
Heartless Angel Star,xa_ex_2330.mdls,0,A82FC,??? (+68),10 00 00 00,16
Heartless Defender,xa_ex_2340.mdls,0,A9014,HP,F0 00 00 00,240
Heartless Defender,xa_ex_2340.mdls,0,A9018,ATK Level,10 00 00 00,16
Heartless Defender,xa_ex_2340.mdls,0,A901C,DEF Level,10 00 00 00,16
Heartless Defender,xa_ex_2340.mdls,0,A9020,Min Damage Taken,08 00 00 00,8
Heartless Defender,xa_ex_2340.mdls,0,A9024,Max Damage Taken,50 00 00 00,80
Heartless Defender,xa_ex_2340.mdls,0,A9028,MP Recovery On Hit,2C 00 00 00,44
Heartless Defender,xa_ex_2340.mdls,0,A902C,Knockback Weight,00 00 80 3F,1
Heartless Defender,xa_ex_2340.mdls,0,A9030,EXP,78 00 00 00,120
Heartless Defender,xa_ex_2340.mdls,0,A9034,??? (+20),29 14 00 00,5161
Heartless Defender,xa_ex_2340.mdls,0,A9038,Outgoing Damage Multiplier,00 00 80 3F,1
Heartless Defender,xa_ex_2340.mdls,0,A903C,Resist 00 Unknown,64 00 00 00,100
Heartless Defender,xa_ex_2340.mdls,0,A9040,Resist 01 Physical,64 00 00 00,100
Heartless Defender,xa_ex_2340.mdls,0,A9044,Resist 02 Fire,64 00 00 00,100
Heartless Defender,xa_ex_2340.mdls,0,A9048,Resist 03 Blizzard,64 00 00 00,100
Heartless Defender,xa_ex_2340.mdls,0,A904C,Resist 04 Thunder,64 00 00 00,100
Heartless Defender,xa_ex_2340.mdls,0,A9050,Resist 05 Unknown,64 00 00 00,100
Heartless Defender,xa_ex_2340.mdls,0,A9054,Resist 06 Unknown,64 00 00 00,100
Heartless Defender,xa_ex_2340.mdls,0,A9058,Resist 07 Unknown,64 00 00 00,100
Heartless Defender,xa_ex_2340.mdls,0,A905C,Resist 08 Percent HP,5A 00 00 00,90
Heartless Defender,xa_ex_2340.mdls,0,A9060,Resist 09 Stop,64 00 00 00,100
Heartless Defender,xa_ex_2340.mdls,0,A9064,Resist 0A Stun,64 00 00 00,100
Heartless Defender,xa_ex_2340.mdls,0,A9068,Resist 0B Heal,64 00 00 00,100
Heartless Defender,xa_ex_2340.mdls,0,A906C,Resist 0C Unknown,64 00 00 00,100
Heartless Defender,xa_ex_2340.mdls,0,A9070,Resist 0D Unknown,64 00 00 00,100
Heartless Defender,xa_ex_2340.mdls,0,A9074,Resist 0E Unknown,64 00 00 00,100
Heartless Defender,xa_ex_2340.mdls,0,A9078,Resist 0F Unknown,64 00 00 00,100
Heartless Defender,xa_ex_2340.mdls,0,A907C,??? (+68),00 00 00 00,0
Heartless Defender,xa_ex_2340.mdls,1,A9080,HP,2C 01 00 00,300
Heartless Defender,xa_ex_2340.mdls,1,A9084,ATK Level,11 00 00 00,17
Heartless Defender,xa_ex_2340.mdls,1,A9088,DEF Level,11 00 00 00,17
Heartless Defender,xa_ex_2340.mdls,1,A908C,Min Damage Taken,09 00 00 00,9
Heartless Defender,xa_ex_2340.mdls,1,A9090,Max Damage Taken,C8 00 00 00,200
Heartless Defender,xa_ex_2340.mdls,1,A9094,MP Recovery On Hit,31 00 00 00,49
Heartless Defender,xa_ex_2340.mdls,1,A9098,Knockback Weight,00 00 80 3F,1
Heartless Defender,xa_ex_2340.mdls,1,A909C,EXP,B4 00 00 00,180
Heartless Defender,xa_ex_2340.mdls,1,A90A0,??? (+20),29 14 00 00,5161
Heartless Defender,xa_ex_2340.mdls,1,A90A4,Outgoing Damage Multiplier,33 33 93 3F,1.15
Heartless Defender,xa_ex_2340.mdls,1,A90A8,Resist 00 Unknown,64 00 00 00,100
Heartless Defender,xa_ex_2340.mdls,1,A90AC,Resist 01 Physical,64 00 00 00,100
Heartless Defender,xa_ex_2340.mdls,1,A90B0,Resist 02 Fire,64 00 00 00,100
Heartless Defender,xa_ex_2340.mdls,1,A90B4,Resist 03 Blizzard,64 00 00 00,100
Heartless Defender,xa_ex_2340.mdls,1,A90B8,Resist 04 Thunder,64 00 00 00,100
Heartless Defender,xa_ex_2340.mdls,1,A90BC,Resist 05 Unknown,64 00 00 00,100
Heartless Defender,xa_ex_2340.mdls,1,A90C0,Resist 06 Unknown,64 00 00 00,100
Heartless Defender,xa_ex_2340.mdls,1,A90C4,Resist 07 Unknown,64 00 00 00,100
Heartless Defender,xa_ex_2340.mdls,1,A90C8,Resist 08 Percent HP,4B 00 00 00,75
Heartless Defender,xa_ex_2340.mdls,1,A90CC,Resist 09 Stop,3C 00 00 00,60
Heartless Defender,xa_ex_2340.mdls,1,A90D0,Resist 0A Stun,64 00 00 00,100
Heartless Defender,xa_ex_2340.mdls,1,A90D4,Resist 0B Heal,64 00 00 00,100
Heartless Defender,xa_ex_2340.mdls,1,A90D8,Resist 0C Unknown,64 00 00 00,100
Heartless Defender,xa_ex_2340.mdls,1,A90DC,Resist 0D Unknown,64 00 00 00,100
Heartless Defender,xa_ex_2340.mdls,1,A90E0,Resist 0E Unknown,64 00 00 00,100
Heartless Defender,xa_ex_2340.mdls,1,A90E4,Resist 0F Unknown,64 00 00 00,100
Heartless Defender,xa_ex_2340.mdls,1,A90E8,??? (+68),00 00 00 00,0
Heartless White Mushroom (Halloween Town),xa_ex_2350.mdls,0,6EC94,HP,1E 00 00 00,30
Heartless White Mushroom (Halloween Town),xa_ex_2350.mdls,0,6EC98,ATK Level,03 00 00 00,3
Heartless White Mushroom (Halloween Town),xa_ex_2350.mdls,0,6EC9C,DEF Level,03 00 00 00,3
Heartless White Mushroom (Halloween Town),xa_ex_2350.mdls,0,6ECA0,Min Damage Taken,0A 00 00 00,10
Heartless White Mushroom (Halloween Town),xa_ex_2350.mdls,0,6ECA4,Max Damage Taken,0A 00 00 00,10
Heartless White Mushroom (Halloween Town),xa_ex_2350.mdls,0,6ECA8,MP Recovery On Hit,64 00 00 00,100
Heartless White Mushroom (Halloween Town),xa_ex_2350.mdls,0,6ECAC,Knockback Weight,00 00 80 3F,1
Heartless White Mushroom (Halloween Town),xa_ex_2350.mdls,0,6ECB0,EXP,00 00 00 00,0
Heartless White Mushroom (Halloween Town),xa_ex_2350.mdls,0,6ECB4,??? (+20),4D 14 00 00,5197
Heartless White Mushroom (Halloween Town),xa_ex_2350.mdls,0,6ECB8,Outgoing Damage Multiplier,00 00 80 3F,1
Heartless White Mushroom (Halloween Town),xa_ex_2350.mdls,0,6ECBC,Resist 00 Unknown,64 00 00 00,100
Heartless White Mushroom (Halloween Town),xa_ex_2350.mdls,0,6ECC0,Resist 01 Physical,64 00 00 00,100
Heartless White Mushroom (Halloween Town),xa_ex_2350.mdls,0,6ECC4,Resist 02 Fire,64 00 00 00,100
Heartless White Mushroom (Halloween Town),xa_ex_2350.mdls,0,6ECC8,Resist 03 Blizzard,64 00 00 00,100
Heartless White Mushroom (Halloween Town),xa_ex_2350.mdls,0,6ECCC,Resist 04 Thunder,64 00 00 00,100
Heartless White Mushroom (Halloween Town),xa_ex_2350.mdls,0,6ECD0,Resist 05 Unknown,64 00 00 00,100
Heartless White Mushroom (Halloween Town),xa_ex_2350.mdls,0,6ECD4,Resist 06 Unknown,64 00 00 00,100
Heartless White Mushroom (Halloween Town),xa_ex_2350.mdls,0,6ECD8,Resist 07 Unknown,64 00 00 00,100
Heartless White Mushroom (Halloween Town),xa_ex_2350.mdls,0,6ECDC,Resist 08 Percent HP,64 00 00 00,100
Heartless White Mushroom (Halloween Town),xa_ex_2350.mdls,0,6ECE0,Resist 09 Stop,64 00 00 00,100
Heartless White Mushroom (Halloween Town),xa_ex_2350.mdls,0,6ECE4,Resist 0A Stun,64 00 00 00,100
Heartless White Mushroom (Halloween Town),xa_ex_2350.mdls,0,6ECE8,Resist 0B Heal,64 00 00 00,100
Heartless White Mushroom (Halloween Town),xa_ex_2350.mdls,0,6ECEC,Resist 0C Unknown,64 00 00 00,100
Heartless White Mushroom (Halloween Town),xa_ex_2350.mdls,0,6ECF0,Resist 0D Unknown,64 00 00 00,100
Heartless White Mushroom (Halloween Town),xa_ex_2350.mdls,0,6ECF4,Resist 0E Unknown,64 00 00 00,100
Heartless White Mushroom (Halloween Town),xa_ex_2350.mdls,0,6ECF8,Resist 0F Unknown,64 00 00 00,100
Heartless White Mushroom (Halloween Town),xa_ex_2350.mdls,0,6ECFC,??? (+68),01 00 00 00,1
NO_MAP_MATCH,xa_ex_2351.mdls,0,6EC94,HP,1E 00 00 00,30
NO_MAP_MATCH,xa_ex_2351.mdls,0,6EC98,ATK Level,03 00 00 00,3
NO_MAP_MATCH,xa_ex_2351.mdls,0,6EC9C,DEF Level,03 00 00 00,3
NO_MAP_MATCH,xa_ex_2351.mdls,0,6ECA0,Min Damage Taken,0A 00 00 00,10
NO_MAP_MATCH,xa_ex_2351.mdls,0,6ECA4,Max Damage Taken,0A 00 00 00,10
NO_MAP_MATCH,xa_ex_2351.mdls,0,6ECA8,MP Recovery On Hit,64 00 00 00,100
NO_MAP_MATCH,xa_ex_2351.mdls,0,6ECAC,Knockback Weight,00 00 80 3F,1
NO_MAP_MATCH,xa_ex_2351.mdls,0,6ECB0,EXP,00 00 00 00,0
NO_MAP_MATCH,xa_ex_2351.mdls,0,6ECB4,??? (+20),4D 14 00 00,5197
NO_MAP_MATCH,xa_ex_2351.mdls,0,6ECB8,Outgoing Damage Multiplier,00 00 80 3F,1
NO_MAP_MATCH,xa_ex_2351.mdls,0,6ECBC,Resist 00 Unknown,64 00 00 00,100
NO_MAP_MATCH,xa_ex_2351.mdls,0,6ECC0,Resist 01 Physical,64 00 00 00,100
NO_MAP_MATCH,xa_ex_2351.mdls,0,6ECC4,Resist 02 Fire,64 00 00 00,100
NO_MAP_MATCH,xa_ex_2351.mdls,0,6ECC8,Resist 03 Blizzard,64 00 00 00,100
NO_MAP_MATCH,xa_ex_2351.mdls,0,6ECCC,Resist 04 Thunder,64 00 00 00,100
NO_MAP_MATCH,xa_ex_2351.mdls,0,6ECD0,Resist 05 Unknown,64 00 00 00,100
NO_MAP_MATCH,xa_ex_2351.mdls,0,6ECD4,Resist 06 Unknown,64 00 00 00,100
NO_MAP_MATCH,xa_ex_2351.mdls,0,6ECD8,Resist 07 Unknown,64 00 00 00,100
NO_MAP_MATCH,xa_ex_2351.mdls,0,6ECDC,Resist 08 Percent HP,64 00 00 00,100
NO_MAP_MATCH,xa_ex_2351.mdls,0,6ECE0,Resist 09 Stop,64 00 00 00,100
NO_MAP_MATCH,xa_ex_2351.mdls,0,6ECE4,Resist 0A Stun,64 00 00 00,100
NO_MAP_MATCH,xa_ex_2351.mdls,0,6ECE8,Resist 0B Heal,64 00 00 00,100
NO_MAP_MATCH,xa_ex_2351.mdls,0,6ECEC,Resist 0C Unknown,64 00 00 00,100
NO_MAP_MATCH,xa_ex_2351.mdls,0,6ECF0,Resist 0D Unknown,64 00 00 00,100
NO_MAP_MATCH,xa_ex_2351.mdls,0,6ECF4,Resist 0E Unknown,64 00 00 00,100
NO_MAP_MATCH,xa_ex_2351.mdls,0,6ECF8,Resist 0F Unknown,64 00 00 00,100
NO_MAP_MATCH,xa_ex_2351.mdls,0,6ECFC,??? (+68),01 00 00 00,1
Heartless White Mushroom,xa_ex_2352.mdls,0,6EC94,HP,1E 00 00 00,30
Heartless White Mushroom,xa_ex_2352.mdls,0,6EC98,ATK Level,03 00 00 00,3
Heartless White Mushroom,xa_ex_2352.mdls,0,6EC9C,DEF Level,03 00 00 00,3
Heartless White Mushroom,xa_ex_2352.mdls,0,6ECA0,Min Damage Taken,0A 00 00 00,10
Heartless White Mushroom,xa_ex_2352.mdls,0,6ECA4,Max Damage Taken,0A 00 00 00,10
Heartless White Mushroom,xa_ex_2352.mdls,0,6ECA8,MP Recovery On Hit,64 00 00 00,100
Heartless White Mushroom,xa_ex_2352.mdls,0,6ECAC,Knockback Weight,00 00 00 00,0
Heartless White Mushroom,xa_ex_2352.mdls,0,6ECB0,EXP,00 00 00 00,0
Heartless White Mushroom,xa_ex_2352.mdls,0,6ECB4,??? (+20),4D 14 00 00,5197
Heartless White Mushroom,xa_ex_2352.mdls,0,6ECB8,Outgoing Damage Multiplier,00 00 80 3F,1
Heartless White Mushroom,xa_ex_2352.mdls,0,6ECBC,Resist 00 Unknown,64 00 00 00,100
Heartless White Mushroom,xa_ex_2352.mdls,0,6ECC0,Resist 01 Physical,64 00 00 00,100
Heartless White Mushroom,xa_ex_2352.mdls,0,6ECC4,Resist 02 Fire,64 00 00 00,100
Heartless White Mushroom,xa_ex_2352.mdls,0,6ECC8,Resist 03 Blizzard,64 00 00 00,100
Heartless White Mushroom,xa_ex_2352.mdls,0,6ECCC,Resist 04 Thunder,64 00 00 00,100
Heartless White Mushroom,xa_ex_2352.mdls,0,6ECD0,Resist 05 Unknown,64 00 00 00,100
Heartless White Mushroom,xa_ex_2352.mdls,0,6ECD4,Resist 06 Unknown,64 00 00 00,100
Heartless White Mushroom,xa_ex_2352.mdls,0,6ECD8,Resist 07 Unknown,64 00 00 00,100
Heartless White Mushroom,xa_ex_2352.mdls,0,6ECDC,Resist 08 Percent HP,64 00 00 00,100
Heartless White Mushroom,xa_ex_2352.mdls,0,6ECE0,Resist 09 Stop,64 00 00 00,100
Heartless White Mushroom,xa_ex_2352.mdls,0,6ECE4,Resist 0A Stun,64 00 00 00,100
Heartless White Mushroom,xa_ex_2352.mdls,0,6ECE8,Resist 0B Heal,64 00 00 00,100
Heartless White Mushroom,xa_ex_2352.mdls,0,6ECEC,Resist 0C Unknown,64 00 00 00,100
Heartless White Mushroom,xa_ex_2352.mdls,0,6ECF0,Resist 0D Unknown,64 00 00 00,100
Heartless White Mushroom,xa_ex_2352.mdls,0,6ECF4,Resist 0E Unknown,64 00 00 00,100
Heartless White Mushroom,xa_ex_2352.mdls,0,6ECF8,Resist 0F Unknown,64 00 00 00,100
Heartless White Mushroom,xa_ex_2352.mdls,0,6ECFC,??? (+68),1D 01 00 00,285
Heartless White Mushroom,xa_ex_2352.mdls,1,6ED00,HP,00 00 00 00,0
Heartless White Mushroom,xa_ex_2352.mdls,1,6ED04,ATK Level,00 00 00 00,0
Heartless White Mushroom,xa_ex_2352.mdls,1,6ED08,DEF Level,00 00 00 00,0
Heartless White Mushroom,xa_ex_2352.mdls,1,6ED0C,Min Damage Taken,00 00 00 00,0
Heartless White Mushroom,xa_ex_2352.mdls,1,6ED10,Max Damage Taken,00 00 00 00,0
Heartless White Mushroom,xa_ex_2352.mdls,1,6ED14,MP Recovery On Hit,00 00 00 00,0
Heartless White Mushroom,xa_ex_2352.mdls,1,6ED18,Knockback Weight,00 00 00 00,0
Heartless White Mushroom,xa_ex_2352.mdls,1,6ED1C,EXP,00 00 00 00,0
Heartless White Mushroom,xa_ex_2352.mdls,1,6ED20,??? (+20),00 00 00 00,0
Heartless White Mushroom,xa_ex_2352.mdls,1,6ED24,Outgoing Damage Multiplier,00 00 00 00,0
Heartless White Mushroom,xa_ex_2352.mdls,1,6ED28,Resist 00 Unknown,00 00 00 00,0
Heartless White Mushroom,xa_ex_2352.mdls,1,6ED2C,Resist 01 Physical,00 00 00 00,0
Heartless White Mushroom,xa_ex_2352.mdls,1,6ED30,Resist 02 Fire,00 00 00 00,0
Heartless White Mushroom,xa_ex_2352.mdls,1,6ED34,Resist 03 Blizzard,00 00 00 00,0
Heartless White Mushroom,xa_ex_2352.mdls,1,6ED38,Resist 04 Thunder,00 00 00 00,0
Heartless White Mushroom,xa_ex_2352.mdls,1,6ED3C,Resist 05 Unknown,00 00 00 00,0
Heartless White Mushroom,xa_ex_2352.mdls,1,6ED40,Resist 06 Unknown,00 00 00 00,0
Heartless White Mushroom,xa_ex_2352.mdls,1,6ED44,Resist 07 Unknown,00 00 00 00,0
Heartless White Mushroom,xa_ex_2352.mdls,1,6ED48,Resist 08 Percent HP,00 00 00 00,0
Heartless White Mushroom,xa_ex_2352.mdls,1,6ED4C,Resist 09 Stop,0F 00 00 00,15
Heartless White Mushroom,xa_ex_2352.mdls,1,6ED50,Resist 0A Stun,00 00 00 00,0
Heartless White Mushroom,xa_ex_2352.mdls,1,6ED54,Resist 0B Heal,00 00 00 00,0
Heartless White Mushroom,xa_ex_2352.mdls,1,6ED58,Resist 0C Unknown,00 00 00 00,0
Heartless White Mushroom,xa_ex_2352.mdls,1,6ED5C,Resist 0D Unknown,00 00 00 00,0
Heartless White Mushroom,xa_ex_2352.mdls,1,6ED60,Resist 0E Unknown,00 00 00 00,0
Heartless White Mushroom,xa_ex_2352.mdls,1,6ED64,Resist 0F Unknown,00 00 00 00,0
Heartless White Mushroom,xa_ex_2352.mdls,1,6ED68,??? (+68),00 00 00 00,0
Heartless White Mushroom,xa_ex_2352.mdls,2,6ED6C,HP,00 00 00 00,0
Heartless White Mushroom,xa_ex_2352.mdls,2,6ED70,ATK Level,00 00 00 00,0
Heartless White Mushroom,xa_ex_2352.mdls,2,6ED74,DEF Level,00 00 00 00,0
Heartless White Mushroom,xa_ex_2352.mdls,2,6ED78,Min Damage Taken,00 00 00 00,0
Heartless White Mushroom,xa_ex_2352.mdls,2,6ED7C,Max Damage Taken,00 00 00 00,0
Heartless White Mushroom,xa_ex_2352.mdls,2,6ED80,MP Recovery On Hit,0F 00 00 00,15
Heartless White Mushroom,xa_ex_2352.mdls,2,6ED84,Knockback Weight,00 00 00 00,0
Heartless White Mushroom,xa_ex_2352.mdls,2,6ED88,EXP,00 00 00 00,0
Heartless White Mushroom,xa_ex_2352.mdls,2,6ED8C,??? (+20),00 00 00 00,0
Heartless White Mushroom,xa_ex_2352.mdls,2,6ED90,Outgoing Damage Multiplier,00 00 00 00,0
Heartless White Mushroom,xa_ex_2352.mdls,2,6ED94,Resist 00 Unknown,00 00 00 00,0
Heartless White Mushroom,xa_ex_2352.mdls,2,6ED98,Resist 01 Physical,00 00 00 00,0
Heartless White Mushroom,xa_ex_2352.mdls,2,6ED9C,Resist 02 Fire,00 00 00 00,0
Heartless White Mushroom,xa_ex_2352.mdls,2,6EDA0,Resist 03 Blizzard,00 00 00 00,0
Heartless White Mushroom,xa_ex_2352.mdls,2,6EDA4,Resist 04 Thunder,00 00 00 00,0
Heartless White Mushroom,xa_ex_2352.mdls,2,6EDA8,Resist 05 Unknown,00 00 00 00,0
Heartless White Mushroom,xa_ex_2352.mdls,2,6EDAC,Resist 06 Unknown,00 00 00 00,0
Heartless White Mushroom,xa_ex_2352.mdls,2,6EDB0,Resist 07 Unknown,00 00 00 00,0
Heartless White Mushroom,xa_ex_2352.mdls,2,6EDB4,Resist 08 Percent HP,0F 00 00 00,15
Heartless White Mushroom,xa_ex_2352.mdls,2,6EDB8,Resist 09 Stop,00 00 00 00,0
Heartless White Mushroom,xa_ex_2352.mdls,2,6EDBC,Resist 0A Stun,00 00 00 00,0
Heartless White Mushroom,xa_ex_2352.mdls,2,6EDC0,Resist 0B Heal,00 00 00 00,0
Heartless White Mushroom,xa_ex_2352.mdls,2,6EDC4,Resist 0C Unknown,00 00 00 00,0
Heartless White Mushroom,xa_ex_2352.mdls,2,6EDC8,Resist 0D Unknown,00 00 00 00,0
Heartless White Mushroom,xa_ex_2352.mdls,2,6EDCC,Resist 0E Unknown,00 00 00 00,0
Heartless White Mushroom,xa_ex_2352.mdls,2,6EDD0,Resist 0F Unknown,00 00 00 00,0
Heartless White Mushroom,xa_ex_2352.mdls,2,6EDD4,??? (+68),00 00 00 00,0
Heartless White Mushroom,xa_ex_2352.mdls,3,6EDD8,HP,00 00 00 00,0
Heartless White Mushroom,xa_ex_2352.mdls,3,6EDDC,ATK Level,00 00 00 00,0
Heartless White Mushroom,xa_ex_2352.mdls,3,6EDE0,DEF Level,00 00 00 00,0
Heartless White Mushroom,xa_ex_2352.mdls,3,6EDE4,Min Damage Taken,00 00 00 00,0
Heartless White Mushroom,xa_ex_2352.mdls,3,6EDE8,Max Damage Taken,0F 00 00 00,15
Heartless White Mushroom,xa_ex_2352.mdls,3,6EDEC,MP Recovery On Hit,00 00 00 00,0
Heartless White Mushroom,xa_ex_2352.mdls,3,6EDF0,Knockback Weight,00 00 00 00,0
Heartless White Mushroom,xa_ex_2352.mdls,3,6EDF4,EXP,00 00 00 00,0
Heartless White Mushroom,xa_ex_2352.mdls,3,6EDF8,??? (+20),00 00 00 00,0
Heartless White Mushroom,xa_ex_2352.mdls,3,6EDFC,Outgoing Damage Multiplier,00 00 00 00,0
Heartless White Mushroom,xa_ex_2352.mdls,3,6EE00,Resist 00 Unknown,00 00 00 00,0
Heartless White Mushroom,xa_ex_2352.mdls,3,6EE04,Resist 01 Physical,00 00 00 00,0
Heartless White Mushroom,xa_ex_2352.mdls,3,6EE08,Resist 02 Fire,00 00 00 00,0
Heartless White Mushroom,xa_ex_2352.mdls,3,6EE0C,Resist 03 Blizzard,00 00 00 00,0
Heartless White Mushroom,xa_ex_2352.mdls,3,6EE10,Resist 04 Thunder,00 00 00 00,0
Heartless White Mushroom,xa_ex_2352.mdls,3,6EE14,Resist 05 Unknown,00 00 00 00,0
Heartless White Mushroom,xa_ex_2352.mdls,3,6EE18,Resist 06 Unknown,00 00 00 00,0
Heartless White Mushroom,xa_ex_2352.mdls,3,6EE1C,Resist 07 Unknown,0F 00 00 00,15
Heartless White Mushroom,xa_ex_2352.mdls,3,6EE20,Resist 08 Percent HP,00 00 00 00,0
Heartless White Mushroom,xa_ex_2352.mdls,3,6EE24,Resist 09 Stop,00 00 00 00,0
Heartless White Mushroom,xa_ex_2352.mdls,3,6EE28,Resist 0A Stun,00 00 00 00,0
Heartless White Mushroom,xa_ex_2352.mdls,3,6EE2C,Resist 0B Heal,00 00 00 00,0
Heartless White Mushroom,xa_ex_2352.mdls,3,6EE30,Resist 0C Unknown,00 00 00 00,0
Heartless White Mushroom,xa_ex_2352.mdls,3,6EE34,Resist 0D Unknown,00 00 00 00,0
Heartless White Mushroom,xa_ex_2352.mdls,3,6EE38,Resist 0E Unknown,00 00 00 00,0
Heartless White Mushroom,xa_ex_2352.mdls,3,6EE3C,Resist 0F Unknown,00 00 00 00,0
Heartless White Mushroom,xa_ex_2352.mdls,3,6EE40,??? (+68),00 00 00 00,0
Heartless White Mushroom,xa_ex_2352.mdls,4,6EE44,HP,00 00 00 00,0
Heartless White Mushroom,xa_ex_2352.mdls,4,6EE48,ATK Level,00 00 00 00,0
Heartless White Mushroom,xa_ex_2352.mdls,4,6EE4C,DEF Level,00 00 00 00,0
Heartless White Mushroom,xa_ex_2352.mdls,4,6EE50,Min Damage Taken,0F 00 00 00,15
Heartless White Mushroom,xa_ex_2352.mdls,4,6EE54,Max Damage Taken,00 00 00 00,0
Heartless White Mushroom,xa_ex_2352.mdls,4,6EE58,MP Recovery On Hit,00 00 00 00,0
Heartless White Mushroom,xa_ex_2352.mdls,4,6EE5C,Knockback Weight,00 00 00 00,0
Heartless White Mushroom,xa_ex_2352.mdls,4,6EE60,EXP,00 00 00 00,0
Heartless White Mushroom,xa_ex_2352.mdls,4,6EE64,??? (+20),00 00 00 00,0
Heartless White Mushroom,xa_ex_2352.mdls,4,6EE68,Outgoing Damage Multiplier,00 00 00 00,0
Heartless White Mushroom,xa_ex_2352.mdls,4,6EE6C,Resist 00 Unknown,00 00 00 00,0
Heartless White Mushroom,xa_ex_2352.mdls,4,6EE70,Resist 01 Physical,00 00 00 00,0
Heartless White Mushroom,xa_ex_2352.mdls,4,6EE74,Resist 02 Fire,00 00 00 00,0
Heartless White Mushroom,xa_ex_2352.mdls,4,6EE78,Resist 03 Blizzard,00 00 00 00,0
Heartless White Mushroom,xa_ex_2352.mdls,4,6EE7C,Resist 04 Thunder,00 00 00 00,0
Heartless White Mushroom,xa_ex_2352.mdls,4,6EE80,Resist 05 Unknown,00 00 00 00,0
Heartless White Mushroom,xa_ex_2352.mdls,4,6EE84,Resist 06 Unknown,0F 00 00 00,15
Heartless White Mushroom,xa_ex_2352.mdls,4,6EE88,Resist 07 Unknown,00 00 00 00,0
Heartless White Mushroom,xa_ex_2352.mdls,4,6EE8C,Resist 08 Percent HP,00 00 00 00,0
Heartless White Mushroom,xa_ex_2352.mdls,4,6EE90,Resist 09 Stop,00 00 00 00,0
Heartless White Mushroom,xa_ex_2352.mdls,4,6EE94,Resist 0A Stun,00 00 00 00,0
Heartless White Mushroom,xa_ex_2352.mdls,4,6EE98,Resist 0B Heal,00 00 00 00,0
Heartless White Mushroom,xa_ex_2352.mdls,4,6EE9C,Resist 0C Unknown,00 00 00 00,0
Heartless White Mushroom,xa_ex_2352.mdls,4,6EEA0,Resist 0D Unknown,14 00 00 00,20
Heartless White Mushroom,xa_ex_2352.mdls,4,6EEA4,Resist 0E Unknown,00 00 00 00,0
Heartless White Mushroom,xa_ex_2352.mdls,4,6EEA8,Resist 0F Unknown,18 00 00 00,24
Heartless White Mushroom,xa_ex_2352.mdls,4,6EEAC,??? (+68),18 00 00 00,24
Heartless Black Fungi,xa_ex_2380.mdls,0,7C194,HP,12 00 00 00,18
Heartless Black Fungi,xa_ex_2380.mdls,0,7C198,ATK Level,09 00 00 00,9
Heartless Black Fungi,xa_ex_2380.mdls,0,7C19C,DEF Level,09 00 00 00,9
Heartless Black Fungi,xa_ex_2380.mdls,0,7C1A0,Min Damage Taken,02 00 00 00,2
Heartless Black Fungi,xa_ex_2380.mdls,0,7C1A4,Max Damage Taken,02 00 00 00,2
Heartless Black Fungi,xa_ex_2380.mdls,0,7C1A8,MP Recovery On Hit,64 00 00 00,100
Heartless Black Fungi,xa_ex_2380.mdls,0,7C1AC,Knockback Weight,00 00 80 3F,1
Heartless Black Fungi,xa_ex_2380.mdls,0,7C1B0,EXP,60 00 00 00,96
Heartless Black Fungi,xa_ex_2380.mdls,0,7C1B4,??? (+20),51 14 00 00,5201
Heartless Black Fungi,xa_ex_2380.mdls,0,7C1B8,Outgoing Damage Multiplier,00 00 80 3F,1
Heartless Black Fungi,xa_ex_2380.mdls,0,7C1BC,Resist 00 Unknown,64 00 00 00,100
Heartless Black Fungi,xa_ex_2380.mdls,0,7C1C0,Resist 01 Physical,64 00 00 00,100
Heartless Black Fungi,xa_ex_2380.mdls,0,7C1C4,Resist 02 Fire,64 00 00 00,100
Heartless Black Fungi,xa_ex_2380.mdls,0,7C1C8,Resist 03 Blizzard,64 00 00 00,100
Heartless Black Fungi,xa_ex_2380.mdls,0,7C1CC,Resist 04 Thunder,64 00 00 00,100
Heartless Black Fungi,xa_ex_2380.mdls,0,7C1D0,Resist 05 Unknown,64 00 00 00,100
Heartless Black Fungi,xa_ex_2380.mdls,0,7C1D4,Resist 06 Unknown,64 00 00 00,100
Heartless Black Fungi,xa_ex_2380.mdls,0,7C1D8,Resist 07 Unknown,64 00 00 00,100
Heartless Black Fungi,xa_ex_2380.mdls,0,7C1DC,Resist 08 Percent HP,64 00 00 00,100
Heartless Black Fungi,xa_ex_2380.mdls,0,7C1E0,Resist 09 Stop,64 00 00 00,100
Heartless Black Fungi,xa_ex_2380.mdls,0,7C1E4,Resist 0A Stun,64 00 00 00,100
Heartless Black Fungi,xa_ex_2380.mdls,0,7C1E8,Resist 0B Heal,64 00 00 00,100
Heartless Black Fungi,xa_ex_2380.mdls,0,7C1EC,Resist 0C Unknown,64 00 00 00,100
Heartless Black Fungi,xa_ex_2380.mdls,0,7C1F0,Resist 0D Unknown,64 00 00 00,100
Heartless Black Fungi,xa_ex_2380.mdls,0,7C1F4,Resist 0E Unknown,64 00 00 00,100
Heartless Black Fungi,xa_ex_2380.mdls,0,7C1F8,Resist 0F Unknown,64 00 00 00,100
Heartless Black Fungi,xa_ex_2380.mdls,0,7C1FC,??? (+68),00 00 00 00,0
Heartless Mushroom (Halloween Town),xa_ex_2381.mdls,0,7C194,HP,12 00 00 00,18
Heartless Mushroom (Halloween Town),xa_ex_2381.mdls,0,7C198,ATK Level,09 00 00 00,9
Heartless Mushroom (Halloween Town),xa_ex_2381.mdls,0,7C19C,DEF Level,09 00 00 00,9
Heartless Mushroom (Halloween Town),xa_ex_2381.mdls,0,7C1A0,Min Damage Taken,02 00 00 00,2
Heartless Mushroom (Halloween Town),xa_ex_2381.mdls,0,7C1A4,Max Damage Taken,02 00 00 00,2
Heartless Mushroom (Halloween Town),xa_ex_2381.mdls,0,7C1A8,MP Recovery On Hit,64 00 00 00,100
Heartless Mushroom (Halloween Town),xa_ex_2381.mdls,0,7C1AC,Knockback Weight,00 00 80 3F,1
Heartless Mushroom (Halloween Town),xa_ex_2381.mdls,0,7C1B0,EXP,60 00 00 00,96
Heartless Mushroom (Halloween Town),xa_ex_2381.mdls,0,7C1B4,??? (+20),51 14 00 00,5201
Heartless Mushroom (Halloween Town),xa_ex_2381.mdls,0,7C1B8,Outgoing Damage Multiplier,00 00 80 3F,1
Heartless Mushroom (Halloween Town),xa_ex_2381.mdls,0,7C1BC,Resist 00 Unknown,64 00 00 00,100
Heartless Mushroom (Halloween Town),xa_ex_2381.mdls,0,7C1C0,Resist 01 Physical,64 00 00 00,100
Heartless Mushroom (Halloween Town),xa_ex_2381.mdls,0,7C1C4,Resist 02 Fire,64 00 00 00,100
Heartless Mushroom (Halloween Town),xa_ex_2381.mdls,0,7C1C8,Resist 03 Blizzard,64 00 00 00,100
Heartless Mushroom (Halloween Town),xa_ex_2381.mdls,0,7C1CC,Resist 04 Thunder,64 00 00 00,100
Heartless Mushroom (Halloween Town),xa_ex_2381.mdls,0,7C1D0,Resist 05 Unknown,64 00 00 00,100
Heartless Mushroom (Halloween Town),xa_ex_2381.mdls,0,7C1D4,Resist 06 Unknown,64 00 00 00,100
Heartless Mushroom (Halloween Town),xa_ex_2381.mdls,0,7C1D8,Resist 07 Unknown,64 00 00 00,100
Heartless Mushroom (Halloween Town),xa_ex_2381.mdls,0,7C1DC,Resist 08 Percent HP,64 00 00 00,100
Heartless Mushroom (Halloween Town),xa_ex_2381.mdls,0,7C1E0,Resist 09 Stop,64 00 00 00,100
Heartless Mushroom (Halloween Town),xa_ex_2381.mdls,0,7C1E4,Resist 0A Stun,64 00 00 00,100
Heartless Mushroom (Halloween Town),xa_ex_2381.mdls,0,7C1E8,Resist 0B Heal,64 00 00 00,100
Heartless Mushroom (Halloween Town),xa_ex_2381.mdls,0,7C1EC,Resist 0C Unknown,64 00 00 00,100
Heartless Mushroom (Halloween Town),xa_ex_2381.mdls,0,7C1F0,Resist 0D Unknown,64 00 00 00,100
Heartless Mushroom (Halloween Town),xa_ex_2381.mdls,0,7C1F4,Resist 0E Unknown,64 00 00 00,100
Heartless Mushroom (Halloween Town),xa_ex_2381.mdls,0,7C1F8,Resist 0F Unknown,64 00 00 00,100
Heartless Mushroom (Halloween Town),xa_ex_2381.mdls,0,7C1FC,??? (+68),00 00 00 00,0
Heartless Rare Truffles,xa_ex_2390.mdls,0,68094,HP,C8 00 00 00,200
Heartless Rare Truffles,xa_ex_2390.mdls,0,68098,ATK Level,0A 00 00 00,10
Heartless Rare Truffles,xa_ex_2390.mdls,0,6809C,DEF Level,0A 00 00 00,10
Heartless Rare Truffles,xa_ex_2390.mdls,0,680A0,Min Damage Taken,02 00 00 00,2
Heartless Rare Truffles,xa_ex_2390.mdls,0,680A4,Max Damage Taken,02 00 00 00,2
Heartless Rare Truffles,xa_ex_2390.mdls,0,680A8,MP Recovery On Hit,64 00 00 00,100
Heartless Rare Truffles,xa_ex_2390.mdls,0,680AC,Knockback Weight,00 00 80 3F,1
Heartless Rare Truffles,xa_ex_2390.mdls,0,680B0,EXP,00 00 00 00,0
Heartless Rare Truffles,xa_ex_2390.mdls,0,680B4,??? (+20),55 14 00 00,5205
Heartless Rare Truffles,xa_ex_2390.mdls,0,680B8,Outgoing Damage Multiplier,00 00 80 3F,1
Heartless Rare Truffles,xa_ex_2390.mdls,0,680BC,Resist 00 Unknown,64 00 00 00,100
Heartless Rare Truffles,xa_ex_2390.mdls,0,680C0,Resist 01 Physical,64 00 00 00,100
Heartless Rare Truffles,xa_ex_2390.mdls,0,680C4,Resist 02 Fire,64 00 00 00,100
Heartless Rare Truffles,xa_ex_2390.mdls,0,680C8,Resist 03 Blizzard,64 00 00 00,100
Heartless Rare Truffles,xa_ex_2390.mdls,0,680CC,Resist 04 Thunder,64 00 00 00,100
Heartless Rare Truffles,xa_ex_2390.mdls,0,680D0,Resist 05 Unknown,64 00 00 00,100
Heartless Rare Truffles,xa_ex_2390.mdls,0,680D4,Resist 06 Unknown,64 00 00 00,100
Heartless Rare Truffles,xa_ex_2390.mdls,0,680D8,Resist 07 Unknown,64 00 00 00,100
Heartless Rare Truffles,xa_ex_2390.mdls,0,680DC,Resist 08 Percent HP,64 00 00 00,100
Heartless Rare Truffles,xa_ex_2390.mdls,0,680E0,Resist 09 Stop,64 00 00 00,100
Heartless Rare Truffles,xa_ex_2390.mdls,0,680E4,Resist 0A Stun,64 00 00 00,100
Heartless Rare Truffles,xa_ex_2390.mdls,0,680E8,Resist 0B Heal,64 00 00 00,100
Heartless Rare Truffles,xa_ex_2390.mdls,0,680EC,Resist 0C Unknown,64 00 00 00,100
Heartless Rare Truffles,xa_ex_2390.mdls,0,680F0,Resist 0D Unknown,64 00 00 00,100
Heartless Rare Truffles,xa_ex_2390.mdls,0,680F4,Resist 0E Unknown,64 00 00 00,100
Heartless Rare Truffles,xa_ex_2390.mdls,0,680F8,Resist 0F Unknown,64 00 00 00,100
Heartless Rare Truffles,xa_ex_2390.mdls,0,680FC,??? (+68),01 00 00 00,1
Heartless Rare Truffles (Halloween Town),xa_ex_2391.mdls,0,68094,HP,C8 00 00 00,200
Heartless Rare Truffles (Halloween Town),xa_ex_2391.mdls,0,68098,ATK Level,0A 00 00 00,10
Heartless Rare Truffles (Halloween Town),xa_ex_2391.mdls,0,6809C,DEF Level,0A 00 00 00,10
Heartless Rare Truffles (Halloween Town),xa_ex_2391.mdls,0,680A0,Min Damage Taken,02 00 00 00,2
Heartless Rare Truffles (Halloween Town),xa_ex_2391.mdls,0,680A4,Max Damage Taken,02 00 00 00,2
Heartless Rare Truffles (Halloween Town),xa_ex_2391.mdls,0,680A8,MP Recovery On Hit,64 00 00 00,100
Heartless Rare Truffles (Halloween Town),xa_ex_2391.mdls,0,680AC,Knockback Weight,00 00 80 3F,1
Heartless Rare Truffles (Halloween Town),xa_ex_2391.mdls,0,680B0,EXP,00 00 00 00,0
Heartless Rare Truffles (Halloween Town),xa_ex_2391.mdls,0,680B4,??? (+20),55 14 00 00,5205
Heartless Rare Truffles (Halloween Town),xa_ex_2391.mdls,0,680B8,Outgoing Damage Multiplier,00 00 80 3F,1
Heartless Rare Truffles (Halloween Town),xa_ex_2391.mdls,0,680BC,Resist 00 Unknown,64 00 00 00,100
Heartless Rare Truffles (Halloween Town),xa_ex_2391.mdls,0,680C0,Resist 01 Physical,64 00 00 00,100
Heartless Rare Truffles (Halloween Town),xa_ex_2391.mdls,0,680C4,Resist 02 Fire,64 00 00 00,100
Heartless Rare Truffles (Halloween Town),xa_ex_2391.mdls,0,680C8,Resist 03 Blizzard,64 00 00 00,100
Heartless Rare Truffles (Halloween Town),xa_ex_2391.mdls,0,680CC,Resist 04 Thunder,64 00 00 00,100
Heartless Rare Truffles (Halloween Town),xa_ex_2391.mdls,0,680D0,Resist 05 Unknown,64 00 00 00,100
Heartless Rare Truffles (Halloween Town),xa_ex_2391.mdls,0,680D4,Resist 06 Unknown,64 00 00 00,100
Heartless Rare Truffles (Halloween Town),xa_ex_2391.mdls,0,680D8,Resist 07 Unknown,64 00 00 00,100
Heartless Rare Truffles (Halloween Town),xa_ex_2391.mdls,0,680DC,Resist 08 Percent HP,64 00 00 00,100
Heartless Rare Truffles (Halloween Town),xa_ex_2391.mdls,0,680E0,Resist 09 Stop,64 00 00 00,100
Heartless Rare Truffles (Halloween Town),xa_ex_2391.mdls,0,680E4,Resist 0A Stun,64 00 00 00,100
Heartless Rare Truffles (Halloween Town),xa_ex_2391.mdls,0,680E8,Resist 0B Heal,64 00 00 00,100
Heartless Rare Truffles (Halloween Town),xa_ex_2391.mdls,0,680EC,Resist 0C Unknown,64 00 00 00,100
Heartless Rare Truffles (Halloween Town),xa_ex_2391.mdls,0,680F0,Resist 0D Unknown,64 00 00 00,100
Heartless Rare Truffles (Halloween Town),xa_ex_2391.mdls,0,680F4,Resist 0E Unknown,64 00 00 00,100
Heartless Rare Truffles (Halloween Town),xa_ex_2391.mdls,0,680F8,Resist 0F Unknown,64 00 00 00,100
Heartless Rare Truffles (Halloween Town),xa_ex_2391.mdls,0,680FC,??? (+68),01 00 00 00,1
Heartless Pink Agaricus,xa_ex_2410.mdls,0,8A794,HP,C8 00 00 00,200
Heartless Pink Agaricus,xa_ex_2410.mdls,0,8A798,ATK Level,03 00 00 00,3
Heartless Pink Agaricus,xa_ex_2410.mdls,0,8A79C,DEF Level,03 00 00 00,3
Heartless Pink Agaricus,xa_ex_2410.mdls,0,8A7A0,Min Damage Taken,02 00 00 00,2
Heartless Pink Agaricus,xa_ex_2410.mdls,0,8A7A4,Max Damage Taken,02 00 00 00,2
Heartless Pink Agaricus,xa_ex_2410.mdls,0,8A7A8,MP Recovery On Hit,01 00 00 00,1
Heartless Pink Agaricus,xa_ex_2410.mdls,0,8A7AC,Knockback Weight,00 00 00 00,0
Heartless Pink Agaricus,xa_ex_2410.mdls,0,8A7B0,EXP,00 00 00 00,0
Heartless Pink Agaricus,xa_ex_2410.mdls,0,8A7B4,??? (+20),AA 14 00 00,5290
Heartless Pink Agaricus,xa_ex_2410.mdls,0,8A7B8,Outgoing Damage Multiplier,00 00 80 3F,1
Heartless Pink Agaricus,xa_ex_2410.mdls,0,8A7BC,Resist 00 Unknown,64 00 00 00,100
Heartless Pink Agaricus,xa_ex_2410.mdls,0,8A7C0,Resist 01 Physical,64 00 00 00,100
Heartless Pink Agaricus,xa_ex_2410.mdls,0,8A7C4,Resist 02 Fire,64 00 00 00,100
Heartless Pink Agaricus,xa_ex_2410.mdls,0,8A7C8,Resist 03 Blizzard,64 00 00 00,100
Heartless Pink Agaricus,xa_ex_2410.mdls,0,8A7CC,Resist 04 Thunder,64 00 00 00,100
Heartless Pink Agaricus,xa_ex_2410.mdls,0,8A7D0,Resist 05 Unknown,64 00 00 00,100
Heartless Pink Agaricus,xa_ex_2410.mdls,0,8A7D4,Resist 06 Unknown,64 00 00 00,100
Heartless Pink Agaricus,xa_ex_2410.mdls,0,8A7D8,Resist 07 Unknown,64 00 00 00,100
Heartless Pink Agaricus,xa_ex_2410.mdls,0,8A7DC,Resist 08 Percent HP,64 00 00 00,100
Heartless Pink Agaricus,xa_ex_2410.mdls,0,8A7E0,Resist 09 Stop,64 00 00 00,100
Heartless Pink Agaricus,xa_ex_2410.mdls,0,8A7E4,Resist 0A Stun,64 00 00 00,100
Heartless Pink Agaricus,xa_ex_2410.mdls,0,8A7E8,Resist 0B Heal,64 00 00 00,100
Heartless Pink Agaricus,xa_ex_2410.mdls,0,8A7EC,Resist 0C Unknown,64 00 00 00,100
Heartless Pink Agaricus,xa_ex_2410.mdls,0,8A7F0,Resist 0D Unknown,64 00 00 00,100
Heartless Pink Agaricus,xa_ex_2410.mdls,0,8A7F4,Resist 0E Unknown,64 00 00 00,100
Heartless Pink Agaricus,xa_ex_2410.mdls,0,8A7F8,Resist 0F Unknown,64 00 00 00,100
Heartless Pink Agaricus,xa_ex_2410.mdls,0,8A7FC,??? (+68),1D 03 00 00,797
Heartless Neoshadow,xa_ex_2420.mdls,0,90F94,HP,96 00 00 00,150
Heartless Neoshadow,xa_ex_2420.mdls,0,90F98,ATK Level,12 00 00 00,18
Heartless Neoshadow,xa_ex_2420.mdls,0,90F9C,DEF Level,12 00 00 00,18
Heartless Neoshadow,xa_ex_2420.mdls,0,90FA0,Min Damage Taken,0A 00 00 00,10
Heartless Neoshadow,xa_ex_2420.mdls,0,90FA4,Max Damage Taken,28 00 00 00,40
Heartless Neoshadow,xa_ex_2420.mdls,0,90FA8,MP Recovery On Hit,37 00 00 00,55
Heartless Neoshadow,xa_ex_2420.mdls,0,90FAC,Knockback Weight,00 00 80 3F,1
Heartless Neoshadow,xa_ex_2420.mdls,0,90FB0,EXP,90 01 00 00,400
Heartless Neoshadow,xa_ex_2420.mdls,0,90FB4,??? (+20),AE 14 00 00,5294
Heartless Neoshadow,xa_ex_2420.mdls,0,90FB8,Outgoing Damage Multiplier,00 00 80 3F,1
Heartless Neoshadow,xa_ex_2420.mdls,0,90FBC,Resist 00 Unknown,32 00 00 00,50
Heartless Neoshadow,xa_ex_2420.mdls,0,90FC0,Resist 01 Physical,64 00 00 00,100
Heartless Neoshadow,xa_ex_2420.mdls,0,90FC4,Resist 02 Fire,31 00 00 00,49
Heartless Neoshadow,xa_ex_2420.mdls,0,90FC8,Resist 03 Blizzard,32 00 00 00,50
Heartless Neoshadow,xa_ex_2420.mdls,0,90FCC,Resist 04 Thunder,32 00 00 00,50
Heartless Neoshadow,xa_ex_2420.mdls,0,90FD0,Resist 05 Unknown,64 00 00 00,100
Heartless Neoshadow,xa_ex_2420.mdls,0,90FD4,Resist 06 Unknown,64 00 00 00,100
Heartless Neoshadow,xa_ex_2420.mdls,0,90FD8,Resist 07 Unknown,64 00 00 00,100
Heartless Neoshadow,xa_ex_2420.mdls,0,90FDC,Resist 08 Percent HP,00 00 00 00,0
Heartless Neoshadow,xa_ex_2420.mdls,0,90FE0,Resist 09 Stop,14 00 00 00,20
Heartless Neoshadow,xa_ex_2420.mdls,0,90FE4,Resist 0A Stun,32 00 00 00,50
Heartless Neoshadow,xa_ex_2420.mdls,0,90FE8,Resist 0B Heal,64 00 00 00,100
Heartless Neoshadow,xa_ex_2420.mdls,0,90FEC,Resist 0C Unknown,64 00 00 00,100
Heartless Neoshadow,xa_ex_2420.mdls,0,90FF0,Resist 0D Unknown,64 00 00 00,100
Heartless Neoshadow,xa_ex_2420.mdls,0,90FF4,Resist 0E Unknown,64 00 00 00,100
Heartless Neoshadow,xa_ex_2420.mdls,0,90FF8,Resist 0F Unknown,64 00 00 00,100
Heartless Neoshadow,xa_ex_2420.mdls,0,90FFC,??? (+68),00 01 00 00,256
Heartless Stealth Sneak,xa_ex_2430.mdls,0,74694,HP,B4 00 00 00,180
Heartless Stealth Sneak,xa_ex_2430.mdls,0,74698,ATK Level,10 00 00 00,16
Heartless Stealth Sneak,xa_ex_2430.mdls,0,7469C,DEF Level,10 00 00 00,16
Heartless Stealth Sneak,xa_ex_2430.mdls,0,746A0,Min Damage Taken,03 00 00 00,3
Heartless Stealth Sneak,xa_ex_2430.mdls,0,746A4,Max Damage Taken,12 00 00 00,18
Heartless Stealth Sneak,xa_ex_2430.mdls,0,746A8,MP Recovery On Hit,2C 00 00 00,44
Heartless Stealth Sneak,xa_ex_2430.mdls,0,746AC,Knockback Weight,00 00 80 3F,1
Heartless Stealth Sneak,xa_ex_2430.mdls,0,746B0,EXP,78 00 00 00,120
Heartless Stealth Sneak,xa_ex_2430.mdls,0,746B4,??? (+20),B6 14 00 00,5302
Heartless Stealth Sneak,xa_ex_2430.mdls,0,746B8,Outgoing Damage Multiplier,00 00 80 3F,1
Heartless Stealth Sneak,xa_ex_2430.mdls,0,746BC,Resist 00 Unknown,32 00 00 00,50
Heartless Stealth Sneak,xa_ex_2430.mdls,0,746C0,Resist 01 Physical,64 00 00 00,100
Heartless Stealth Sneak,xa_ex_2430.mdls,0,746C4,Resist 02 Fire,31 00 00 00,49
Heartless Stealth Sneak,xa_ex_2430.mdls,0,746C8,Resist 03 Blizzard,32 00 00 00,50
Heartless Stealth Sneak,xa_ex_2430.mdls,0,746CC,Resist 04 Thunder,0A 00 00 00,10
Heartless Stealth Sneak,xa_ex_2430.mdls,0,746D0,Resist 05 Unknown,64 00 00 00,100
Heartless Stealth Sneak,xa_ex_2430.mdls,0,746D4,Resist 06 Unknown,64 00 00 00,100
Heartless Stealth Sneak,xa_ex_2430.mdls,0,746D8,Resist 07 Unknown,64 00 00 00,100
Heartless Stealth Sneak,xa_ex_2430.mdls,0,746DC,Resist 08 Percent HP,04 00 00 00,4
Heartless Stealth Sneak,xa_ex_2430.mdls,0,746E0,Resist 09 Stop,14 00 00 00,20
Heartless Stealth Sneak,xa_ex_2430.mdls,0,746E4,Resist 0A Stun,32 00 00 00,50
Heartless Stealth Sneak,xa_ex_2430.mdls,0,746E8,Resist 0B Heal,64 00 00 00,100
Heartless Stealth Sneak,xa_ex_2430.mdls,0,746EC,Resist 0C Unknown,64 00 00 00,100
Heartless Stealth Sneak,xa_ex_2430.mdls,0,746F0,Resist 0D Unknown,64 00 00 00,100
Heartless Stealth Sneak,xa_ex_2430.mdls,0,746F4,Resist 0E Unknown,64 00 00 00,100
Heartless Stealth Sneak,xa_ex_2430.mdls,0,746F8,Resist 0F Unknown,64 00 00 00,100
Heartless Stealth Sneak,xa_ex_2430.mdls,0,746FC,??? (+68),01 00 00 00,1
Heartless Stealth Sneak,xa_ex_2430.mdls,1,74700,HP,F0 00 00 00,240
Heartless Stealth Sneak,xa_ex_2430.mdls,1,74704,ATK Level,11 00 00 00,17
Heartless Stealth Sneak,xa_ex_2430.mdls,1,74708,DEF Level,11 00 00 00,17
Heartless Stealth Sneak,xa_ex_2430.mdls,1,7470C,Min Damage Taken,04 00 00 00,4
Heartless Stealth Sneak,xa_ex_2430.mdls,1,74710,Max Damage Taken,18 00 00 00,24
Heartless Stealth Sneak,xa_ex_2430.mdls,1,74714,MP Recovery On Hit,31 00 00 00,49
Heartless Stealth Sneak,xa_ex_2430.mdls,1,74718,Knockback Weight,00 00 80 3F,1
Heartless Stealth Sneak,xa_ex_2430.mdls,1,7471C,EXP,F0 00 00 00,240
Heartless Stealth Sneak,xa_ex_2430.mdls,1,74720,??? (+20),B6 14 00 00,5302
Heartless Stealth Sneak,xa_ex_2430.mdls,1,74724,Outgoing Damage Multiplier,33 33 93 3F,1.15
Heartless Stealth Sneak,xa_ex_2430.mdls,1,74728,Resist 00 Unknown,32 00 00 00,50
Heartless Stealth Sneak,xa_ex_2430.mdls,1,7472C,Resist 01 Physical,64 00 00 00,100
Heartless Stealth Sneak,xa_ex_2430.mdls,1,74730,Resist 02 Fire,31 00 00 00,49
Heartless Stealth Sneak,xa_ex_2430.mdls,1,74734,Resist 03 Blizzard,32 00 00 00,50
Heartless Stealth Sneak,xa_ex_2430.mdls,1,74738,Resist 04 Thunder,0A 00 00 00,10
Heartless Stealth Sneak,xa_ex_2430.mdls,1,7473C,Resist 05 Unknown,64 00 00 00,100
Heartless Stealth Sneak,xa_ex_2430.mdls,1,74740,Resist 06 Unknown,64 00 00 00,100
Heartless Stealth Sneak,xa_ex_2430.mdls,1,74744,Resist 07 Unknown,64 00 00 00,100
Heartless Stealth Sneak,xa_ex_2430.mdls,1,74748,Resist 08 Percent HP,03 00 00 00,3
Heartless Stealth Sneak,xa_ex_2430.mdls,1,7474C,Resist 09 Stop,0F 00 00 00,15
Heartless Stealth Sneak,xa_ex_2430.mdls,1,74750,Resist 0A Stun,32 00 00 00,50
Heartless Stealth Sneak,xa_ex_2430.mdls,1,74754,Resist 0B Heal,64 00 00 00,100
Heartless Stealth Sneak,xa_ex_2430.mdls,1,74758,Resist 0C Unknown,64 00 00 00,100
Heartless Stealth Sneak,xa_ex_2430.mdls,1,7475C,Resist 0D Unknown,64 00 00 00,100
Heartless Stealth Sneak,xa_ex_2430.mdls,1,74760,Resist 0E Unknown,64 00 00 00,100
Heartless Stealth Sneak,xa_ex_2430.mdls,1,74764,Resist 0F Unknown,64 00 00 00,100
Heartless Stealth Sneak,xa_ex_2430.mdls,1,74768,??? (+68),01 00 00 00,1
Heartless Shadow,xa_ex_2440.mdls,0,31594,HP,96 00 00 00,150
Heartless Shadow,xa_ex_2440.mdls,0,31598,ATK Level,04 00 00 00,4
Heartless Shadow,xa_ex_2440.mdls,0,3159C,DEF Level,04 00 00 00,4
Heartless Shadow,xa_ex_2440.mdls,0,315A0,Min Damage Taken,0A 00 00 00,10
Heartless Shadow,xa_ex_2440.mdls,0,315A4,Max Damage Taken,1E 00 00 00,30
Heartless Shadow,xa_ex_2440.mdls,0,315A8,MP Recovery On Hit,0C 00 00 00,12
Heartless Shadow,xa_ex_2440.mdls,0,315AC,Knockback Weight,00 00 80 3F,1
Heartless Shadow,xa_ex_2440.mdls,0,315B0,EXP,01 00 00 00,1
Heartless Shadow,xa_ex_2440.mdls,0,315B4,??? (+20),B2 14 00 00,5298
Heartless Shadow,xa_ex_2440.mdls,0,315B8,Outgoing Damage Multiplier,00 00 80 3F,1
Heartless Shadow,xa_ex_2440.mdls,0,315BC,Resist 00 Unknown,32 00 00 00,50
Heartless Shadow,xa_ex_2440.mdls,0,315C0,Resist 01 Physical,64 00 00 00,100
Heartless Shadow,xa_ex_2440.mdls,0,315C4,Resist 02 Fire,31 00 00 00,49
Heartless Shadow,xa_ex_2440.mdls,0,315C8,Resist 03 Blizzard,32 00 00 00,50
Heartless Shadow,xa_ex_2440.mdls,0,315CC,Resist 04 Thunder,32 00 00 00,50
Heartless Shadow,xa_ex_2440.mdls,0,315D0,Resist 05 Unknown,64 00 00 00,100
Heartless Shadow,xa_ex_2440.mdls,0,315D4,Resist 06 Unknown,64 00 00 00,100
Heartless Shadow,xa_ex_2440.mdls,0,315D8,Resist 07 Unknown,64 00 00 00,100
Heartless Shadow,xa_ex_2440.mdls,0,315DC,Resist 08 Percent HP,04 00 00 00,4
Heartless Shadow,xa_ex_2440.mdls,0,315E0,Resist 09 Stop,1E 00 00 00,30
Heartless Shadow,xa_ex_2440.mdls,0,315E4,Resist 0A Stun,32 00 00 00,50
Heartless Shadow,xa_ex_2440.mdls,0,315E8,Resist 0B Heal,64 00 00 00,100
Heartless Shadow,xa_ex_2440.mdls,0,315EC,Resist 0C Unknown,64 00 00 00,100
Heartless Shadow,xa_ex_2440.mdls,0,315F0,Resist 0D Unknown,64 00 00 00,100
Heartless Shadow,xa_ex_2440.mdls,0,315F4,Resist 0E Unknown,64 00 00 00,100
Heartless Shadow,xa_ex_2440.mdls,0,315F8,Resist 0F Unknown,64 00 00 00,100
Heartless Shadow,xa_ex_2440.mdls,0,315FC,??? (+68),00 00 00 00,0
Heartless Shadow,xa_ex_2440.mdls,1,31600,HP,2C 01 00 00,300
Heartless Shadow,xa_ex_2440.mdls,1,31604,ATK Level,11 00 00 00,17
Heartless Shadow,xa_ex_2440.mdls,1,31608,DEF Level,11 00 00 00,17
Heartless Shadow,xa_ex_2440.mdls,1,3160C,Min Damage Taken,14 00 00 00,20
Heartless Shadow,xa_ex_2440.mdls,1,31610,Max Damage Taken,3C 00 00 00,60
Heartless Shadow,xa_ex_2440.mdls,1,31614,MP Recovery On Hit,31 00 00 00,49
Heartless Shadow,xa_ex_2440.mdls,1,31618,Knockback Weight,00 00 80 3F,1
Heartless Shadow,xa_ex_2440.mdls,1,3161C,EXP,0A 00 00 00,10
Heartless Shadow,xa_ex_2440.mdls,1,31620,??? (+20),B2 14 00 00,5298
Heartless Shadow,xa_ex_2440.mdls,1,31624,Outgoing Damage Multiplier,00 00 20 40,2.5
Heartless Shadow,xa_ex_2440.mdls,1,31628,Resist 00 Unknown,32 00 00 00,50
Heartless Shadow,xa_ex_2440.mdls,1,3162C,Resist 01 Physical,64 00 00 00,100
Heartless Shadow,xa_ex_2440.mdls,1,31630,Resist 02 Fire,31 00 00 00,49
Heartless Shadow,xa_ex_2440.mdls,1,31634,Resist 03 Blizzard,32 00 00 00,50
Heartless Shadow,xa_ex_2440.mdls,1,31638,Resist 04 Thunder,32 00 00 00,50
Heartless Shadow,xa_ex_2440.mdls,1,3163C,Resist 05 Unknown,64 00 00 00,100
Heartless Shadow,xa_ex_2440.mdls,1,31640,Resist 06 Unknown,64 00 00 00,100
Heartless Shadow,xa_ex_2440.mdls,1,31644,Resist 07 Unknown,64 00 00 00,100
Heartless Shadow,xa_ex_2440.mdls,1,31648,Resist 08 Percent HP,03 00 00 00,3
Heartless Shadow,xa_ex_2440.mdls,1,3164C,Resist 09 Stop,14 00 00 00,20
Heartless Shadow,xa_ex_2440.mdls,1,31650,Resist 0A Stun,32 00 00 00,50
Heartless Shadow,xa_ex_2440.mdls,1,31654,Resist 0B Heal,64 00 00 00,100
Heartless Shadow,xa_ex_2440.mdls,1,31658,Resist 0C Unknown,64 00 00 00,100
Heartless Shadow,xa_ex_2440.mdls,1,3165C,Resist 0D Unknown,64 00 00 00,100
Heartless Shadow,xa_ex_2440.mdls,1,31660,Resist 0E Unknown,64 00 00 00,100
Heartless Shadow,xa_ex_2440.mdls,1,31664,Resist 0F Unknown,64 00 00 00,100
Heartless Shadow,xa_ex_2440.mdls,1,31668,??? (+68),00 00 00 00,0
Heartless Sniperwild,xa_ex_2450.mdls,0,95694,HP,1C 00 00 00,28
Heartless Sniperwild,xa_ex_2450.mdls,0,95698,ATK Level,07 00 00 00,7
Heartless Sniperwild,xa_ex_2450.mdls,0,9569C,DEF Level,07 00 00 00,7
Heartless Sniperwild,xa_ex_2450.mdls,0,956A0,Min Damage Taken,05 00 00 00,5
Heartless Sniperwild,xa_ex_2450.mdls,0,956A4,Max Damage Taken,0C 00 00 00,12
Heartless Sniperwild,xa_ex_2450.mdls,0,956A8,MP Recovery On Hit,14 00 00 00,20
Heartless Sniperwild,xa_ex_2450.mdls,0,956AC,Knockback Weight,00 00 80 3F,1
Heartless Sniperwild,xa_ex_2450.mdls,0,956B0,EXP,01 00 00 00,1
Heartless Sniperwild,xa_ex_2450.mdls,0,956B4,??? (+20),95 13 00 00,5013
Heartless Sniperwild,xa_ex_2450.mdls,0,956B8,Outgoing Damage Multiplier,00 00 80 3F,1
Heartless Sniperwild,xa_ex_2450.mdls,0,956BC,Resist 00 Unknown,32 00 00 00,50
Heartless Sniperwild,xa_ex_2450.mdls,0,956C0,Resist 01 Physical,64 00 00 00,100
Heartless Sniperwild,xa_ex_2450.mdls,0,956C4,Resist 02 Fire,31 00 00 00,49
Heartless Sniperwild,xa_ex_2450.mdls,0,956C8,Resist 03 Blizzard,32 00 00 00,50
Heartless Sniperwild,xa_ex_2450.mdls,0,956CC,Resist 04 Thunder,32 00 00 00,50
Heartless Sniperwild,xa_ex_2450.mdls,0,956D0,Resist 05 Unknown,64 00 00 00,100
Heartless Sniperwild,xa_ex_2450.mdls,0,956D4,Resist 06 Unknown,64 00 00 00,100
Heartless Sniperwild,xa_ex_2450.mdls,0,956D8,Resist 07 Unknown,64 00 00 00,100
Heartless Sniperwild,xa_ex_2450.mdls,0,956DC,Resist 08 Percent HP,04 00 00 00,4
Heartless Sniperwild,xa_ex_2450.mdls,0,956E0,Resist 09 Stop,1E 00 00 00,30
Heartless Sniperwild,xa_ex_2450.mdls,0,956E4,Resist 0A Stun,32 00 00 00,50
Heartless Sniperwild,xa_ex_2450.mdls,0,956E8,Resist 0B Heal,64 00 00 00,100
Heartless Sniperwild,xa_ex_2450.mdls,0,956EC,Resist 0C Unknown,64 00 00 00,100
Heartless Sniperwild,xa_ex_2450.mdls,0,956F0,Resist 0D Unknown,64 00 00 00,100
Heartless Sniperwild,xa_ex_2450.mdls,0,956F4,Resist 0E Unknown,64 00 00 00,100
Heartless Sniperwild,xa_ex_2450.mdls,0,956F8,Resist 0F Unknown,64 00 00 00,100
Heartless Sniperwild,xa_ex_2450.mdls,0,956FC,??? (+68),01 00 00 00,1
Heartless Sniperwild,xa_ex_2450.mdls,1,95700,HP,5A 00 00 00,90
Heartless Sniperwild,xa_ex_2450.mdls,1,95704,ATK Level,11 00 00 00,17
Heartless Sniperwild,xa_ex_2450.mdls,1,95708,DEF Level,11 00 00 00,17
Heartless Sniperwild,xa_ex_2450.mdls,1,9570C,Min Damage Taken,0A 00 00 00,10
Heartless Sniperwild,xa_ex_2450.mdls,1,95710,Max Damage Taken,28 00 00 00,40
Heartless Sniperwild,xa_ex_2450.mdls,1,95714,MP Recovery On Hit,31 00 00 00,49
Heartless Sniperwild,xa_ex_2450.mdls,1,95718,Knockback Weight,00 00 80 3F,1
Heartless Sniperwild,xa_ex_2450.mdls,1,9571C,EXP,0A 00 00 00,10
Heartless Sniperwild,xa_ex_2450.mdls,1,95720,??? (+20),95 13 00 00,5013
Heartless Sniperwild,xa_ex_2450.mdls,1,95724,Outgoing Damage Multiplier,00 00 00 40,2
Heartless Sniperwild,xa_ex_2450.mdls,1,95728,Resist 00 Unknown,32 00 00 00,50
Heartless Sniperwild,xa_ex_2450.mdls,1,9572C,Resist 01 Physical,64 00 00 00,100
Heartless Sniperwild,xa_ex_2450.mdls,1,95730,Resist 02 Fire,31 00 00 00,49
Heartless Sniperwild,xa_ex_2450.mdls,1,95734,Resist 03 Blizzard,32 00 00 00,50
Heartless Sniperwild,xa_ex_2450.mdls,1,95738,Resist 04 Thunder,32 00 00 00,50
Heartless Sniperwild,xa_ex_2450.mdls,1,9573C,Resist 05 Unknown,64 00 00 00,100
Heartless Sniperwild,xa_ex_2450.mdls,1,95740,Resist 06 Unknown,64 00 00 00,100
Heartless Sniperwild,xa_ex_2450.mdls,1,95744,Resist 07 Unknown,64 00 00 00,100
Heartless Sniperwild,xa_ex_2450.mdls,1,95748,Resist 08 Percent HP,03 00 00 00,3
Heartless Sniperwild,xa_ex_2450.mdls,1,9574C,Resist 09 Stop,14 00 00 00,20
Heartless Sniperwild,xa_ex_2450.mdls,1,95750,Resist 0A Stun,32 00 00 00,50
Heartless Sniperwild,xa_ex_2450.mdls,1,95754,Resist 0B Heal,64 00 00 00,100
Heartless Sniperwild,xa_ex_2450.mdls,1,95758,Resist 0C Unknown,64 00 00 00,100
Heartless Sniperwild,xa_ex_2450.mdls,1,9575C,Resist 0D Unknown,64 00 00 00,100
Heartless Sniperwild,xa_ex_2450.mdls,1,95760,Resist 0E Unknown,64 00 00 00,100
Heartless Sniperwild,xa_ex_2450.mdls,1,95764,Resist 0F Unknown,64 00 00 00,100
Heartless Sniperwild,xa_ex_2450.mdls,1,95768,??? (+68),01 00 00 00,1
Heartless Black Ballade,xa_ex_2460.mdls,0,38014,HP,50 00 00 00,80
Heartless Black Ballade,xa_ex_2460.mdls,0,38018,ATK Level,06 00 00 00,6
Heartless Black Ballade,xa_ex_2460.mdls,0,3801C,DEF Level,06 00 00 00,6
Heartless Black Ballade,xa_ex_2460.mdls,0,38020,Min Damage Taken,14 00 00 00,20
Heartless Black Ballade,xa_ex_2460.mdls,0,38024,Max Damage Taken,14 00 00 00,20
Heartless Black Ballade,xa_ex_2460.mdls,0,38028,MP Recovery On Hit,11 00 00 00,17
Heartless Black Ballade,xa_ex_2460.mdls,0,3802C,Knockback Weight,00 00 80 3F,1
Heartless Black Ballade,xa_ex_2460.mdls,0,38030,EXP,14 00 00 00,20
Heartless Black Ballade,xa_ex_2460.mdls,0,38034,??? (+20),B1 13 00 00,5041
Heartless Black Ballade,xa_ex_2460.mdls,0,38038,Outgoing Damage Multiplier,00 00 80 3F,1
Heartless Black Ballade,xa_ex_2460.mdls,0,3803C,Resist 00 Unknown,64 00 00 00,100
Heartless Black Ballade,xa_ex_2460.mdls,0,38040,Resist 01 Physical,64 00 00 00,100
Heartless Black Ballade,xa_ex_2460.mdls,0,38044,Resist 02 Fire,64 00 00 00,100
Heartless Black Ballade,xa_ex_2460.mdls,0,38048,Resist 03 Blizzard,64 00 00 00,100
Heartless Black Ballade,xa_ex_2460.mdls,0,3804C,Resist 04 Thunder,64 00 00 00,100
Heartless Black Ballade,xa_ex_2460.mdls,0,38050,Resist 05 Unknown,64 00 00 00,100
Heartless Black Ballade,xa_ex_2460.mdls,0,38054,Resist 06 Unknown,64 00 00 00,100
Heartless Black Ballade,xa_ex_2460.mdls,0,38058,Resist 07 Unknown,64 00 00 00,100
Heartless Black Ballade,xa_ex_2460.mdls,0,3805C,Resist 08 Percent HP,64 00 00 00,100
Heartless Black Ballade,xa_ex_2460.mdls,0,38060,Resist 09 Stop,00 00 00 00,0
Heartless Black Ballade,xa_ex_2460.mdls,0,38064,Resist 0A Stun,64 00 00 00,100
Heartless Black Ballade,xa_ex_2460.mdls,0,38068,Resist 0B Heal,64 00 00 00,100
Heartless Black Ballade,xa_ex_2460.mdls,0,3806C,Resist 0C Unknown,64 00 00 00,100
Heartless Black Ballade,xa_ex_2460.mdls,0,38070,Resist 0D Unknown,64 00 00 00,100
Heartless Black Ballade,xa_ex_2460.mdls,0,38074,Resist 0E Unknown,64 00 00 00,100
Heartless Black Ballade,xa_ex_2460.mdls,0,38078,Resist 0F Unknown,64 00 00 00,100
Heartless Black Ballade,xa_ex_2460.mdls,0,3807C,??? (+68),01 02 00 00,513
Heartless Black Ballade,xa_ex_2460.mdls,1,38080,HP,50 00 00 00,80
Heartless Black Ballade,xa_ex_2460.mdls,1,38084,ATK Level,11 00 00 00,17
Heartless Black Ballade,xa_ex_2460.mdls,1,38088,DEF Level,11 00 00 00,17
Heartless Black Ballade,xa_ex_2460.mdls,1,3808C,Min Damage Taken,14 00 00 00,20
Heartless Black Ballade,xa_ex_2460.mdls,1,38090,Max Damage Taken,14 00 00 00,20
Heartless Black Ballade,xa_ex_2460.mdls,1,38094,MP Recovery On Hit,31 00 00 00,49
Heartless Black Ballade,xa_ex_2460.mdls,1,38098,Knockback Weight,00 00 80 3F,1
Heartless Black Ballade,xa_ex_2460.mdls,1,3809C,EXP,90 01 00 00,400
Heartless Black Ballade,xa_ex_2460.mdls,1,380A0,??? (+20),B1 13 00 00,5041
Heartless Black Ballade,xa_ex_2460.mdls,1,380A4,Outgoing Damage Multiplier,9A 99 D9 3F,1.7
Heartless Black Ballade,xa_ex_2460.mdls,1,380A8,Resist 00 Unknown,64 00 00 00,100
Heartless Black Ballade,xa_ex_2460.mdls,1,380AC,Resist 01 Physical,64 00 00 00,100
Heartless Black Ballade,xa_ex_2460.mdls,1,380B0,Resist 02 Fire,64 00 00 00,100
Heartless Black Ballade,xa_ex_2460.mdls,1,380B4,Resist 03 Blizzard,64 00 00 00,100
Heartless Black Ballade,xa_ex_2460.mdls,1,380B8,Resist 04 Thunder,64 00 00 00,100
Heartless Black Ballade,xa_ex_2460.mdls,1,380BC,Resist 05 Unknown,64 00 00 00,100
Heartless Black Ballade,xa_ex_2460.mdls,1,380C0,Resist 06 Unknown,64 00 00 00,100
Heartless Black Ballade,xa_ex_2460.mdls,1,380C4,Resist 07 Unknown,64 00 00 00,100
Heartless Black Ballade,xa_ex_2460.mdls,1,380C8,Resist 08 Percent HP,64 00 00 00,100
Heartless Black Ballade,xa_ex_2460.mdls,1,380CC,Resist 09 Stop,00 00 00 00,0
Heartless Black Ballade,xa_ex_2460.mdls,1,380D0,Resist 0A Stun,64 00 00 00,100
Heartless Black Ballade,xa_ex_2460.mdls,1,380D4,Resist 0B Heal,64 00 00 00,100
Heartless Black Ballade,xa_ex_2460.mdls,1,380D8,Resist 0C Unknown,64 00 00 00,100
Heartless Black Ballade,xa_ex_2460.mdls,1,380DC,Resist 0D Unknown,64 00 00 00,100
Heartless Black Ballade,xa_ex_2460.mdls,1,380E0,Resist 0E Unknown,64 00 00 00,100
Heartless Black Ballade,xa_ex_2460.mdls,1,380E4,Resist 0F Unknown,64 00 00 00,100
Heartless Black Ballade,xa_ex_2460.mdls,1,380E8,??? (+68),01 02 00 00,513
Heartless Grand Ghost,xa_ex_2470.mdls,0,70094,HP,2C 01 00 00,300
Heartless Grand Ghost,xa_ex_2470.mdls,0,70098,ATK Level,0A 00 00 00,10
Heartless Grand Ghost,xa_ex_2470.mdls,0,7009C,DEF Level,0A 00 00 00,10
Heartless Grand Ghost,xa_ex_2470.mdls,0,700A0,Min Damage Taken,02 00 00 00,2
Heartless Grand Ghost,xa_ex_2470.mdls,0,700A4,Max Damage Taken,64 00 00 00,100
Heartless Grand Ghost,xa_ex_2470.mdls,0,700A8,MP Recovery On Hit,1D 00 00 00,29
Heartless Grand Ghost,xa_ex_2470.mdls,0,700AC,Knockback Weight,00 00 80 3F,1
Heartless Grand Ghost,xa_ex_2470.mdls,0,700B0,EXP,64 00 00 00,100
Heartless Grand Ghost,xa_ex_2470.mdls,0,700B4,??? (+20),BA 14 00 00,5306
Heartless Grand Ghost,xa_ex_2470.mdls,0,700B8,Outgoing Damage Multiplier,00 00 80 3F,1
Heartless Grand Ghost,xa_ex_2470.mdls,0,700BC,Resist 00 Unknown,64 00 00 00,100
Heartless Grand Ghost,xa_ex_2470.mdls,0,700C0,Resist 01 Physical,00 00 00 00,0
Heartless Grand Ghost,xa_ex_2470.mdls,0,700C4,Resist 02 Fire,00 00 00 00,0
Heartless Grand Ghost,xa_ex_2470.mdls,0,700C8,Resist 03 Blizzard,00 00 00 00,0
Heartless Grand Ghost,xa_ex_2470.mdls,0,700CC,Resist 04 Thunder,00 00 00 00,0
Heartless Grand Ghost,xa_ex_2470.mdls,0,700D0,Resist 05 Unknown,00 00 00 00,0
Heartless Grand Ghost,xa_ex_2470.mdls,0,700D4,Resist 06 Unknown,64 00 00 00,100
Heartless Grand Ghost,xa_ex_2470.mdls,0,700D8,Resist 07 Unknown,64 00 00 00,100
Heartless Grand Ghost,xa_ex_2470.mdls,0,700DC,Resist 08 Percent HP,00 00 00 00,0
Heartless Grand Ghost,xa_ex_2470.mdls,0,700E0,Resist 09 Stop,00 00 00 00,0
Heartless Grand Ghost,xa_ex_2470.mdls,0,700E4,Resist 0A Stun,00 00 00 00,0
Heartless Grand Ghost,xa_ex_2470.mdls,0,700E8,Resist 0B Heal,64 00 00 00,100
Heartless Grand Ghost,xa_ex_2470.mdls,0,700EC,Resist 0C Unknown,64 00 00 00,100
Heartless Grand Ghost,xa_ex_2470.mdls,0,700F0,Resist 0D Unknown,64 00 00 00,100
Heartless Grand Ghost,xa_ex_2470.mdls,0,700F4,Resist 0E Unknown,64 00 00 00,100
Heartless Grand Ghost,xa_ex_2470.mdls,0,700F8,Resist 0F Unknown,64 00 00 00,100
Heartless Grand Ghost,xa_ex_2470.mdls,0,700FC,??? (+68),3D 00 00 00,61
Heartless Grand Ghost,xa_ex_2470.mdls,1,70100,HP,2C 01 00 00,300
Heartless Grand Ghost,xa_ex_2470.mdls,1,70104,ATK Level,11 00 00 00,17
Heartless Grand Ghost,xa_ex_2470.mdls,1,70108,DEF Level,11 00 00 00,17
Heartless Grand Ghost,xa_ex_2470.mdls,1,7010C,Min Damage Taken,02 00 00 00,2
Heartless Grand Ghost,xa_ex_2470.mdls,1,70110,Max Damage Taken,64 00 00 00,100
Heartless Grand Ghost,xa_ex_2470.mdls,1,70114,MP Recovery On Hit,31 00 00 00,49
Heartless Grand Ghost,xa_ex_2470.mdls,1,70118,Knockback Weight,00 00 80 3F,1
Heartless Grand Ghost,xa_ex_2470.mdls,1,7011C,EXP,90 01 00 00,400
Heartless Grand Ghost,xa_ex_2470.mdls,1,70120,??? (+20),BA 14 00 00,5306
Heartless Grand Ghost,xa_ex_2470.mdls,1,70124,Outgoing Damage Multiplier,9A 99 D9 3F,1.7
Heartless Grand Ghost,xa_ex_2470.mdls,1,70128,Resist 00 Unknown,64 00 00 00,100
Heartless Grand Ghost,xa_ex_2470.mdls,1,7012C,Resist 01 Physical,00 00 00 00,0
Heartless Grand Ghost,xa_ex_2470.mdls,1,70130,Resist 02 Fire,00 00 00 00,0
Heartless Grand Ghost,xa_ex_2470.mdls,1,70134,Resist 03 Blizzard,00 00 00 00,0
Heartless Grand Ghost,xa_ex_2470.mdls,1,70138,Resist 04 Thunder,00 00 00 00,0
Heartless Grand Ghost,xa_ex_2470.mdls,1,7013C,Resist 05 Unknown,00 00 00 00,0
Heartless Grand Ghost,xa_ex_2470.mdls,1,70140,Resist 06 Unknown,64 00 00 00,100
Heartless Grand Ghost,xa_ex_2470.mdls,1,70144,Resist 07 Unknown,64 00 00 00,100
Heartless Grand Ghost,xa_ex_2470.mdls,1,70148,Resist 08 Percent HP,00 00 00 00,0
Heartless Grand Ghost,xa_ex_2470.mdls,1,7014C,Resist 09 Stop,00 00 00 00,0
Heartless Grand Ghost,xa_ex_2470.mdls,1,70150,Resist 0A Stun,00 00 00 00,0
Heartless Grand Ghost,xa_ex_2470.mdls,1,70154,Resist 0B Heal,64 00 00 00,100
Heartless Grand Ghost,xa_ex_2470.mdls,1,70158,Resist 0C Unknown,64 00 00 00,100
Heartless Grand Ghost,xa_ex_2470.mdls,1,7015C,Resist 0D Unknown,64 00 00 00,100
Heartless Grand Ghost,xa_ex_2470.mdls,1,70160,Resist 0E Unknown,64 00 00 00,100
Heartless Grand Ghost,xa_ex_2470.mdls,1,70164,Resist 0F Unknown,64 00 00 00,100
Heartless Grand Ghost,xa_ex_2470.mdls,1,70168,??? (+68),3D 00 00 00,61
Heartless Jet Balloon,xa_ex_2480.mdls,0,EBF94,HP,F0 00 00 00,240
Heartless Jet Balloon,xa_ex_2480.mdls,0,EBF98,ATK Level,0E 00 00 00,14
Heartless Jet Balloon,xa_ex_2480.mdls,0,EBF9C,DEF Level,0E 00 00 00,14
Heartless Jet Balloon,xa_ex_2480.mdls,0,EBFA0,Min Damage Taken,02 00 00 00,2
Heartless Jet Balloon,xa_ex_2480.mdls,0,EBFA4,Max Damage Taken,1E 00 00 00,30
Heartless Jet Balloon,xa_ex_2480.mdls,0,EBFA8,MP Recovery On Hit,28 00 00 00,40
Heartless Jet Balloon,xa_ex_2480.mdls,0,EBFAC,Knockback Weight,00 00 80 3F,1
Heartless Jet Balloon,xa_ex_2480.mdls,0,EBFB0,EXP,64 00 00 00,100
Heartless Jet Balloon,xa_ex_2480.mdls,0,EBFB4,??? (+20),45 14 00 00,5189
Heartless Jet Balloon,xa_ex_2480.mdls,0,EBFB8,Outgoing Damage Multiplier,00 00 80 3F,1
Heartless Jet Balloon,xa_ex_2480.mdls,0,EBFBC,Resist 00 Unknown,19 00 00 00,25
Heartless Jet Balloon,xa_ex_2480.mdls,0,EBFC0,Resist 01 Physical,64 00 00 00,100
Heartless Jet Balloon,xa_ex_2480.mdls,0,EBFC4,Resist 02 Fire,19 00 00 00,25
Heartless Jet Balloon,xa_ex_2480.mdls,0,EBFC8,Resist 03 Blizzard,19 00 00 00,25
Heartless Jet Balloon,xa_ex_2480.mdls,0,EBFCC,Resist 04 Thunder,19 00 00 00,25
Heartless Jet Balloon,xa_ex_2480.mdls,0,EBFD0,Resist 05 Unknown,64 00 00 00,100
Heartless Jet Balloon,xa_ex_2480.mdls,0,EBFD4,Resist 06 Unknown,64 00 00 00,100
Heartless Jet Balloon,xa_ex_2480.mdls,0,EBFD8,Resist 07 Unknown,64 00 00 00,100
Heartless Jet Balloon,xa_ex_2480.mdls,0,EBFDC,Resist 08 Percent HP,0A 00 00 00,10
Heartless Jet Balloon,xa_ex_2480.mdls,0,EBFE0,Resist 09 Stop,0F 00 00 00,15
Heartless Jet Balloon,xa_ex_2480.mdls,0,EBFE4,Resist 0A Stun,19 00 00 00,25
Heartless Jet Balloon,xa_ex_2480.mdls,0,EBFE8,Resist 0B Heal,64 00 00 00,100
Heartless Jet Balloon,xa_ex_2480.mdls,0,EBFEC,Resist 0C Unknown,64 00 00 00,100
Heartless Jet Balloon,xa_ex_2480.mdls,0,EBFF0,Resist 0D Unknown,64 00 00 00,100
Heartless Jet Balloon,xa_ex_2480.mdls,0,EBFF4,Resist 0E Unknown,64 00 00 00,100
Heartless Jet Balloon,xa_ex_2480.mdls,0,EBFF8,Resist 0F Unknown,64 00 00 00,100
Heartless Jet Balloon,xa_ex_2480.mdls,0,EBFFC,??? (+68),00 00 00 00,0
Heartless Jet Balloon,xa_ex_2480.mdls,1,EC000,HP,F0 00 00 00,240
Heartless Jet Balloon,xa_ex_2480.mdls,1,EC004,ATK Level,11 00 00 00,17
Heartless Jet Balloon,xa_ex_2480.mdls,1,EC008,DEF Level,11 00 00 00,17
Heartless Jet Balloon,xa_ex_2480.mdls,1,EC00C,Min Damage Taken,02 00 00 00,2
Heartless Jet Balloon,xa_ex_2480.mdls,1,EC010,Max Damage Taken,1E 00 00 00,30
Heartless Jet Balloon,xa_ex_2480.mdls,1,EC014,MP Recovery On Hit,31 00 00 00,49
Heartless Jet Balloon,xa_ex_2480.mdls,1,EC018,Knockback Weight,00 00 80 3F,1
Heartless Jet Balloon,xa_ex_2480.mdls,1,EC01C,EXP,F0 00 00 00,240
Heartless Jet Balloon,xa_ex_2480.mdls,1,EC020,??? (+20),45 14 00 00,5189
Heartless Jet Balloon,xa_ex_2480.mdls,1,EC024,Outgoing Damage Multiplier,00 00 80 3F,1
Heartless Jet Balloon,xa_ex_2480.mdls,1,EC028,Resist 00 Unknown,19 00 00 00,25
Heartless Jet Balloon,xa_ex_2480.mdls,1,EC02C,Resist 01 Physical,64 00 00 00,100
Heartless Jet Balloon,xa_ex_2480.mdls,1,EC030,Resist 02 Fire,19 00 00 00,25
Heartless Jet Balloon,xa_ex_2480.mdls,1,EC034,Resist 03 Blizzard,19 00 00 00,25
Heartless Jet Balloon,xa_ex_2480.mdls,1,EC038,Resist 04 Thunder,19 00 00 00,25
Heartless Jet Balloon,xa_ex_2480.mdls,1,EC03C,Resist 05 Unknown,64 00 00 00,100
Heartless Jet Balloon,xa_ex_2480.mdls,1,EC040,Resist 06 Unknown,64 00 00 00,100
Heartless Jet Balloon,xa_ex_2480.mdls,1,EC044,Resist 07 Unknown,64 00 00 00,100
Heartless Jet Balloon,xa_ex_2480.mdls,1,EC048,Resist 08 Percent HP,0A 00 00 00,10
Heartless Jet Balloon,xa_ex_2480.mdls,1,EC04C,Resist 09 Stop,0A 00 00 00,10
Heartless Jet Balloon,xa_ex_2480.mdls,1,EC050,Resist 0A Stun,19 00 00 00,25
Heartless Jet Balloon,xa_ex_2480.mdls,1,EC054,Resist 0B Heal,64 00 00 00,100
Heartless Jet Balloon,xa_ex_2480.mdls,1,EC058,Resist 0C Unknown,64 00 00 00,100
Heartless Jet Balloon,xa_ex_2480.mdls,1,EC05C,Resist 0D Unknown,64 00 00 00,100
Heartless Jet Balloon,xa_ex_2480.mdls,1,EC060,Resist 0E Unknown,64 00 00 00,100
Heartless Jet Balloon,xa_ex_2480.mdls,1,EC064,Resist 0F Unknown,64 00 00 00,100
Heartless Jet Balloon,xa_ex_2480.mdls,1,EC068,??? (+68),00 00 00 00,0
Heartless Missile Diver,xa_ex_2490.mdls,0,57194,HP,0A 00 00 00,10
Heartless Missile Diver,xa_ex_2490.mdls,0,57198,ATK Level,0E 00 00 00,14
Heartless Missile Diver,xa_ex_2490.mdls,0,5719C,DEF Level,0E 00 00 00,14
Heartless Missile Diver,xa_ex_2490.mdls,0,571A0,Min Damage Taken,02 00 00 00,2
Heartless Missile Diver,xa_ex_2490.mdls,0,571A4,Max Damage Taken,2C 01 00 00,300
Heartless Missile Diver,xa_ex_2490.mdls,0,571A8,MP Recovery On Hit,00 00 00 00,0
Heartless Missile Diver,xa_ex_2490.mdls,0,571AC,Knockback Weight,00 00 80 3F,1
Heartless Missile Diver,xa_ex_2490.mdls,0,571B0,EXP,14 00 00 00,20
Heartless Missile Diver,xa_ex_2490.mdls,0,571B4,??? (+20),00 00 00 00,0
Heartless Missile Diver,xa_ex_2490.mdls,0,571B8,Outgoing Damage Multiplier,00 00 80 3F,1
Heartless Missile Diver,xa_ex_2490.mdls,0,571BC,Resist 00 Unknown,00 00 00 00,0
Heartless Missile Diver,xa_ex_2490.mdls,0,571C0,Resist 01 Physical,00 00 00 00,0
Heartless Missile Diver,xa_ex_2490.mdls,0,571C4,Resist 02 Fire,00 00 00 00,0
Heartless Missile Diver,xa_ex_2490.mdls,0,571C8,Resist 03 Blizzard,00 00 00 00,0
Heartless Missile Diver,xa_ex_2490.mdls,0,571CC,Resist 04 Thunder,00 00 00 00,0
Heartless Missile Diver,xa_ex_2490.mdls,0,571D0,Resist 05 Unknown,00 00 00 00,0
Heartless Missile Diver,xa_ex_2490.mdls,0,571D4,Resist 06 Unknown,64 00 00 00,100
Heartless Missile Diver,xa_ex_2490.mdls,0,571D8,Resist 07 Unknown,64 00 00 00,100
Heartless Missile Diver,xa_ex_2490.mdls,0,571DC,Resist 08 Percent HP,00 00 00 00,0
Heartless Missile Diver,xa_ex_2490.mdls,0,571E0,Resist 09 Stop,00 00 00 00,0
Heartless Missile Diver,xa_ex_2490.mdls,0,571E4,Resist 0A Stun,00 00 00 00,0
Heartless Missile Diver,xa_ex_2490.mdls,0,571E8,Resist 0B Heal,64 00 00 00,100
Heartless Missile Diver,xa_ex_2490.mdls,0,571EC,Resist 0C Unknown,64 00 00 00,100
Heartless Missile Diver,xa_ex_2490.mdls,0,571F0,Resist 0D Unknown,64 00 00 00,100
Heartless Missile Diver,xa_ex_2490.mdls,0,571F4,Resist 0E Unknown,64 00 00 00,100
Heartless Missile Diver,xa_ex_2490.mdls,0,571F8,Resist 0F Unknown,64 00 00 00,100
Heartless Missile Diver,xa_ex_2490.mdls,0,571FC,??? (+68),3F 07 00 00,1855
Heartless Missile Diver,xa_ex_2490.mdls,1,57200,HP,0A 00 00 00,10
Heartless Missile Diver,xa_ex_2490.mdls,1,57204,ATK Level,11 00 00 00,17
Heartless Missile Diver,xa_ex_2490.mdls,1,57208,DEF Level,11 00 00 00,17
Heartless Missile Diver,xa_ex_2490.mdls,1,5720C,Min Damage Taken,02 00 00 00,2
Heartless Missile Diver,xa_ex_2490.mdls,1,57210,Max Damage Taken,2C 01 00 00,300
Heartless Missile Diver,xa_ex_2490.mdls,1,57214,MP Recovery On Hit,00 00 00 00,0
Heartless Missile Diver,xa_ex_2490.mdls,1,57218,Knockback Weight,00 00 80 3F,1
Heartless Missile Diver,xa_ex_2490.mdls,1,5721C,EXP,3C 00 00 00,60
Heartless Missile Diver,xa_ex_2490.mdls,1,57220,??? (+20),00 00 00 00,0
Heartless Missile Diver,xa_ex_2490.mdls,1,57224,Outgoing Damage Multiplier,00 00 C0 3F,1.5
Heartless Missile Diver,xa_ex_2490.mdls,1,57228,Resist 00 Unknown,00 00 00 00,0
Heartless Missile Diver,xa_ex_2490.mdls,1,5722C,Resist 01 Physical,00 00 00 00,0
Heartless Missile Diver,xa_ex_2490.mdls,1,57230,Resist 02 Fire,00 00 00 00,0
Heartless Missile Diver,xa_ex_2490.mdls,1,57234,Resist 03 Blizzard,00 00 00 00,0
Heartless Missile Diver,xa_ex_2490.mdls,1,57238,Resist 04 Thunder,00 00 00 00,0
Heartless Missile Diver,xa_ex_2490.mdls,1,5723C,Resist 05 Unknown,00 00 00 00,0
Heartless Missile Diver,xa_ex_2490.mdls,1,57240,Resist 06 Unknown,64 00 00 00,100
Heartless Missile Diver,xa_ex_2490.mdls,1,57244,Resist 07 Unknown,64 00 00 00,100
Heartless Missile Diver,xa_ex_2490.mdls,1,57248,Resist 08 Percent HP,00 00 00 00,0
Heartless Missile Diver,xa_ex_2490.mdls,1,5724C,Resist 09 Stop,00 00 00 00,0
Heartless Missile Diver,xa_ex_2490.mdls,1,57250,Resist 0A Stun,00 00 00 00,0
Heartless Missile Diver,xa_ex_2490.mdls,1,57254,Resist 0B Heal,64 00 00 00,100
Heartless Missile Diver,xa_ex_2490.mdls,1,57258,Resist 0C Unknown,64 00 00 00,100
Heartless Missile Diver,xa_ex_2490.mdls,1,5725C,Resist 0D Unknown,64 00 00 00,100
Heartless Missile Diver,xa_ex_2490.mdls,1,57260,Resist 0E Unknown,64 00 00 00,100
Heartless Missile Diver,xa_ex_2490.mdls,1,57264,Resist 0F Unknown,64 00 00 00,100
Heartless Missile Diver,xa_ex_2490.mdls,1,57268,??? (+68),3F 07 00 00,1855
Sephiroth,xa_ex_3000.mdls,0,3BBB94,HP,08 07 00 00,1800
Sephiroth,xa_ex_3000.mdls,0,3BBB98,ATK Level,14 00 00 00,20
Sephiroth,xa_ex_3000.mdls,0,3BBB9C,DEF Level,14 00 00 00,20
Sephiroth,xa_ex_3000.mdls,0,3BBBA0,Min Damage Taken,04 00 00 00,4
Sephiroth,xa_ex_3000.mdls,0,3BBBA4,Max Damage Taken,19 00 00 00,25
Sephiroth,xa_ex_3000.mdls,0,3BBBA8,MP Recovery On Hit,46 00 00 00,70
Sephiroth,xa_ex_3000.mdls,0,3BBBAC,Knockback Weight,00 00 80 3F,1
Sephiroth,xa_ex_3000.mdls,0,3BBBB0,EXP,10 27 00 00,10000
Sephiroth,xa_ex_3000.mdls,0,3BBBB4,??? (+20),00 00 00 00,0
Sephiroth,xa_ex_3000.mdls,0,3BBBB8,Outgoing Damage Multiplier,00 00 80 3F,1
Sephiroth,xa_ex_3000.mdls,0,3BBBBC,Resist 00 Unknown,32 00 00 00,50
Sephiroth,xa_ex_3000.mdls,0,3BBBC0,Resist 01 Physical,64 00 00 00,100
Sephiroth,xa_ex_3000.mdls,0,3BBBC4,Resist 02 Fire,00 00 00 00,0
Sephiroth,xa_ex_3000.mdls,0,3BBBC8,Resist 03 Blizzard,00 00 00 00,0
Sephiroth,xa_ex_3000.mdls,0,3BBBCC,Resist 04 Thunder,00 00 00 00,0
Sephiroth,xa_ex_3000.mdls,0,3BBBD0,Resist 05 Unknown,64 00 00 00,100
Sephiroth,xa_ex_3000.mdls,0,3BBBD4,Resist 06 Unknown,64 00 00 00,100
Sephiroth,xa_ex_3000.mdls,0,3BBBD8,Resist 07 Unknown,64 00 00 00,100
Sephiroth,xa_ex_3000.mdls,0,3BBBDC,Resist 08 Percent HP,00 00 00 00,0
Sephiroth,xa_ex_3000.mdls,0,3BBBE0,Resist 09 Stop,00 00 00 00,0
Sephiroth,xa_ex_3000.mdls,0,3BBBE4,Resist 0A Stun,32 00 00 00,50
Sephiroth,xa_ex_3000.mdls,0,3BBBE8,Resist 0B Heal,64 00 00 00,100
Sephiroth,xa_ex_3000.mdls,0,3BBBEC,Resist 0C Unknown,64 00 00 00,100
Sephiroth,xa_ex_3000.mdls,0,3BBBF0,Resist 0D Unknown,64 00 00 00,100
Sephiroth,xa_ex_3000.mdls,0,3BBBF4,Resist 0E Unknown,64 00 00 00,100
Sephiroth,xa_ex_3000.mdls,0,3BBBF8,Resist 0F Unknown,64 00 00 00,100
Sephiroth,xa_ex_3000.mdls,0,3BBBFC,??? (+68),1C 03 00 00,796
Xemnas (Enigmatic Man),xa_ex_3010.mdls,0,213694,HP,DC 05 00 00,1500
Xemnas (Enigmatic Man),xa_ex_3010.mdls,0,213698,ATK Level,14 00 00 00,20
Xemnas (Enigmatic Man),xa_ex_3010.mdls,0,21369C,DEF Level,14 00 00 00,20
Xemnas (Enigmatic Man),xa_ex_3010.mdls,0,2136A0,Min Damage Taken,04 00 00 00,4
Xemnas (Enigmatic Man),xa_ex_3010.mdls,0,2136A4,Max Damage Taken,19 00 00 00,25
Xemnas (Enigmatic Man),xa_ex_3010.mdls,0,2136A8,MP Recovery On Hit,46 00 00 00,70
Xemnas (Enigmatic Man),xa_ex_3010.mdls,0,2136AC,Knockback Weight,00 00 80 3F,1
Xemnas (Enigmatic Man),xa_ex_3010.mdls,0,2136B0,EXP,E0 2E 00 00,12000
Xemnas (Enigmatic Man),xa_ex_3010.mdls,0,2136B4,??? (+20),00 00 00 00,0
Xemnas (Enigmatic Man),xa_ex_3010.mdls,0,2136B8,Outgoing Damage Multiplier,00 00 80 3F,1
Xemnas (Enigmatic Man),xa_ex_3010.mdls,0,2136BC,Resist 00 Unknown,32 00 00 00,50
Xemnas (Enigmatic Man),xa_ex_3010.mdls,0,2136C0,Resist 01 Physical,64 00 00 00,100
Xemnas (Enigmatic Man),xa_ex_3010.mdls,0,2136C4,Resist 02 Fire,00 00 00 00,0
Xemnas (Enigmatic Man),xa_ex_3010.mdls,0,2136C8,Resist 03 Blizzard,00 00 00 00,0
Xemnas (Enigmatic Man),xa_ex_3010.mdls,0,2136CC,Resist 04 Thunder,00 00 00 00,0
Xemnas (Enigmatic Man),xa_ex_3010.mdls,0,2136D0,Resist 05 Unknown,64 00 00 00,100
Xemnas (Enigmatic Man),xa_ex_3010.mdls,0,2136D4,Resist 06 Unknown,64 00 00 00,100
Xemnas (Enigmatic Man),xa_ex_3010.mdls,0,2136D8,Resist 07 Unknown,64 00 00 00,100
Xemnas (Enigmatic Man),xa_ex_3010.mdls,0,2136DC,Resist 08 Percent HP,01 00 00 00,1
Xemnas (Enigmatic Man),xa_ex_3010.mdls,0,2136E0,Resist 09 Stop,00 00 00 00,0
Xemnas (Enigmatic Man),xa_ex_3010.mdls,0,2136E4,Resist 0A Stun,32 00 00 00,50
Xemnas (Enigmatic Man),xa_ex_3010.mdls,0,2136E8,Resist 0B Heal,64 00 00 00,100
Xemnas (Enigmatic Man),xa_ex_3010.mdls,0,2136EC,Resist 0C Unknown,64 00 00 00,100
Xemnas (Enigmatic Man),xa_ex_3010.mdls,0,2136F0,Resist 0D Unknown,64 00 00 00,100
Xemnas (Enigmatic Man),xa_ex_3010.mdls,0,2136F4,Resist 0E Unknown,64 00 00 00,100
Xemnas (Enigmatic Man),xa_ex_3010.mdls,0,2136F8,Resist 0F Unknown,64 00 00 00,100
Xemnas (Enigmatic Man),xa_ex_3010.mdls,0,2136FC,??? (+68),1C 02 00 00,540
Hercules,xa_ex_4010.mdls,0,13DC14,HP,C2 01 00 00,450
Hercules,xa_ex_4010.mdls,0,13DC18,ATK Level,0F 00 00 00,15
Hercules,xa_ex_4010.mdls,0,13DC1C,DEF Level,0F 00 00 00,15
Hercules,xa_ex_4010.mdls,0,13DC20,Min Damage Taken,02 00 00 00,2
Hercules,xa_ex_4010.mdls,0,13DC24,Max Damage Taken,14 00 00 00,20
Hercules,xa_ex_4010.mdls,0,13DC28,MP Recovery On Hit,2C 00 00 00,44
Hercules,xa_ex_4010.mdls,0,13DC2C,Knockback Weight,00 00 80 3F,1
Hercules,xa_ex_4010.mdls,0,13DC30,EXP,BC 02 00 00,700
Hercules,xa_ex_4010.mdls,0,13DC34,??? (+20),00 00 00 00,0
Hercules,xa_ex_4010.mdls,0,13DC38,Outgoing Damage Multiplier,00 00 80 3F,1
Hercules,xa_ex_4010.mdls,0,13DC3C,Resist 00 Unknown,32 00 00 00,50
Hercules,xa_ex_4010.mdls,0,13DC40,Resist 01 Physical,64 00 00 00,100
Hercules,xa_ex_4010.mdls,0,13DC44,Resist 02 Fire,01 00 00 00,1
Hercules,xa_ex_4010.mdls,0,13DC48,Resist 03 Blizzard,01 00 00 00,1
Hercules,xa_ex_4010.mdls,0,13DC4C,Resist 04 Thunder,01 00 00 00,1
Hercules,xa_ex_4010.mdls,0,13DC50,Resist 05 Unknown,64 00 00 00,100
Hercules,xa_ex_4010.mdls,0,13DC54,Resist 06 Unknown,64 00 00 00,100
Hercules,xa_ex_4010.mdls,0,13DC58,Resist 07 Unknown,64 00 00 00,100
Hercules,xa_ex_4010.mdls,0,13DC5C,Resist 08 Percent HP,04 00 00 00,4
Hercules,xa_ex_4010.mdls,0,13DC60,Resist 09 Stop,1E 00 00 00,30
Hercules,xa_ex_4010.mdls,0,13DC64,Resist 0A Stun,32 00 00 00,50
Hercules,xa_ex_4010.mdls,0,13DC68,Resist 0B Heal,64 00 00 00,100
Hercules,xa_ex_4010.mdls,0,13DC6C,Resist 0C Unknown,64 00 00 00,100
Hercules,xa_ex_4010.mdls,0,13DC70,Resist 0D Unknown,64 00 00 00,100
Hercules,xa_ex_4010.mdls,0,13DC74,Resist 0E Unknown,64 00 00 00,100
Hercules,xa_ex_4010.mdls,0,13DC78,Resist 0F Unknown,64 00 00 00,100
Hercules,xa_ex_4010.mdls,0,13DC7C,??? (+68),00 00 00 00,0
Hercules,xa_ex_4010.mdls,1,13DC80,HP,C2 01 00 00,450
Hercules,xa_ex_4010.mdls,1,13DC84,ATK Level,0F 00 00 00,15
Hercules,xa_ex_4010.mdls,1,13DC88,DEF Level,0F 00 00 00,15
Hercules,xa_ex_4010.mdls,1,13DC8C,Min Damage Taken,02 00 00 00,2
Hercules,xa_ex_4010.mdls,1,13DC90,Max Damage Taken,14 00 00 00,20
Hercules,xa_ex_4010.mdls,1,13DC94,MP Recovery On Hit,2C 00 00 00,44
Hercules,xa_ex_4010.mdls,1,13DC98,Knockback Weight,00 00 80 3F,1
Hercules,xa_ex_4010.mdls,1,13DC9C,EXP,BC 02 00 00,700
Hercules,xa_ex_4010.mdls,1,13DCA0,??? (+20),00 00 00 00,0
Hercules,xa_ex_4010.mdls,1,13DCA4,Outgoing Damage Multiplier,00 00 80 3F,1
Hercules,xa_ex_4010.mdls,1,13DCA8,Resist 00 Unknown,32 00 00 00,50
Hercules,xa_ex_4010.mdls,1,13DCAC,Resist 01 Physical,64 00 00 00,100
Hercules,xa_ex_4010.mdls,1,13DCB0,Resist 02 Fire,01 00 00 00,1
Hercules,xa_ex_4010.mdls,1,13DCB4,Resist 03 Blizzard,01 00 00 00,1
Hercules,xa_ex_4010.mdls,1,13DCB8,Resist 04 Thunder,01 00 00 00,1
Hercules,xa_ex_4010.mdls,1,13DCBC,Resist 05 Unknown,64 00 00 00,100
Hercules,xa_ex_4010.mdls,1,13DCC0,Resist 06 Unknown,64 00 00 00,100
Hercules,xa_ex_4010.mdls,1,13DCC4,Resist 07 Unknown,64 00 00 00,100
Hercules,xa_ex_4010.mdls,1,13DCC8,Resist 08 Percent HP,04 00 00 00,4
Hercules,xa_ex_4010.mdls,1,13DCCC,Resist 09 Stop,1E 00 00 00,30
Hercules,xa_ex_4010.mdls,1,13DCD0,Resist 0A Stun,32 00 00 00,50
Hercules,xa_ex_4010.mdls,1,13DCD4,Resist 0B Heal,64 00 00 00,100
Hercules,xa_ex_4010.mdls,1,13DCD8,Resist 0C Unknown,64 00 00 00,100
Hercules,xa_ex_4010.mdls,1,13DCDC,Resist 0D Unknown,64 00 00 00,100
Hercules,xa_ex_4010.mdls,1,13DCE0,Resist 0E Unknown,64 00 00 00,100
Hercules,xa_ex_4010.mdls,1,13DCE4,Resist 0F Unknown,64 00 00 00,100
Hercules,xa_ex_4010.mdls,1,13DCE8,??? (+68),00 00 00 00,0
Hercules,xa_ex_4010.mdls,2,13DCEC,HP,EE 02 00 00,750
Hercules,xa_ex_4010.mdls,2,13DCF0,ATK Level,11 00 00 00,17
Hercules,xa_ex_4010.mdls,2,13DCF4,DEF Level,11 00 00 00,17
Hercules,xa_ex_4010.mdls,2,13DCF8,Min Damage Taken,02 00 00 00,2
Hercules,xa_ex_4010.mdls,2,13DCFC,Max Damage Taken,1E 00 00 00,30
Hercules,xa_ex_4010.mdls,2,13DD00,MP Recovery On Hit,35 00 00 00,53
Hercules,xa_ex_4010.mdls,2,13DD04,Knockback Weight,00 00 80 3F,1
Hercules,xa_ex_4010.mdls,2,13DD08,EXP,E8 03 00 00,1000
Hercules,xa_ex_4010.mdls,2,13DD0C,??? (+20),00 00 00 00,0
Hercules,xa_ex_4010.mdls,2,13DD10,Outgoing Damage Multiplier,00 00 C0 3F,1.5
Hercules,xa_ex_4010.mdls,2,13DD14,Resist 00 Unknown,32 00 00 00,50
Hercules,xa_ex_4010.mdls,2,13DD18,Resist 01 Physical,64 00 00 00,100
Hercules,xa_ex_4010.mdls,2,13DD1C,Resist 02 Fire,01 00 00 00,1
Hercules,xa_ex_4010.mdls,2,13DD20,Resist 03 Blizzard,01 00 00 00,1
Hercules,xa_ex_4010.mdls,2,13DD24,Resist 04 Thunder,01 00 00 00,1
Hercules,xa_ex_4010.mdls,2,13DD28,Resist 05 Unknown,64 00 00 00,100
Hercules,xa_ex_4010.mdls,2,13DD2C,Resist 06 Unknown,64 00 00 00,100
Hercules,xa_ex_4010.mdls,2,13DD30,Resist 07 Unknown,64 00 00 00,100
Hercules,xa_ex_4010.mdls,2,13DD34,Resist 08 Percent HP,03 00 00 00,3
Hercules,xa_ex_4010.mdls,2,13DD38,Resist 09 Stop,14 00 00 00,20
Hercules,xa_ex_4010.mdls,2,13DD3C,Resist 0A Stun,32 00 00 00,50
Hercules,xa_ex_4010.mdls,2,13DD40,Resist 0B Heal,64 00 00 00,100
Hercules,xa_ex_4010.mdls,2,13DD44,Resist 0C Unknown,64 00 00 00,100
Hercules,xa_ex_4010.mdls,2,13DD48,Resist 0D Unknown,64 00 00 00,100
Hercules,xa_ex_4010.mdls,2,13DD4C,Resist 0E Unknown,64 00 00 00,100
Hercules,xa_ex_4010.mdls,2,13DD50,Resist 0F Unknown,64 00 00 00,100
Hercules,xa_ex_4010.mdls,2,13DD54,??? (+68),00 00 00 00,0
Hercules,xa_ex_4010.mdls,3,13DD58,HP,EE 02 00 00,750
Hercules,xa_ex_4010.mdls,3,13DD5C,ATK Level,11 00 00 00,17
Hercules,xa_ex_4010.mdls,3,13DD60,DEF Level,11 00 00 00,17
Hercules,xa_ex_4010.mdls,3,13DD64,Min Damage Taken,02 00 00 00,2
Hercules,xa_ex_4010.mdls,3,13DD68,Max Damage Taken,1E 00 00 00,30
Hercules,xa_ex_4010.mdls,3,13DD6C,MP Recovery On Hit,35 00 00 00,53
Hercules,xa_ex_4010.mdls,3,13DD70,Knockback Weight,00 00 80 3F,1
Hercules,xa_ex_4010.mdls,3,13DD74,EXP,E8 03 00 00,1000
Hercules,xa_ex_4010.mdls,3,13DD78,??? (+20),00 00 00 00,0
Hercules,xa_ex_4010.mdls,3,13DD7C,Outgoing Damage Multiplier,00 00 C0 3F,1.5
Hercules,xa_ex_4010.mdls,3,13DD80,Resist 00 Unknown,32 00 00 00,50
Hercules,xa_ex_4010.mdls,3,13DD84,Resist 01 Physical,64 00 00 00,100
Hercules,xa_ex_4010.mdls,3,13DD88,Resist 02 Fire,01 00 00 00,1
Hercules,xa_ex_4010.mdls,3,13DD8C,Resist 03 Blizzard,01 00 00 00,1
Hercules,xa_ex_4010.mdls,3,13DD90,Resist 04 Thunder,01 00 00 00,1
Hercules,xa_ex_4010.mdls,3,13DD94,Resist 05 Unknown,64 00 00 00,100
Hercules,xa_ex_4010.mdls,3,13DD98,Resist 06 Unknown,64 00 00 00,100
Hercules,xa_ex_4010.mdls,3,13DD9C,Resist 07 Unknown,64 00 00 00,100
Hercules,xa_ex_4010.mdls,3,13DDA0,Resist 08 Percent HP,03 00 00 00,3
Hercules,xa_ex_4010.mdls,3,13DDA4,Resist 09 Stop,14 00 00 00,20
Hercules,xa_ex_4010.mdls,3,13DDA8,Resist 0A Stun,32 00 00 00,50
Hercules,xa_ex_4010.mdls,3,13DDAC,Resist 0B Heal,64 00 00 00,100
Hercules,xa_ex_4010.mdls,3,13DDB0,Resist 0C Unknown,64 00 00 00,100
Hercules,xa_ex_4010.mdls,3,13DDB4,Resist 0D Unknown,64 00 00 00,100
Hercules,xa_ex_4010.mdls,3,13DDB8,Resist 0E Unknown,64 00 00 00,100
Hercules,xa_ex_4010.mdls,3,13DDBC,Resist 0F Unknown,64 00 00 00,100
Hercules,xa_ex_4010.mdls,3,13DDC0,??? (+68),00 00 00 00,0
Genie,xa_ex_4040.mdls,0,A8C14,HP,00 00 00 00,0
Genie,xa_ex_4040.mdls,0,A8C18,ATK Level,09 00 00 00,9
Genie,xa_ex_4040.mdls,0,A8C1C,DEF Level,09 00 00 00,9
Genie,xa_ex_4040.mdls,0,A8C20,Min Damage Taken,00 00 00 00,0
Genie,xa_ex_4040.mdls,0,A8C24,Max Damage Taken,00 00 00 00,0
Genie,xa_ex_4040.mdls,0,A8C28,MP Recovery On Hit,00 00 00 00,0
Genie,xa_ex_4040.mdls,0,A8C2C,Knockback Weight,00 00 00 00,0
Genie,xa_ex_4040.mdls,0,A8C30,EXP,00 00 00 00,0
Genie,xa_ex_4040.mdls,0,A8C34,??? (+20),00 00 00 00,0
Genie,xa_ex_4040.mdls,0,A8C38,Outgoing Damage Multiplier,00 00 80 3F,1
Genie,xa_ex_4040.mdls,0,A8C3C,Resist 00 Unknown,00 00 00 00,0
Genie,xa_ex_4040.mdls,0,A8C40,Resist 01 Physical,00 00 00 00,0
Genie,xa_ex_4040.mdls,0,A8C44,Resist 02 Fire,00 00 00 00,0
Genie,xa_ex_4040.mdls,0,A8C48,Resist 03 Blizzard,00 00 00 00,0
Genie,xa_ex_4040.mdls,0,A8C4C,Resist 04 Thunder,00 00 00 00,0
Genie,xa_ex_4040.mdls,0,A8C50,Resist 05 Unknown,00 00 00 00,0
Genie,xa_ex_4040.mdls,0,A8C54,Resist 06 Unknown,64 00 00 00,100
Genie,xa_ex_4040.mdls,0,A8C58,Resist 07 Unknown,64 00 00 00,100
Genie,xa_ex_4040.mdls,0,A8C5C,Resist 08 Percent HP,00 00 00 00,0
Genie,xa_ex_4040.mdls,0,A8C60,Resist 09 Stop,00 00 00 00,0
Genie,xa_ex_4040.mdls,0,A8C64,Resist 0A Stun,00 00 00 00,0
Genie,xa_ex_4040.mdls,0,A8C68,Resist 0B Heal,64 00 00 00,100
Genie,xa_ex_4040.mdls,0,A8C6C,Resist 0C Unknown,64 00 00 00,100
Genie,xa_ex_4040.mdls,0,A8C70,Resist 0D Unknown,64 00 00 00,100
Genie,xa_ex_4040.mdls,0,A8C74,Resist 0E Unknown,64 00 00 00,100
Genie,xa_ex_4040.mdls,0,A8C78,Resist 0F Unknown,64 00 00 00,100
Genie,xa_ex_4040.mdls,0,A8C7C,??? (+68),01 00 00 00,1
Hades,xa_he_1010.mdls,0,163714,HP,08 07 00 00,1800
Hades,xa_he_1010.mdls,0,163718,ATK Level,13 00 00 00,19
Hades,xa_he_1010.mdls,0,16371C,DEF Level,13 00 00 00,19
Hades,xa_he_1010.mdls,0,163720,Min Damage Taken,02 00 00 00,2
Hades,xa_he_1010.mdls,0,163724,Max Damage Taken,14 00 00 00,20
Hades,xa_he_1010.mdls,0,163728,MP Recovery On Hit,40 00 00 00,64
Hades,xa_he_1010.mdls,0,16372C,Knockback Weight,00 00 80 3F,1
Hades,xa_he_1010.mdls,0,163730,EXP,B8 0B 00 00,3000
Hades,xa_he_1010.mdls,0,163734,??? (+20),5D 14 00 00,5213
Hades,xa_he_1010.mdls,0,163738,Outgoing Damage Multiplier,00 00 80 3F,1
Hades,xa_he_1010.mdls,0,16373C,Resist 00 Unknown,32 00 00 00,50
Hades,xa_he_1010.mdls,0,163740,Resist 01 Physical,64 00 00 00,100
Hades,xa_he_1010.mdls,0,163744,Resist 02 Fire,64 00 00 00,100
Hades,xa_he_1010.mdls,0,163748,Resist 03 Blizzard,64 00 00 00,100
Hades,xa_he_1010.mdls,0,16374C,Resist 04 Thunder,64 00 00 00,100
Hades,xa_he_1010.mdls,0,163750,Resist 05 Unknown,64 00 00 00,100
Hades,xa_he_1010.mdls,0,163754,Resist 06 Unknown,64 00 00 00,100
Hades,xa_he_1010.mdls,0,163758,Resist 07 Unknown,64 00 00 00,100
Hades,xa_he_1010.mdls,0,16375C,Resist 08 Percent HP,02 00 00 00,2
Hades,xa_he_1010.mdls,0,163760,Resist 09 Stop,14 00 00 00,20
Hades,xa_he_1010.mdls,0,163764,Resist 0A Stun,32 00 00 00,50
Hades,xa_he_1010.mdls,0,163768,Resist 0B Heal,64 00 00 00,100
Hades,xa_he_1010.mdls,0,16376C,Resist 0C Unknown,64 00 00 00,100
Hades,xa_he_1010.mdls,0,163770,Resist 0D Unknown,64 00 00 00,100
Hades,xa_he_1010.mdls,0,163774,Resist 0E Unknown,64 00 00 00,100
Hades,xa_he_1010.mdls,0,163778,Resist 0F Unknown,64 00 00 00,100
Hades,xa_he_1010.mdls,0,16377C,??? (+68),14 00 00 00,20
Hades,xa_he_1010.mdls,1,163780,HP,08 07 00 00,1800
Hades,xa_he_1010.mdls,1,163784,ATK Level,13 00 00 00,19
Hades,xa_he_1010.mdls,1,163788,DEF Level,13 00 00 00,19
Hades,xa_he_1010.mdls,1,16378C,Min Damage Taken,02 00 00 00,2
Hades,xa_he_1010.mdls,1,163790,Max Damage Taken,14 00 00 00,20
Hades,xa_he_1010.mdls,1,163794,MP Recovery On Hit,40 00 00 00,64
Hades,xa_he_1010.mdls,1,163798,Knockback Weight,00 00 80 3F,1
Hades,xa_he_1010.mdls,1,16379C,EXP,B8 0B 00 00,3000
Hades,xa_he_1010.mdls,1,1637A0,??? (+20),5D 14 00 00,5213
Hades,xa_he_1010.mdls,1,1637A4,Outgoing Damage Multiplier,00 00 80 3F,1
Hades,xa_he_1010.mdls,1,1637A8,Resist 00 Unknown,32 00 00 00,50
Hades,xa_he_1010.mdls,1,1637AC,Resist 01 Physical,64 00 00 00,100
Hades,xa_he_1010.mdls,1,1637B0,Resist 02 Fire,64 00 00 00,100
Hades,xa_he_1010.mdls,1,1637B4,Resist 03 Blizzard,64 00 00 00,100
Hades,xa_he_1010.mdls,1,1637B8,Resist 04 Thunder,64 00 00 00,100
Hades,xa_he_1010.mdls,1,1637BC,Resist 05 Unknown,64 00 00 00,100
Hades,xa_he_1010.mdls,1,1637C0,Resist 06 Unknown,64 00 00 00,100
Hades,xa_he_1010.mdls,1,1637C4,Resist 07 Unknown,64 00 00 00,100
Hades,xa_he_1010.mdls,1,1637C8,Resist 08 Percent HP,02 00 00 00,2
Hades,xa_he_1010.mdls,1,1637CC,Resist 09 Stop,14 00 00 00,20
Hades,xa_he_1010.mdls,1,1637D0,Resist 0A Stun,32 00 00 00,50
Hades,xa_he_1010.mdls,1,1637D4,Resist 0B Heal,64 00 00 00,100
Hades,xa_he_1010.mdls,1,1637D8,Resist 0C Unknown,64 00 00 00,100
Hades,xa_he_1010.mdls,1,1637DC,Resist 0D Unknown,64 00 00 00,100
Hades,xa_he_1010.mdls,1,1637E0,Resist 0E Unknown,64 00 00 00,100
Hades,xa_he_1010.mdls,1,1637E4,Resist 0F Unknown,64 00 00 00,100
Hades,xa_he_1010.mdls,1,1637E8,??? (+68),14 00 00 00,20
Rock Titan,xa_he_3000.mdls,0,10B394,HP,34 08 00 00,2100
Rock Titan,xa_he_3000.mdls,0,10B398,ATK Level,13 00 00 00,19
Rock Titan,xa_he_3000.mdls,0,10B39C,DEF Level,13 00 00 00,19
Rock Titan,xa_he_3000.mdls,0,10B3A0,Min Damage Taken,02 00 00 00,2
Rock Titan,xa_he_3000.mdls,0,10B3A4,Max Damage Taken,14 00 00 00,20
Rock Titan,xa_he_3000.mdls,0,10B3A8,MP Recovery On Hit,40 00 00 00,64
Rock Titan,xa_he_3000.mdls,0,10B3AC,Knockback Weight,00 00 00 00,0
Rock Titan,xa_he_3000.mdls,0,10B3B0,EXP,A0 0F 00 00,4000
Rock Titan,xa_he_3000.mdls,0,10B3B4,??? (+20),39 14 00 00,5177
Rock Titan,xa_he_3000.mdls,0,10B3B8,Outgoing Damage Multiplier,00 00 80 3F,1
Rock Titan,xa_he_3000.mdls,0,10B3BC,Resist 00 Unknown,32 00 00 00,50
Rock Titan,xa_he_3000.mdls,0,10B3C0,Resist 01 Physical,64 00 00 00,100
Rock Titan,xa_he_3000.mdls,0,10B3C4,Resist 02 Fire,31 00 00 00,49
Rock Titan,xa_he_3000.mdls,0,10B3C8,Resist 03 Blizzard,32 00 00 00,50
Rock Titan,xa_he_3000.mdls,0,10B3CC,Resist 04 Thunder,64 00 00 00,100
Rock Titan,xa_he_3000.mdls,0,10B3D0,Resist 05 Unknown,64 00 00 00,100
Rock Titan,xa_he_3000.mdls,0,10B3D4,Resist 06 Unknown,64 00 00 00,100
Rock Titan,xa_he_3000.mdls,0,10B3D8,Resist 07 Unknown,64 00 00 00,100
Rock Titan,xa_he_3000.mdls,0,10B3DC,Resist 08 Percent HP,02 00 00 00,2
Rock Titan,xa_he_3000.mdls,0,10B3E0,Resist 09 Stop,14 00 00 00,20
Rock Titan,xa_he_3000.mdls,0,10B3E4,Resist 0A Stun,32 00 00 00,50
Rock Titan,xa_he_3000.mdls,0,10B3E8,Resist 0B Heal,64 00 00 00,100
Rock Titan,xa_he_3000.mdls,0,10B3EC,Resist 0C Unknown,64 00 00 00,100
Rock Titan,xa_he_3000.mdls,0,10B3F0,Resist 0D Unknown,64 00 00 00,100
Rock Titan,xa_he_3000.mdls,0,10B3F4,Resist 0E Unknown,64 00 00 00,100
Rock Titan,xa_he_3000.mdls,0,10B3F8,Resist 0F Unknown,64 00 00 00,100
Rock Titan,xa_he_3000.mdls,0,10B3FC,??? (+68),00 02 00 00,512
Rock Titan,xa_he_3000.mdls,1,10B400,HP,34 08 00 00,2100
Rock Titan,xa_he_3000.mdls,1,10B404,ATK Level,13 00 00 00,19
Rock Titan,xa_he_3000.mdls,1,10B408,DEF Level,13 00 00 00,19
Rock Titan,xa_he_3000.mdls,1,10B40C,Min Damage Taken,02 00 00 00,2
Rock Titan,xa_he_3000.mdls,1,10B410,Max Damage Taken,14 00 00 00,20
Rock Titan,xa_he_3000.mdls,1,10B414,MP Recovery On Hit,40 00 00 00,64
Rock Titan,xa_he_3000.mdls,1,10B418,Knockback Weight,00 00 00 00,0
Rock Titan,xa_he_3000.mdls,1,10B41C,EXP,A0 0F 00 00,4000
Rock Titan,xa_he_3000.mdls,1,10B420,??? (+20),39 14 00 00,5177
Rock Titan,xa_he_3000.mdls,1,10B424,Outgoing Damage Multiplier,00 00 80 3F,1
Rock Titan,xa_he_3000.mdls,1,10B428,Resist 00 Unknown,32 00 00 00,50
Rock Titan,xa_he_3000.mdls,1,10B42C,Resist 01 Physical,64 00 00 00,100
Rock Titan,xa_he_3000.mdls,1,10B430,Resist 02 Fire,31 00 00 00,49
Rock Titan,xa_he_3000.mdls,1,10B434,Resist 03 Blizzard,32 00 00 00,50
Rock Titan,xa_he_3000.mdls,1,10B438,Resist 04 Thunder,64 00 00 00,100
Rock Titan,xa_he_3000.mdls,1,10B43C,Resist 05 Unknown,64 00 00 00,100
Rock Titan,xa_he_3000.mdls,1,10B440,Resist 06 Unknown,64 00 00 00,100
Rock Titan,xa_he_3000.mdls,1,10B444,Resist 07 Unknown,64 00 00 00,100
Rock Titan,xa_he_3000.mdls,1,10B448,Resist 08 Percent HP,02 00 00 00,2
Rock Titan,xa_he_3000.mdls,1,10B44C,Resist 09 Stop,14 00 00 00,20
Rock Titan,xa_he_3000.mdls,1,10B450,Resist 0A Stun,32 00 00 00,50
Rock Titan,xa_he_3000.mdls,1,10B454,Resist 0B Heal,64 00 00 00,100
Rock Titan,xa_he_3000.mdls,1,10B458,Resist 0C Unknown,64 00 00 00,100
Rock Titan,xa_he_3000.mdls,1,10B45C,Resist 0D Unknown,64 00 00 00,100
Rock Titan,xa_he_3000.mdls,1,10B460,Resist 0E Unknown,64 00 00 00,100
Rock Titan,xa_he_3000.mdls,1,10B464,Resist 0F Unknown,64 00 00 00,100
Rock Titan,xa_he_3000.mdls,1,10B468,??? (+68),00 02 00 00,512
Ice Titan,xa_he_3010.mdls,0,1D8314,HP,DC 05 00 00,1500
Ice Titan,xa_he_3010.mdls,0,1D8318,ATK Level,14 00 00 00,20
Ice Titan,xa_he_3010.mdls,0,1D831C,DEF Level,14 00 00 00,20
Ice Titan,xa_he_3010.mdls,0,1D8320,Min Damage Taken,02 00 00 00,2
Ice Titan,xa_he_3010.mdls,0,1D8324,Max Damage Taken,14 00 00 00,20
Ice Titan,xa_he_3010.mdls,0,1D8328,MP Recovery On Hit,46 00 00 00,70
Ice Titan,xa_he_3010.mdls,0,1D832C,Knockback Weight,00 00 80 3F,1
Ice Titan,xa_he_3010.mdls,0,1D8330,EXP,88 13 00 00,5000
Ice Titan,xa_he_3010.mdls,0,1D8334,??? (+20),00 00 00 00,0
Ice Titan,xa_he_3010.mdls,0,1D8338,Outgoing Damage Multiplier,00 00 80 3F,1
Ice Titan,xa_he_3010.mdls,0,1D833C,Resist 00 Unknown,32 00 00 00,50
Ice Titan,xa_he_3010.mdls,0,1D8340,Resist 01 Physical,64 00 00 00,100
Ice Titan,xa_he_3010.mdls,0,1D8344,Resist 02 Fire,C8 00 00 00,200
Ice Titan,xa_he_3010.mdls,0,1D8348,Resist 03 Blizzard,00 00 00 00,0
Ice Titan,xa_he_3010.mdls,0,1D834C,Resist 04 Thunder,32 00 00 00,50
Ice Titan,xa_he_3010.mdls,0,1D8350,Resist 05 Unknown,64 00 00 00,100
Ice Titan,xa_he_3010.mdls,0,1D8354,Resist 06 Unknown,64 00 00 00,100
Ice Titan,xa_he_3010.mdls,0,1D8358,Resist 07 Unknown,64 00 00 00,100
Ice Titan,xa_he_3010.mdls,0,1D835C,Resist 08 Percent HP,02 00 00 00,2
Ice Titan,xa_he_3010.mdls,0,1D8360,Resist 09 Stop,00 00 00 00,0
Ice Titan,xa_he_3010.mdls,0,1D8364,Resist 0A Stun,32 00 00 00,50
Ice Titan,xa_he_3010.mdls,0,1D8368,Resist 0B Heal,64 00 00 00,100
Ice Titan,xa_he_3010.mdls,0,1D836C,Resist 0C Unknown,64 00 00 00,100
Ice Titan,xa_he_3010.mdls,0,1D8370,Resist 0D Unknown,64 00 00 00,100
Ice Titan,xa_he_3010.mdls,0,1D8374,Resist 0E Unknown,64 00 00 00,100
Ice Titan,xa_he_3010.mdls,0,1D8378,Resist 0F Unknown,64 00 00 00,100
Ice Titan,xa_he_3010.mdls,0,1D837C,??? (+68),08 02 00 00,520
Cerberus,xa_he_3020.mdls,0,1A7294,HP,58 02 00 00,600
Cerberus,xa_he_3020.mdls,0,1A7298,ATK Level,05 00 00 00,5
Cerberus,xa_he_3020.mdls,0,1A729C,DEF Level,05 00 00 00,5
Cerberus,xa_he_3020.mdls,0,1A72A0,Min Damage Taken,02 00 00 00,2
Cerberus,xa_he_3020.mdls,0,1A72A4,Max Damage Taken,14 00 00 00,20
Cerberus,xa_he_3020.mdls,0,1A72A8,MP Recovery On Hit,11 00 00 00,17
Cerberus,xa_he_3020.mdls,0,1A72AC,Knockback Weight,00 00 80 3F,1
Cerberus,xa_he_3020.mdls,0,1A72B0,EXP,C8 00 00 00,200
Cerberus,xa_he_3020.mdls,0,1A72B4,??? (+20),E9 13 00 00,5097
Cerberus,xa_he_3020.mdls,0,1A72B8,Outgoing Damage Multiplier,00 00 80 3F,1
Cerberus,xa_he_3020.mdls,0,1A72BC,Resist 00 Unknown,32 00 00 00,50
Cerberus,xa_he_3020.mdls,0,1A72C0,Resist 01 Physical,64 00 00 00,100
Cerberus,xa_he_3020.mdls,0,1A72C4,Resist 02 Fire,31 00 00 00,49
Cerberus,xa_he_3020.mdls,0,1A72C8,Resist 03 Blizzard,32 00 00 00,50
Cerberus,xa_he_3020.mdls,0,1A72CC,Resist 04 Thunder,64 00 00 00,100
Cerberus,xa_he_3020.mdls,0,1A72D0,Resist 05 Unknown,64 00 00 00,100
Cerberus,xa_he_3020.mdls,0,1A72D4,Resist 06 Unknown,64 00 00 00,100
Cerberus,xa_he_3020.mdls,0,1A72D8,Resist 07 Unknown,64 00 00 00,100
Cerberus,xa_he_3020.mdls,0,1A72DC,Resist 08 Percent HP,04 00 00 00,4
Cerberus,xa_he_3020.mdls,0,1A72E0,Resist 09 Stop,1E 00 00 00,30
Cerberus,xa_he_3020.mdls,0,1A72E4,Resist 0A Stun,32 00 00 00,50
Cerberus,xa_he_3020.mdls,0,1A72E8,Resist 0B Heal,64 00 00 00,100
Cerberus,xa_he_3020.mdls,0,1A72EC,Resist 0C Unknown,64 00 00 00,100
Cerberus,xa_he_3020.mdls,0,1A72F0,Resist 0D Unknown,64 00 00 00,100
Cerberus,xa_he_3020.mdls,0,1A72F4,Resist 0E Unknown,64 00 00 00,100
Cerberus,xa_he_3020.mdls,0,1A72F8,Resist 0F Unknown,64 00 00 00,100
Cerberus,xa_he_3020.mdls,0,1A72FC,??? (+68),00 00 00 00,0
Cerberus,xa_he_3020.mdls,1,1A7300,HP,84 03 00 00,900
Cerberus,xa_he_3020.mdls,1,1A7304,ATK Level,11 00 00 00,17
Cerberus,xa_he_3020.mdls,1,1A7308,DEF Level,11 00 00 00,17
Cerberus,xa_he_3020.mdls,1,1A730C,Min Damage Taken,02 00 00 00,2
Cerberus,xa_he_3020.mdls,1,1A7310,Max Damage Taken,14 00 00 00,20
Cerberus,xa_he_3020.mdls,1,1A7314,MP Recovery On Hit,35 00 00 00,53
Cerberus,xa_he_3020.mdls,1,1A7318,Knockback Weight,00 00 80 3F,1
Cerberus,xa_he_3020.mdls,1,1A731C,EXP,D0 07 00 00,2000
Cerberus,xa_he_3020.mdls,1,1A7320,??? (+20),E9 13 00 00,5097
Cerberus,xa_he_3020.mdls,1,1A7324,Outgoing Damage Multiplier,00 00 00 40,2
Cerberus,xa_he_3020.mdls,1,1A7328,Resist 00 Unknown,32 00 00 00,50
Cerberus,xa_he_3020.mdls,1,1A732C,Resist 01 Physical,64 00 00 00,100
Cerberus,xa_he_3020.mdls,1,1A7330,Resist 02 Fire,31 00 00 00,49
Cerberus,xa_he_3020.mdls,1,1A7334,Resist 03 Blizzard,32 00 00 00,50
Cerberus,xa_he_3020.mdls,1,1A7338,Resist 04 Thunder,64 00 00 00,100
Cerberus,xa_he_3020.mdls,1,1A733C,Resist 05 Unknown,64 00 00 00,100
Cerberus,xa_he_3020.mdls,1,1A7340,Resist 06 Unknown,64 00 00 00,100
Cerberus,xa_he_3020.mdls,1,1A7344,Resist 07 Unknown,64 00 00 00,100
Cerberus,xa_he_3020.mdls,1,1A7348,Resist 08 Percent HP,03 00 00 00,3
Cerberus,xa_he_3020.mdls,1,1A734C,Resist 09 Stop,14 00 00 00,20
Cerberus,xa_he_3020.mdls,1,1A7350,Resist 0A Stun,32 00 00 00,50
Cerberus,xa_he_3020.mdls,1,1A7354,Resist 0B Heal,64 00 00 00,100
Cerberus,xa_he_3020.mdls,1,1A7358,Resist 0C Unknown,64 00 00 00,100
Cerberus,xa_he_3020.mdls,1,1A735C,Resist 0D Unknown,64 00 00 00,100
Cerberus,xa_he_3020.mdls,1,1A7360,Resist 0E Unknown,64 00 00 00,100
Cerberus,xa_he_3020.mdls,1,1A7364,Resist 0F Unknown,64 00 00 00,100
Cerberus,xa_he_3020.mdls,1,1A7368,??? (+68),00 00 00 00,0
Cerberus,xa_he_3020.mdls,2,1A736C,HP,B0 04 00 00,1200
Cerberus,xa_he_3020.mdls,2,1A7370,ATK Level,13 00 00 00,19
Cerberus,xa_he_3020.mdls,2,1A7374,DEF Level,13 00 00 00,19
Cerberus,xa_he_3020.mdls,2,1A7378,Min Damage Taken,02 00 00 00,2
Cerberus,xa_he_3020.mdls,2,1A737C,Max Damage Taken,14 00 00 00,20
Cerberus,xa_he_3020.mdls,2,1A7380,MP Recovery On Hit,39 00 00 00,57
Cerberus,xa_he_3020.mdls,2,1A7384,Knockback Weight,00 00 80 3F,1
Cerberus,xa_he_3020.mdls,2,1A7388,EXP,E8 03 00 00,1000
Cerberus,xa_he_3020.mdls,2,1A738C,??? (+20),E9 13 00 00,5097
Cerberus,xa_he_3020.mdls,2,1A7390,Outgoing Damage Multiplier,9A 99 59 40,3.4
Cerberus,xa_he_3020.mdls,2,1A7394,Resist 00 Unknown,32 00 00 00,50
Cerberus,xa_he_3020.mdls,2,1A7398,Resist 01 Physical,64 00 00 00,100
Cerberus,xa_he_3020.mdls,2,1A739C,Resist 02 Fire,31 00 00 00,49
Cerberus,xa_he_3020.mdls,2,1A73A0,Resist 03 Blizzard,32 00 00 00,50
Cerberus,xa_he_3020.mdls,2,1A73A4,Resist 04 Thunder,64 00 00 00,100
Cerberus,xa_he_3020.mdls,2,1A73A8,Resist 05 Unknown,64 00 00 00,100
Cerberus,xa_he_3020.mdls,2,1A73AC,Resist 06 Unknown,64 00 00 00,100
Cerberus,xa_he_3020.mdls,2,1A73B0,Resist 07 Unknown,64 00 00 00,100
Cerberus,xa_he_3020.mdls,2,1A73B4,Resist 08 Percent HP,03 00 00 00,3
Cerberus,xa_he_3020.mdls,2,1A73B8,Resist 09 Stop,14 00 00 00,20
Cerberus,xa_he_3020.mdls,2,1A73BC,Resist 0A Stun,32 00 00 00,50
Cerberus,xa_he_3020.mdls,2,1A73C0,Resist 0B Heal,64 00 00 00,100
Cerberus,xa_he_3020.mdls,2,1A73C4,Resist 0C Unknown,64 00 00 00,100
Cerberus,xa_he_3020.mdls,2,1A73C8,Resist 0D Unknown,64 00 00 00,100
Cerberus,xa_he_3020.mdls,2,1A73CC,Resist 0E Unknown,64 00 00 00,100
Cerberus,xa_he_3020.mdls,2,1A73D0,Resist 0F Unknown,64 00 00 00,100
Cerberus,xa_he_3020.mdls,2,1A73D4,??? (+68),00 00 00 00,0
Cerberus,xa_he_3020.mdls,3,1A73D8,HP,B0 04 00 00,1200
Cerberus,xa_he_3020.mdls,3,1A73DC,ATK Level,13 00 00 00,19
Cerberus,xa_he_3020.mdls,3,1A73E0,DEF Level,13 00 00 00,19
Cerberus,xa_he_3020.mdls,3,1A73E4,Min Damage Taken,02 00 00 00,2
Cerberus,xa_he_3020.mdls,3,1A73E8,Max Damage Taken,14 00 00 00,20
Cerberus,xa_he_3020.mdls,3,1A73EC,MP Recovery On Hit,39 00 00 00,57
Cerberus,xa_he_3020.mdls,3,1A73F0,Knockback Weight,00 00 80 3F,1
Cerberus,xa_he_3020.mdls,3,1A73F4,EXP,E8 03 00 00,1000
Cerberus,xa_he_3020.mdls,3,1A73F8,??? (+20),E9 13 00 00,5097
Cerberus,xa_he_3020.mdls,3,1A73FC,Outgoing Damage Multiplier,9A 99 59 40,3.4
Cerberus,xa_he_3020.mdls,3,1A7400,Resist 00 Unknown,32 00 00 00,50
Cerberus,xa_he_3020.mdls,3,1A7404,Resist 01 Physical,64 00 00 00,100
Cerberus,xa_he_3020.mdls,3,1A7408,Resist 02 Fire,31 00 00 00,49
Cerberus,xa_he_3020.mdls,3,1A740C,Resist 03 Blizzard,32 00 00 00,50
Cerberus,xa_he_3020.mdls,3,1A7410,Resist 04 Thunder,64 00 00 00,100
Cerberus,xa_he_3020.mdls,3,1A7414,Resist 05 Unknown,64 00 00 00,100
Cerberus,xa_he_3020.mdls,3,1A7418,Resist 06 Unknown,64 00 00 00,100
Cerberus,xa_he_3020.mdls,3,1A741C,Resist 07 Unknown,64 00 00 00,100
Cerberus,xa_he_3020.mdls,3,1A7420,Resist 08 Percent HP,03 00 00 00,3
Cerberus,xa_he_3020.mdls,3,1A7424,Resist 09 Stop,14 00 00 00,20
Cerberus,xa_he_3020.mdls,3,1A7428,Resist 0A Stun,32 00 00 00,50
Cerberus,xa_he_3020.mdls,3,1A742C,Resist 0B Heal,64 00 00 00,100
Cerberus,xa_he_3020.mdls,3,1A7430,Resist 0C Unknown,64 00 00 00,100
Cerberus,xa_he_3020.mdls,3,1A7434,Resist 0D Unknown,64 00 00 00,100
Cerberus,xa_he_3020.mdls,3,1A7438,Resist 0E Unknown,64 00 00 00,100
Cerberus,xa_he_3020.mdls,3,1A743C,Resist 0F Unknown,64 00 00 00,100
Cerberus,xa_he_3020.mdls,3,1A7440,??? (+68),00 00 00 00,0
Ursula,xa_lm_1050.mdls,0,176B14,HP,C2 01 00 00,450
Ursula,xa_lm_1050.mdls,0,176B18,ATK Level,0C 00 00 00,12
Ursula,xa_lm_1050.mdls,0,176B1C,DEF Level,0C 00 00 00,12
Ursula,xa_lm_1050.mdls,0,176B20,Min Damage Taken,02 00 00 00,2
Ursula,xa_lm_1050.mdls,0,176B24,Max Damage Taken,14 00 00 00,20
Ursula,xa_lm_1050.mdls,0,176B28,MP Recovery On Hit,01 00 00 00,1
Ursula,xa_lm_1050.mdls,0,176B2C,Knockback Weight,00 00 80 3F,1
Ursula,xa_lm_1050.mdls,0,176B30,EXP,E8 03 00 00,1000
Ursula,xa_lm_1050.mdls,0,176B34,??? (+20),61 14 00 00,5217
Ursula,xa_lm_1050.mdls,0,176B38,Outgoing Damage Multiplier,00 00 80 3F,1
Ursula,xa_lm_1050.mdls,0,176B3C,Resist 00 Unknown,32 00 00 00,50
Ursula,xa_lm_1050.mdls,0,176B40,Resist 01 Physical,64 00 00 00,100
Ursula,xa_lm_1050.mdls,0,176B44,Resist 02 Fire,31 00 00 00,49
Ursula,xa_lm_1050.mdls,0,176B48,Resist 03 Blizzard,32 00 00 00,50
Ursula,xa_lm_1050.mdls,0,176B4C,Resist 04 Thunder,64 00 00 00,100
Ursula,xa_lm_1050.mdls,0,176B50,Resist 05 Unknown,64 00 00 00,100
Ursula,xa_lm_1050.mdls,0,176B54,Resist 06 Unknown,64 00 00 00,100
Ursula,xa_lm_1050.mdls,0,176B58,Resist 07 Unknown,64 00 00 00,100
Ursula,xa_lm_1050.mdls,0,176B5C,Resist 08 Percent HP,04 00 00 00,4
Ursula,xa_lm_1050.mdls,0,176B60,Resist 09 Stop,1E 00 00 00,30
Ursula,xa_lm_1050.mdls,0,176B64,Resist 0A Stun,32 00 00 00,50
Ursula,xa_lm_1050.mdls,0,176B68,Resist 0B Heal,64 00 00 00,100
Ursula,xa_lm_1050.mdls,0,176B6C,Resist 0C Unknown,64 00 00 00,100
Ursula,xa_lm_1050.mdls,0,176B70,Resist 0D Unknown,64 00 00 00,100
Ursula,xa_lm_1050.mdls,0,176B74,Resist 0E Unknown,64 00 00 00,100
Ursula,xa_lm_1050.mdls,0,176B78,Resist 0F Unknown,64 00 00 00,100
Ursula,xa_lm_1050.mdls,0,176B7C,??? (+68),1C 03 00 00,796
Ursula,xa_lm_1050.mdls,1,176B80,HP,B0 04 00 00,1200
Ursula,xa_lm_1050.mdls,1,176B84,ATK Level,11 00 00 00,17
Ursula,xa_lm_1050.mdls,1,176B88,DEF Level,11 00 00 00,17
Ursula,xa_lm_1050.mdls,1,176B8C,Min Damage Taken,02 00 00 00,2
Ursula,xa_lm_1050.mdls,1,176B90,Max Damage Taken,1E 00 00 00,30
Ursula,xa_lm_1050.mdls,1,176B94,MP Recovery On Hit,01 00 00 00,1
Ursula,xa_lm_1050.mdls,1,176B98,Knockback Weight,00 00 80 3F,1
Ursula,xa_lm_1050.mdls,1,176B9C,EXP,DC 05 00 00,1500
Ursula,xa_lm_1050.mdls,1,176BA0,??? (+20),61 14 00 00,5217
Ursula,xa_lm_1050.mdls,1,176BA4,Outgoing Damage Multiplier,00 00 C0 3F,1.5
Ursula,xa_lm_1050.mdls,1,176BA8,Resist 00 Unknown,32 00 00 00,50
Ursula,xa_lm_1050.mdls,1,176BAC,Resist 01 Physical,64 00 00 00,100
Ursula,xa_lm_1050.mdls,1,176BB0,Resist 02 Fire,31 00 00 00,49
Ursula,xa_lm_1050.mdls,1,176BB4,Resist 03 Blizzard,32 00 00 00,50
Ursula,xa_lm_1050.mdls,1,176BB8,Resist 04 Thunder,64 00 00 00,100
Ursula,xa_lm_1050.mdls,1,176BBC,Resist 05 Unknown,64 00 00 00,100
Ursula,xa_lm_1050.mdls,1,176BC0,Resist 06 Unknown,64 00 00 00,100
Ursula,xa_lm_1050.mdls,1,176BC4,Resist 07 Unknown,64 00 00 00,100
Ursula,xa_lm_1050.mdls,1,176BC8,Resist 08 Percent HP,03 00 00 00,3
Ursula,xa_lm_1050.mdls,1,176BCC,Resist 09 Stop,14 00 00 00,20
Ursula,xa_lm_1050.mdls,1,176BD0,Resist 0A Stun,32 00 00 00,50
Ursula,xa_lm_1050.mdls,1,176BD4,Resist 0B Heal,64 00 00 00,100
Ursula,xa_lm_1050.mdls,1,176BD8,Resist 0C Unknown,64 00 00 00,100
Ursula,xa_lm_1050.mdls,1,176BDC,Resist 0D Unknown,64 00 00 00,100
Ursula,xa_lm_1050.mdls,1,176BE0,Resist 0E Unknown,64 00 00 00,100
Ursula,xa_lm_1050.mdls,1,176BE4,Resist 0F Unknown,64 00 00 00,100
Ursula,xa_lm_1050.mdls,1,176BE8,??? (+68),1C 03 00 00,796
Ursula Big (Boss),xa_lm_3000.mdls,0,175B14,HP,84 03 00 00,900
Ursula Big (Boss),xa_lm_3000.mdls,0,175B18,ATK Level,0C 00 00 00,12
Ursula Big (Boss),xa_lm_3000.mdls,0,175B1C,DEF Level,0C 00 00 00,12
Ursula Big (Boss),xa_lm_3000.mdls,0,175B20,Min Damage Taken,02 00 00 00,2
Ursula Big (Boss),xa_lm_3000.mdls,0,175B24,Max Damage Taken,14 00 00 00,20
Ursula Big (Boss),xa_lm_3000.mdls,0,175B28,MP Recovery On Hit,24 00 00 00,36
Ursula Big (Boss),xa_lm_3000.mdls,0,175B2C,Knockback Weight,00 00 80 3F,1
Ursula Big (Boss),xa_lm_3000.mdls,0,175B30,EXP,DC 05 00 00,1500
Ursula Big (Boss),xa_lm_3000.mdls,0,175B34,??? (+20),2D 14 00 00,5165
Ursula Big (Boss),xa_lm_3000.mdls,0,175B38,Outgoing Damage Multiplier,00 00 80 3F,1
Ursula Big (Boss),xa_lm_3000.mdls,0,175B3C,Resist 00 Unknown,32 00 00 00,50
Ursula Big (Boss),xa_lm_3000.mdls,0,175B40,Resist 01 Physical,64 00 00 00,100
Ursula Big (Boss),xa_lm_3000.mdls,0,175B44,Resist 02 Fire,31 00 00 00,49
Ursula Big (Boss),xa_lm_3000.mdls,0,175B48,Resist 03 Blizzard,32 00 00 00,50
Ursula Big (Boss),xa_lm_3000.mdls,0,175B4C,Resist 04 Thunder,64 00 00 00,100
Ursula Big (Boss),xa_lm_3000.mdls,0,175B50,Resist 05 Unknown,64 00 00 00,100
Ursula Big (Boss),xa_lm_3000.mdls,0,175B54,Resist 06 Unknown,64 00 00 00,100
Ursula Big (Boss),xa_lm_3000.mdls,0,175B58,Resist 07 Unknown,64 00 00 00,100
Ursula Big (Boss),xa_lm_3000.mdls,0,175B5C,Resist 08 Percent HP,04 00 00 00,4
Ursula Big (Boss),xa_lm_3000.mdls,0,175B60,Resist 09 Stop,1E 00 00 00,30
Ursula Big (Boss),xa_lm_3000.mdls,0,175B64,Resist 0A Stun,32 00 00 00,50
Ursula Big (Boss),xa_lm_3000.mdls,0,175B68,Resist 0B Heal,64 00 00 00,100
Ursula Big (Boss),xa_lm_3000.mdls,0,175B6C,Resist 0C Unknown,64 00 00 00,100
Ursula Big (Boss),xa_lm_3000.mdls,0,175B70,Resist 0D Unknown,64 00 00 00,100
Ursula Big (Boss),xa_lm_3000.mdls,0,175B74,Resist 0E Unknown,64 00 00 00,100
Ursula Big (Boss),xa_lm_3000.mdls,0,175B78,Resist 0F Unknown,64 00 00 00,100
Ursula Big (Boss),xa_lm_3000.mdls,0,175B7C,??? (+68),00 00 00 00,0
Ursula Big (Boss),xa_lm_3000.mdls,1,175B80,HP,B0 04 00 00,1200
Ursula Big (Boss),xa_lm_3000.mdls,1,175B84,ATK Level,11 00 00 00,17
Ursula Big (Boss),xa_lm_3000.mdls,1,175B88,DEF Level,11 00 00 00,17
Ursula Big (Boss),xa_lm_3000.mdls,1,175B8C,Min Damage Taken,02 00 00 00,2
Ursula Big (Boss),xa_lm_3000.mdls,1,175B90,Max Damage Taken,1E 00 00 00,30
Ursula Big (Boss),xa_lm_3000.mdls,1,175B94,MP Recovery On Hit,35 00 00 00,53
Ursula Big (Boss),xa_lm_3000.mdls,1,175B98,Knockback Weight,00 00 80 3F,1
Ursula Big (Boss),xa_lm_3000.mdls,1,175B9C,EXP,D0 07 00 00,2000
Ursula Big (Boss),xa_lm_3000.mdls,1,175BA0,??? (+20),2D 14 00 00,5165
Ursula Big (Boss),xa_lm_3000.mdls,1,175BA4,Outgoing Damage Multiplier,00 00 C0 3F,1.5
Ursula Big (Boss),xa_lm_3000.mdls,1,175BA8,Resist 00 Unknown,32 00 00 00,50
Ursula Big (Boss),xa_lm_3000.mdls,1,175BAC,Resist 01 Physical,64 00 00 00,100
Ursula Big (Boss),xa_lm_3000.mdls,1,175BB0,Resist 02 Fire,31 00 00 00,49
Ursula Big (Boss),xa_lm_3000.mdls,1,175BB4,Resist 03 Blizzard,32 00 00 00,50
Ursula Big (Boss),xa_lm_3000.mdls,1,175BB8,Resist 04 Thunder,64 00 00 00,100
Ursula Big (Boss),xa_lm_3000.mdls,1,175BBC,Resist 05 Unknown,64 00 00 00,100
Ursula Big (Boss),xa_lm_3000.mdls,1,175BC0,Resist 06 Unknown,64 00 00 00,100
Ursula Big (Boss),xa_lm_3000.mdls,1,175BC4,Resist 07 Unknown,64 00 00 00,100
Ursula Big (Boss),xa_lm_3000.mdls,1,175BC8,Resist 08 Percent HP,03 00 00 00,3
Ursula Big (Boss),xa_lm_3000.mdls,1,175BCC,Resist 09 Stop,14 00 00 00,20
Ursula Big (Boss),xa_lm_3000.mdls,1,175BD0,Resist 0A Stun,32 00 00 00,50
Ursula Big (Boss),xa_lm_3000.mdls,1,175BD4,Resist 0B Heal,64 00 00 00,100
Ursula Big (Boss),xa_lm_3000.mdls,1,175BD8,Resist 0C Unknown,64 00 00 00,100
Ursula Big (Boss),xa_lm_3000.mdls,1,175BDC,Resist 0D Unknown,64 00 00 00,100
Ursula Big (Boss),xa_lm_3000.mdls,1,175BE0,Resist 0E Unknown,64 00 00 00,100
Ursula Big (Boss),xa_lm_3000.mdls,1,175BE4,Resist 0F Unknown,64 00 00 00,100
Ursula Big (Boss),xa_lm_3000.mdls,1,175BE8,??? (+68),00 00 00 00,0
Flotsam / Jetsam,xa_lm_3020.mdls,0,79594,HP,3C 00 00 00,60
Flotsam / Jetsam,xa_lm_3020.mdls,0,79598,ATK Level,0C 00 00 00,12
Flotsam / Jetsam,xa_lm_3020.mdls,0,7959C,DEF Level,0C 00 00 00,12
Flotsam / Jetsam,xa_lm_3020.mdls,0,795A0,Min Damage Taken,02 00 00 00,2
Flotsam / Jetsam,xa_lm_3020.mdls,0,795A4,Max Damage Taken,14 00 00 00,20
Flotsam / Jetsam,xa_lm_3020.mdls,0,795A8,MP Recovery On Hit,64 00 00 00,100
Flotsam / Jetsam,xa_lm_3020.mdls,0,795AC,Knockback Weight,00 00 80 3F,1
Flotsam / Jetsam,xa_lm_3020.mdls,0,795B0,EXP,96 00 00 00,150
Flotsam / Jetsam,xa_lm_3020.mdls,0,795B4,??? (+20),31 14 00 00,5169
Flotsam / Jetsam,xa_lm_3020.mdls,0,795B8,Outgoing Damage Multiplier,00 00 80 3F,1
Flotsam / Jetsam,xa_lm_3020.mdls,0,795BC,Resist 00 Unknown,64 00 00 00,100
Flotsam / Jetsam,xa_lm_3020.mdls,0,795C0,Resist 01 Physical,64 00 00 00,100
Flotsam / Jetsam,xa_lm_3020.mdls,0,795C4,Resist 02 Fire,64 00 00 00,100
Flotsam / Jetsam,xa_lm_3020.mdls,0,795C8,Resist 03 Blizzard,64 00 00 00,100
Flotsam / Jetsam,xa_lm_3020.mdls,0,795CC,Resist 04 Thunder,64 00 00 00,100
Flotsam / Jetsam,xa_lm_3020.mdls,0,795D0,Resist 05 Unknown,64 00 00 00,100
Flotsam / Jetsam,xa_lm_3020.mdls,0,795D4,Resist 06 Unknown,64 00 00 00,100
Flotsam / Jetsam,xa_lm_3020.mdls,0,795D8,Resist 07 Unknown,64 00 00 00,100
Flotsam / Jetsam,xa_lm_3020.mdls,0,795DC,Resist 08 Percent HP,64 00 00 00,100
Flotsam / Jetsam,xa_lm_3020.mdls,0,795E0,Resist 09 Stop,64 00 00 00,100
Flotsam / Jetsam,xa_lm_3020.mdls,0,795E4,Resist 0A Stun,64 00 00 00,100
Flotsam / Jetsam,xa_lm_3020.mdls,0,795E8,Resist 0B Heal,64 00 00 00,100
Flotsam / Jetsam,xa_lm_3020.mdls,0,795EC,Resist 0C Unknown,64 00 00 00,100
Flotsam / Jetsam,xa_lm_3020.mdls,0,795F0,Resist 0D Unknown,64 00 00 00,100
Flotsam / Jetsam,xa_lm_3020.mdls,0,795F4,Resist 0E Unknown,64 00 00 00,100
Flotsam / Jetsam,xa_lm_3020.mdls,0,795F8,Resist 0F Unknown,64 00 00 00,100
Flotsam / Jetsam,xa_lm_3020.mdls,0,795FC,??? (+68),00 00 00 00,0
Flotsam / Jetsam,xa_lm_3020.mdls,1,79600,HP,78 00 00 00,120
Flotsam / Jetsam,xa_lm_3020.mdls,1,79604,ATK Level,11 00 00 00,17
Flotsam / Jetsam,xa_lm_3020.mdls,1,79608,DEF Level,11 00 00 00,17
Flotsam / Jetsam,xa_lm_3020.mdls,1,7960C,Min Damage Taken,02 00 00 00,2
Flotsam / Jetsam,xa_lm_3020.mdls,1,79610,Max Damage Taken,1E 00 00 00,30
Flotsam / Jetsam,xa_lm_3020.mdls,1,79614,MP Recovery On Hit,64 00 00 00,100
Flotsam / Jetsam,xa_lm_3020.mdls,1,79618,Knockback Weight,00 00 80 3F,1
Flotsam / Jetsam,xa_lm_3020.mdls,1,7961C,EXP,F4 01 00 00,500
Flotsam / Jetsam,xa_lm_3020.mdls,1,79620,??? (+20),31 14 00 00,5169
Flotsam / Jetsam,xa_lm_3020.mdls,1,79624,Outgoing Damage Multiplier,00 00 C0 3F,1.5
Flotsam / Jetsam,xa_lm_3020.mdls,1,79628,Resist 00 Unknown,64 00 00 00,100
Flotsam / Jetsam,xa_lm_3020.mdls,1,7962C,Resist 01 Physical,64 00 00 00,100
Flotsam / Jetsam,xa_lm_3020.mdls,1,79630,Resist 02 Fire,64 00 00 00,100
Flotsam / Jetsam,xa_lm_3020.mdls,1,79634,Resist 03 Blizzard,64 00 00 00,100
Flotsam / Jetsam,xa_lm_3020.mdls,1,79638,Resist 04 Thunder,64 00 00 00,100
Flotsam / Jetsam,xa_lm_3020.mdls,1,7963C,Resist 05 Unknown,64 00 00 00,100
Flotsam / Jetsam,xa_lm_3020.mdls,1,79640,Resist 06 Unknown,64 00 00 00,100
Flotsam / Jetsam,xa_lm_3020.mdls,1,79644,Resist 07 Unknown,64 00 00 00,100
Flotsam / Jetsam,xa_lm_3020.mdls,1,79648,Resist 08 Percent HP,64 00 00 00,100
Flotsam / Jetsam,xa_lm_3020.mdls,1,7964C,Resist 09 Stop,64 00 00 00,100
Flotsam / Jetsam,xa_lm_3020.mdls,1,79650,Resist 0A Stun,64 00 00 00,100
Flotsam / Jetsam,xa_lm_3020.mdls,1,79654,Resist 0B Heal,64 00 00 00,100
Flotsam / Jetsam,xa_lm_3020.mdls,1,79658,Resist 0C Unknown,64 00 00 00,100
Flotsam / Jetsam,xa_lm_3020.mdls,1,7965C,Resist 0D Unknown,64 00 00 00,100
Flotsam / Jetsam,xa_lm_3020.mdls,1,79660,Resist 0E Unknown,64 00 00 00,100
Flotsam / Jetsam,xa_lm_3020.mdls,1,79664,Resist 0F Unknown,64 00 00 00,100
Flotsam / Jetsam,xa_lm_3020.mdls,1,79668,??? (+68),00 00 00 00,0
Shark,xa_lm_3030.mdls,0,AAF14,HP,C8 00 00 00,200
Shark,xa_lm_3030.mdls,0,AAF18,ATK Level,0C 00 00 00,12
Shark,xa_lm_3030.mdls,0,AAF1C,DEF Level,0C 00 00 00,12
Shark,xa_lm_3030.mdls,0,AAF20,Min Damage Taken,02 00 00 00,2
Shark,xa_lm_3030.mdls,0,AAF24,Max Damage Taken,14 00 00 00,20
Shark,xa_lm_3030.mdls,0,AAF28,MP Recovery On Hit,20 00 00 00,32
Shark,xa_lm_3030.mdls,0,AAF2C,Knockback Weight,00 00 80 3F,1
Shark,xa_lm_3030.mdls,0,AAF30,EXP,64 00 00 00,100
Shark,xa_lm_3030.mdls,0,AAF34,??? (+20),0D 14 00 00,5133
Shark,xa_lm_3030.mdls,0,AAF38,Outgoing Damage Multiplier,00 00 80 3F,1
Shark,xa_lm_3030.mdls,0,AAF3C,Resist 00 Unknown,32 00 00 00,50
Shark,xa_lm_3030.mdls,0,AAF40,Resist 01 Physical,64 00 00 00,100
Shark,xa_lm_3030.mdls,0,AAF44,Resist 02 Fire,31 00 00 00,49
Shark,xa_lm_3030.mdls,0,AAF48,Resist 03 Blizzard,32 00 00 00,50
Shark,xa_lm_3030.mdls,0,AAF4C,Resist 04 Thunder,64 00 00 00,100
Shark,xa_lm_3030.mdls,0,AAF50,Resist 05 Unknown,64 00 00 00,100
Shark,xa_lm_3030.mdls,0,AAF54,Resist 06 Unknown,64 00 00 00,100
Shark,xa_lm_3030.mdls,0,AAF58,Resist 07 Unknown,64 00 00 00,100
Shark,xa_lm_3030.mdls,0,AAF5C,Resist 08 Percent HP,04 00 00 00,4
Shark,xa_lm_3030.mdls,0,AAF60,Resist 09 Stop,1E 00 00 00,30
Shark,xa_lm_3030.mdls,0,AAF64,Resist 0A Stun,32 00 00 00,50
Shark,xa_lm_3030.mdls,0,AAF68,Resist 0B Heal,64 00 00 00,100
Shark,xa_lm_3030.mdls,0,AAF6C,Resist 0C Unknown,64 00 00 00,100
Shark,xa_lm_3030.mdls,0,AAF70,Resist 0D Unknown,64 00 00 00,100
Shark,xa_lm_3030.mdls,0,AAF74,Resist 0E Unknown,64 00 00 00,100
Shark,xa_lm_3030.mdls,0,AAF78,Resist 0F Unknown,64 00 00 00,100
Shark,xa_lm_3030.mdls,0,AAF7C,??? (+68),00 00 00 00,0
Shark,xa_lm_3030.mdls,1,AAF80,HP,2C 01 00 00,300
Shark,xa_lm_3030.mdls,1,AAF84,ATK Level,11 00 00 00,17
Shark,xa_lm_3030.mdls,1,AAF88,DEF Level,11 00 00 00,17
Shark,xa_lm_3030.mdls,1,AAF8C,Min Damage Taken,02 00 00 00,2
Shark,xa_lm_3030.mdls,1,AAF90,Max Damage Taken,14 00 00 00,20
Shark,xa_lm_3030.mdls,1,AAF94,MP Recovery On Hit,31 00 00 00,49
Shark,xa_lm_3030.mdls,1,AAF98,Knockback Weight,00 00 80 3F,1
Shark,xa_lm_3030.mdls,1,AAF9C,EXP,F4 01 00 00,500
Shark,xa_lm_3030.mdls,1,AAFA0,??? (+20),0D 14 00 00,5133
Shark,xa_lm_3030.mdls,1,AAFA4,Outgoing Damage Multiplier,00 00 C0 3F,1.5
Shark,xa_lm_3030.mdls,1,AAFA8,Resist 00 Unknown,32 00 00 00,50
Shark,xa_lm_3030.mdls,1,AAFAC,Resist 01 Physical,64 00 00 00,100
Shark,xa_lm_3030.mdls,1,AAFB0,Resist 02 Fire,31 00 00 00,49
Shark,xa_lm_3030.mdls,1,AAFB4,Resist 03 Blizzard,32 00 00 00,50
Shark,xa_lm_3030.mdls,1,AAFB8,Resist 04 Thunder,64 00 00 00,100
Shark,xa_lm_3030.mdls,1,AAFBC,Resist 05 Unknown,64 00 00 00,100
Shark,xa_lm_3030.mdls,1,AAFC0,Resist 06 Unknown,64 00 00 00,100
Shark,xa_lm_3030.mdls,1,AAFC4,Resist 07 Unknown,64 00 00 00,100
Shark,xa_lm_3030.mdls,1,AAFC8,Resist 08 Percent HP,03 00 00 00,3
Shark,xa_lm_3030.mdls,1,AAFCC,Resist 09 Stop,14 00 00 00,20
Shark,xa_lm_3030.mdls,1,AAFD0,Resist 0A Stun,32 00 00 00,50
Shark,xa_lm_3030.mdls,1,AAFD4,Resist 0B Heal,64 00 00 00,100
Shark,xa_lm_3030.mdls,1,AAFD8,Resist 0C Unknown,64 00 00 00,100
Shark,xa_lm_3030.mdls,1,AAFDC,Resist 0D Unknown,64 00 00 00,100
Shark,xa_lm_3030.mdls,1,AAFE0,Resist 0E Unknown,64 00 00 00,100
Shark,xa_lm_3030.mdls,1,AAFE4,Resist 0F Unknown,64 00 00 00,100
Shark,xa_lm_3030.mdls,1,AAFE8,??? (+68),00 00 00 00,0
Lock,xa_nm_1030.mdls,0,6EA94,HP,96 00 00 00,150
Lock,xa_nm_1030.mdls,0,6EA98,ATK Level,0D 00 00 00,13
Lock,xa_nm_1030.mdls,0,6EA9C,DEF Level,0D 00 00 00,13
Lock,xa_nm_1030.mdls,0,6EAA0,Min Damage Taken,02 00 00 00,2
Lock,xa_nm_1030.mdls,0,6EAA4,Max Damage Taken,14 00 00 00,20
Lock,xa_nm_1030.mdls,0,6EAA8,MP Recovery On Hit,24 00 00 00,36
Lock,xa_nm_1030.mdls,0,6EAAC,Knockback Weight,00 00 80 3F,1
Lock,xa_nm_1030.mdls,0,6EAB0,EXP,B4 00 00 00,180
Lock,xa_nm_1030.mdls,0,6EAB4,??? (+20),00 00 00 00,0
Lock,xa_nm_1030.mdls,0,6EAB8,Outgoing Damage Multiplier,00 00 80 3F,1
Lock,xa_nm_1030.mdls,0,6EABC,Resist 00 Unknown,32 00 00 00,50
Lock,xa_nm_1030.mdls,0,6EAC0,Resist 01 Physical,64 00 00 00,100
Lock,xa_nm_1030.mdls,0,6EAC4,Resist 02 Fire,31 00 00 00,49
Lock,xa_nm_1030.mdls,0,6EAC8,Resist 03 Blizzard,32 00 00 00,50
Lock,xa_nm_1030.mdls,0,6EACC,Resist 04 Thunder,64 00 00 00,100
Lock,xa_nm_1030.mdls,0,6EAD0,Resist 05 Unknown,64 00 00 00,100
Lock,xa_nm_1030.mdls,0,6EAD4,Resist 06 Unknown,64 00 00 00,100
Lock,xa_nm_1030.mdls,0,6EAD8,Resist 07 Unknown,64 00 00 00,100
Lock,xa_nm_1030.mdls,0,6EADC,Resist 08 Percent HP,04 00 00 00,4
Lock,xa_nm_1030.mdls,0,6EAE0,Resist 09 Stop,1E 00 00 00,30
Lock,xa_nm_1030.mdls,0,6EAE4,Resist 0A Stun,32 00 00 00,50
Lock,xa_nm_1030.mdls,0,6EAE8,Resist 0B Heal,64 00 00 00,100
Lock,xa_nm_1030.mdls,0,6EAEC,Resist 0C Unknown,64 00 00 00,100
Lock,xa_nm_1030.mdls,0,6EAF0,Resist 0D Unknown,64 00 00 00,100
Lock,xa_nm_1030.mdls,0,6EAF4,Resist 0E Unknown,64 00 00 00,100
Lock,xa_nm_1030.mdls,0,6EAF8,Resist 0F Unknown,64 00 00 00,100
Lock,xa_nm_1030.mdls,0,6EAFC,??? (+68),00 00 00 00,0
Lock,xa_nm_1030.mdls,1,6EB00,HP,90 01 00 00,400
Lock,xa_nm_1030.mdls,1,6EB04,ATK Level,11 00 00 00,17
Lock,xa_nm_1030.mdls,1,6EB08,DEF Level,11 00 00 00,17
Lock,xa_nm_1030.mdls,1,6EB0C,Min Damage Taken,02 00 00 00,2
Lock,xa_nm_1030.mdls,1,6EB10,Max Damage Taken,1E 00 00 00,30
Lock,xa_nm_1030.mdls,1,6EB14,MP Recovery On Hit,31 00 00 00,49
Lock,xa_nm_1030.mdls,1,6EB18,Knockback Weight,00 00 80 3F,1
Lock,xa_nm_1030.mdls,1,6EB1C,EXP,58 02 00 00,600
Lock,xa_nm_1030.mdls,1,6EB20,??? (+20),00 00 00 00,0
Lock,xa_nm_1030.mdls,1,6EB24,Outgoing Damage Multiplier,00 00 C0 3F,1.5
Lock,xa_nm_1030.mdls,1,6EB28,Resist 00 Unknown,32 00 00 00,50
Lock,xa_nm_1030.mdls,1,6EB2C,Resist 01 Physical,64 00 00 00,100
Lock,xa_nm_1030.mdls,1,6EB30,Resist 02 Fire,31 00 00 00,49
Lock,xa_nm_1030.mdls,1,6EB34,Resist 03 Blizzard,32 00 00 00,50
Lock,xa_nm_1030.mdls,1,6EB38,Resist 04 Thunder,64 00 00 00,100
Lock,xa_nm_1030.mdls,1,6EB3C,Resist 05 Unknown,64 00 00 00,100
Lock,xa_nm_1030.mdls,1,6EB40,Resist 06 Unknown,64 00 00 00,100
Lock,xa_nm_1030.mdls,1,6EB44,Resist 07 Unknown,64 00 00 00,100
Lock,xa_nm_1030.mdls,1,6EB48,Resist 08 Percent HP,03 00 00 00,3
Lock,xa_nm_1030.mdls,1,6EB4C,Resist 09 Stop,14 00 00 00,20
Lock,xa_nm_1030.mdls,1,6EB50,Resist 0A Stun,32 00 00 00,50
Lock,xa_nm_1030.mdls,1,6EB54,Resist 0B Heal,64 00 00 00,100
Lock,xa_nm_1030.mdls,1,6EB58,Resist 0C Unknown,64 00 00 00,100
Lock,xa_nm_1030.mdls,1,6EB5C,Resist 0D Unknown,64 00 00 00,100
Lock,xa_nm_1030.mdls,1,6EB60,Resist 0E Unknown,64 00 00 00,100
Lock,xa_nm_1030.mdls,1,6EB64,Resist 0F Unknown,64 00 00 00,100
Lock,xa_nm_1030.mdls,1,6EB68,??? (+68),00 00 00 00,0
Shock,xa_nm_1040.mdls,0,9FC14,HP,78 00 00 00,120
Shock,xa_nm_1040.mdls,0,9FC18,ATK Level,0D 00 00 00,13
Shock,xa_nm_1040.mdls,0,9FC1C,DEF Level,0D 00 00 00,13
Shock,xa_nm_1040.mdls,0,9FC20,Min Damage Taken,02 00 00 00,2
Shock,xa_nm_1040.mdls,0,9FC24,Max Damage Taken,14 00 00 00,20
Shock,xa_nm_1040.mdls,0,9FC28,MP Recovery On Hit,24 00 00 00,36
Shock,xa_nm_1040.mdls,0,9FC2C,Knockback Weight,00 00 80 3F,1
Shock,xa_nm_1040.mdls,0,9FC30,EXP,78 00 00 00,120
Shock,xa_nm_1040.mdls,0,9FC34,??? (+20),00 00 00 00,0
Shock,xa_nm_1040.mdls,0,9FC38,Outgoing Damage Multiplier,00 00 80 3F,1
Shock,xa_nm_1040.mdls,0,9FC3C,Resist 00 Unknown,32 00 00 00,50
Shock,xa_nm_1040.mdls,0,9FC40,Resist 01 Physical,64 00 00 00,100
Shock,xa_nm_1040.mdls,0,9FC44,Resist 02 Fire,31 00 00 00,49
Shock,xa_nm_1040.mdls,0,9FC48,Resist 03 Blizzard,32 00 00 00,50
Shock,xa_nm_1040.mdls,0,9FC4C,Resist 04 Thunder,64 00 00 00,100
Shock,xa_nm_1040.mdls,0,9FC50,Resist 05 Unknown,64 00 00 00,100
Shock,xa_nm_1040.mdls,0,9FC54,Resist 06 Unknown,64 00 00 00,100
Shock,xa_nm_1040.mdls,0,9FC58,Resist 07 Unknown,64 00 00 00,100
Shock,xa_nm_1040.mdls,0,9FC5C,Resist 08 Percent HP,04 00 00 00,4
Shock,xa_nm_1040.mdls,0,9FC60,Resist 09 Stop,1E 00 00 00,30
Shock,xa_nm_1040.mdls,0,9FC64,Resist 0A Stun,32 00 00 00,50
Shock,xa_nm_1040.mdls,0,9FC68,Resist 0B Heal,64 00 00 00,100
Shock,xa_nm_1040.mdls,0,9FC6C,Resist 0C Unknown,64 00 00 00,100
Shock,xa_nm_1040.mdls,0,9FC70,Resist 0D Unknown,64 00 00 00,100
Shock,xa_nm_1040.mdls,0,9FC74,Resist 0E Unknown,64 00 00 00,100
Shock,xa_nm_1040.mdls,0,9FC78,Resist 0F Unknown,64 00 00 00,100
Shock,xa_nm_1040.mdls,0,9FC7C,??? (+68),00 00 00 00,0
Shock,xa_nm_1040.mdls,1,9FC80,HP,2C 01 00 00,300
Shock,xa_nm_1040.mdls,1,9FC84,ATK Level,11 00 00 00,17
Shock,xa_nm_1040.mdls,1,9FC88,DEF Level,11 00 00 00,17
Shock,xa_nm_1040.mdls,1,9FC8C,Min Damage Taken,02 00 00 00,2
Shock,xa_nm_1040.mdls,1,9FC90,Max Damage Taken,14 00 00 00,20
Shock,xa_nm_1040.mdls,1,9FC94,MP Recovery On Hit,31 00 00 00,49
Shock,xa_nm_1040.mdls,1,9FC98,Knockback Weight,00 00 80 3F,1
Shock,xa_nm_1040.mdls,1,9FC9C,EXP,90 01 00 00,400
Shock,xa_nm_1040.mdls,1,9FCA0,??? (+20),00 00 00 00,0
Shock,xa_nm_1040.mdls,1,9FCA4,Outgoing Damage Multiplier,00 00 C0 3F,1.5
Shock,xa_nm_1040.mdls,1,9FCA8,Resist 00 Unknown,32 00 00 00,50
Shock,xa_nm_1040.mdls,1,9FCAC,Resist 01 Physical,64 00 00 00,100
Shock,xa_nm_1040.mdls,1,9FCB0,Resist 02 Fire,31 00 00 00,49
Shock,xa_nm_1040.mdls,1,9FCB4,Resist 03 Blizzard,32 00 00 00,50
Shock,xa_nm_1040.mdls,1,9FCB8,Resist 04 Thunder,64 00 00 00,100
Shock,xa_nm_1040.mdls,1,9FCBC,Resist 05 Unknown,64 00 00 00,100
Shock,xa_nm_1040.mdls,1,9FCC0,Resist 06 Unknown,64 00 00 00,100
Shock,xa_nm_1040.mdls,1,9FCC4,Resist 07 Unknown,64 00 00 00,100
Shock,xa_nm_1040.mdls,1,9FCC8,Resist 08 Percent HP,03 00 00 00,3
Shock,xa_nm_1040.mdls,1,9FCCC,Resist 09 Stop,14 00 00 00,20
Shock,xa_nm_1040.mdls,1,9FCD0,Resist 0A Stun,32 00 00 00,50
Shock,xa_nm_1040.mdls,1,9FCD4,Resist 0B Heal,64 00 00 00,100
Shock,xa_nm_1040.mdls,1,9FCD8,Resist 0C Unknown,64 00 00 00,100
Shock,xa_nm_1040.mdls,1,9FCDC,Resist 0D Unknown,64 00 00 00,100
Shock,xa_nm_1040.mdls,1,9FCE0,Resist 0E Unknown,64 00 00 00,100
Shock,xa_nm_1040.mdls,1,9FCE4,Resist 0F Unknown,64 00 00 00,100
Shock,xa_nm_1040.mdls,1,9FCE8,??? (+68),00 00 00 00,0
Barrel,xa_nm_1050.mdls,0,62014,HP,B4 00 00 00,180
Barrel,xa_nm_1050.mdls,0,62018,ATK Level,0D 00 00 00,13
Barrel,xa_nm_1050.mdls,0,6201C,DEF Level,0D 00 00 00,13
Barrel,xa_nm_1050.mdls,0,62020,Min Damage Taken,02 00 00 00,2
Barrel,xa_nm_1050.mdls,0,62024,Max Damage Taken,14 00 00 00,20
Barrel,xa_nm_1050.mdls,0,62028,MP Recovery On Hit,24 00 00 00,36
Barrel,xa_nm_1050.mdls,0,6202C,Knockback Weight,00 00 80 3F,1
Barrel,xa_nm_1050.mdls,0,62030,EXP,F0 00 00 00,240
Barrel,xa_nm_1050.mdls,0,62034,??? (+20),00 00 00 00,0
Barrel,xa_nm_1050.mdls,0,62038,Outgoing Damage Multiplier,00 00 80 3F,1
Barrel,xa_nm_1050.mdls,0,6203C,Resist 00 Unknown,32 00 00 00,50
Barrel,xa_nm_1050.mdls,0,62040,Resist 01 Physical,64 00 00 00,100
Barrel,xa_nm_1050.mdls,0,62044,Resist 02 Fire,31 00 00 00,49
Barrel,xa_nm_1050.mdls,0,62048,Resist 03 Blizzard,32 00 00 00,50
Barrel,xa_nm_1050.mdls,0,6204C,Resist 04 Thunder,64 00 00 00,100
Barrel,xa_nm_1050.mdls,0,62050,Resist 05 Unknown,64 00 00 00,100
Barrel,xa_nm_1050.mdls,0,62054,Resist 06 Unknown,64 00 00 00,100
Barrel,xa_nm_1050.mdls,0,62058,Resist 07 Unknown,64 00 00 00,100
Barrel,xa_nm_1050.mdls,0,6205C,Resist 08 Percent HP,04 00 00 00,4
Barrel,xa_nm_1050.mdls,0,62060,Resist 09 Stop,1E 00 00 00,30
Barrel,xa_nm_1050.mdls,0,62064,Resist 0A Stun,32 00 00 00,50
Barrel,xa_nm_1050.mdls,0,62068,Resist 0B Heal,64 00 00 00,100
Barrel,xa_nm_1050.mdls,0,6206C,Resist 0C Unknown,64 00 00 00,100
Barrel,xa_nm_1050.mdls,0,62070,Resist 0D Unknown,64 00 00 00,100
Barrel,xa_nm_1050.mdls,0,62074,Resist 0E Unknown,64 00 00 00,100
Barrel,xa_nm_1050.mdls,0,62078,Resist 0F Unknown,64 00 00 00,100
Barrel,xa_nm_1050.mdls,0,6207C,??? (+68),00 00 00 00,0
Barrel,xa_nm_1050.mdls,1,62080,HP,F4 01 00 00,500
Barrel,xa_nm_1050.mdls,1,62084,ATK Level,11 00 00 00,17
Barrel,xa_nm_1050.mdls,1,62088,DEF Level,11 00 00 00,17
Barrel,xa_nm_1050.mdls,1,6208C,Min Damage Taken,02 00 00 00,2
Barrel,xa_nm_1050.mdls,1,62090,Max Damage Taken,14 00 00 00,20
Barrel,xa_nm_1050.mdls,1,62094,MP Recovery On Hit,31 00 00 00,49
Barrel,xa_nm_1050.mdls,1,62098,Knockback Weight,00 00 80 3F,1
Barrel,xa_nm_1050.mdls,1,6209C,EXP,20 03 00 00,800
Barrel,xa_nm_1050.mdls,1,620A0,??? (+20),00 00 00 00,0
Barrel,xa_nm_1050.mdls,1,620A4,Outgoing Damage Multiplier,00 00 C0 3F,1.5
Barrel,xa_nm_1050.mdls,1,620A8,Resist 00 Unknown,32 00 00 00,50
Barrel,xa_nm_1050.mdls,1,620AC,Resist 01 Physical,64 00 00 00,100
Barrel,xa_nm_1050.mdls,1,620B0,Resist 02 Fire,31 00 00 00,49
Barrel,xa_nm_1050.mdls,1,620B4,Resist 03 Blizzard,32 00 00 00,50
Barrel,xa_nm_1050.mdls,1,620B8,Resist 04 Thunder,64 00 00 00,100
Barrel,xa_nm_1050.mdls,1,620BC,Resist 05 Unknown,64 00 00 00,100
Barrel,xa_nm_1050.mdls,1,620C0,Resist 06 Unknown,64 00 00 00,100
Barrel,xa_nm_1050.mdls,1,620C4,Resist 07 Unknown,64 00 00 00,100
Barrel,xa_nm_1050.mdls,1,620C8,Resist 08 Percent HP,03 00 00 00,3
Barrel,xa_nm_1050.mdls,1,620CC,Resist 09 Stop,14 00 00 00,20
Barrel,xa_nm_1050.mdls,1,620D0,Resist 0A Stun,32 00 00 00,50
Barrel,xa_nm_1050.mdls,1,620D4,Resist 0B Heal,64 00 00 00,100
Barrel,xa_nm_1050.mdls,1,620D8,Resist 0C Unknown,64 00 00 00,100
Barrel,xa_nm_1050.mdls,1,620DC,Resist 0D Unknown,64 00 00 00,100
Barrel,xa_nm_1050.mdls,1,620E0,Resist 0E Unknown,64 00 00 00,100
Barrel,xa_nm_1050.mdls,1,620E4,Resist 0F Unknown,64 00 00 00,100
Barrel,xa_nm_1050.mdls,1,620E8,??? (+68),00 00 00 00,0
Oogie Boogie,xa_nm_3000.mdls,0,C2114,HP,C2 01 00 00,450
Oogie Boogie,xa_nm_3000.mdls,0,C2118,ATK Level,0D 00 00 00,13
Oogie Boogie,xa_nm_3000.mdls,0,C211C,DEF Level,0D 00 00 00,13
Oogie Boogie,xa_nm_3000.mdls,0,C2120,Min Damage Taken,02 00 00 00,2
Oogie Boogie,xa_nm_3000.mdls,0,C2124,Max Damage Taken,0F 00 00 00,15
Oogie Boogie,xa_nm_3000.mdls,0,C2128,MP Recovery On Hit,26 00 00 00,38
Oogie Boogie,xa_nm_3000.mdls,0,C212C,Knockback Weight,00 00 80 3F,1
Oogie Boogie,xa_nm_3000.mdls,0,C2130,EXP,C4 09 00 00,2500
Oogie Boogie,xa_nm_3000.mdls,0,C2134,??? (+20),8D 14 00 00,5261
Oogie Boogie,xa_nm_3000.mdls,0,C2138,Outgoing Damage Multiplier,00 00 80 3F,1
Oogie Boogie,xa_nm_3000.mdls,0,C213C,Resist 00 Unknown,32 00 00 00,50
Oogie Boogie,xa_nm_3000.mdls,0,C2140,Resist 01 Physical,96 00 00 00,150
Oogie Boogie,xa_nm_3000.mdls,0,C2144,Resist 02 Fire,19 00 00 00,25
Oogie Boogie,xa_nm_3000.mdls,0,C2148,Resist 03 Blizzard,19 00 00 00,25
Oogie Boogie,xa_nm_3000.mdls,0,C214C,Resist 04 Thunder,32 00 00 00,50
Oogie Boogie,xa_nm_3000.mdls,0,C2150,Resist 05 Unknown,64 00 00 00,100
Oogie Boogie,xa_nm_3000.mdls,0,C2154,Resist 06 Unknown,64 00 00 00,100
Oogie Boogie,xa_nm_3000.mdls,0,C2158,Resist 07 Unknown,64 00 00 00,100
Oogie Boogie,xa_nm_3000.mdls,0,C215C,Resist 08 Percent HP,02 00 00 00,2
Oogie Boogie,xa_nm_3000.mdls,0,C2160,Resist 09 Stop,64 00 00 00,100
Oogie Boogie,xa_nm_3000.mdls,0,C2164,Resist 0A Stun,32 00 00 00,50
Oogie Boogie,xa_nm_3000.mdls,0,C2168,Resist 0B Heal,64 00 00 00,100
Oogie Boogie,xa_nm_3000.mdls,0,C216C,Resist 0C Unknown,64 00 00 00,100
Oogie Boogie,xa_nm_3000.mdls,0,C2170,Resist 0D Unknown,64 00 00 00,100
Oogie Boogie,xa_nm_3000.mdls,0,C2174,Resist 0E Unknown,64 00 00 00,100
Oogie Boogie,xa_nm_3000.mdls,0,C2178,Resist 0F Unknown,64 00 00 00,100
Oogie Boogie,xa_nm_3000.mdls,0,C217C,??? (+68),00 02 00 00,512
Oogie Boogie,xa_nm_3000.mdls,1,C2180,HP,20 03 00 00,800
Oogie Boogie,xa_nm_3000.mdls,1,C2184,ATK Level,11 00 00 00,17
Oogie Boogie,xa_nm_3000.mdls,1,C2188,DEF Level,11 00 00 00,17
Oogie Boogie,xa_nm_3000.mdls,1,C218C,Min Damage Taken,02 00 00 00,2
Oogie Boogie,xa_nm_3000.mdls,1,C2190,Max Damage Taken,14 00 00 00,20
Oogie Boogie,xa_nm_3000.mdls,1,C2194,MP Recovery On Hit,33 00 00 00,51
Oogie Boogie,xa_nm_3000.mdls,1,C2198,Knockback Weight,00 00 80 3F,1
Oogie Boogie,xa_nm_3000.mdls,1,C219C,EXP,C4 09 00 00,2500
Oogie Boogie,xa_nm_3000.mdls,1,C21A0,??? (+20),8D 14 00 00,5261
Oogie Boogie,xa_nm_3000.mdls,1,C21A4,Outgoing Damage Multiplier,00 00 C0 3F,1.5
Oogie Boogie,xa_nm_3000.mdls,1,C21A8,Resist 00 Unknown,32 00 00 00,50
Oogie Boogie,xa_nm_3000.mdls,1,C21AC,Resist 01 Physical,96 00 00 00,150
Oogie Boogie,xa_nm_3000.mdls,1,C21B0,Resist 02 Fire,19 00 00 00,25
Oogie Boogie,xa_nm_3000.mdls,1,C21B4,Resist 03 Blizzard,19 00 00 00,25
Oogie Boogie,xa_nm_3000.mdls,1,C21B8,Resist 04 Thunder,32 00 00 00,50
Oogie Boogie,xa_nm_3000.mdls,1,C21BC,Resist 05 Unknown,64 00 00 00,100
Oogie Boogie,xa_nm_3000.mdls,1,C21C0,Resist 06 Unknown,64 00 00 00,100
Oogie Boogie,xa_nm_3000.mdls,1,C21C4,Resist 07 Unknown,64 00 00 00,100
Oogie Boogie,xa_nm_3000.mdls,1,C21C8,Resist 08 Percent HP,02 00 00 00,2
Oogie Boogie,xa_nm_3000.mdls,1,C21CC,Resist 09 Stop,64 00 00 00,100
Oogie Boogie,xa_nm_3000.mdls,1,C21D0,Resist 0A Stun,32 00 00 00,50
Oogie Boogie,xa_nm_3000.mdls,1,C21D4,Resist 0B Heal,64 00 00 00,100
Oogie Boogie,xa_nm_3000.mdls,1,C21D8,Resist 0C Unknown,64 00 00 00,100
Oogie Boogie,xa_nm_3000.mdls,1,C21DC,Resist 0D Unknown,64 00 00 00,100
Oogie Boogie,xa_nm_3000.mdls,1,C21E0,Resist 0E Unknown,64 00 00 00,100
Oogie Boogie,xa_nm_3000.mdls,1,C21E4,Resist 0F Unknown,64 00 00 00,100
Oogie Boogie,xa_nm_3000.mdls,1,C21E8,??? (+68),00 02 00 00,512
Oogie Boogie (Boss from Manor),xa_nm_3010.mdls,0,259314,HP,5A 00 00 00,90
Oogie Boogie (Boss from Manor),xa_nm_3010.mdls,0,259318,ATK Level,0D 00 00 00,13
Oogie Boogie (Boss from Manor),xa_nm_3010.mdls,0,25931C,DEF Level,0D 00 00 00,13
Oogie Boogie (Boss from Manor),xa_nm_3010.mdls,0,259320,Min Damage Taken,02 00 00 00,2
Oogie Boogie (Boss from Manor),xa_nm_3010.mdls,0,259324,Max Damage Taken,14 00 00 00,20
Oogie Boogie (Boss from Manor),xa_nm_3010.mdls,0,259328,MP Recovery On Hit,28 00 00 00,40
Oogie Boogie (Boss from Manor),xa_nm_3010.mdls,0,25932C,Knockback Weight,00 00 00 00,0
Oogie Boogie (Boss from Manor),xa_nm_3010.mdls,0,259330,EXP,C4 09 00 00,2500
Oogie Boogie (Boss from Manor),xa_nm_3010.mdls,0,259334,??? (+20),91 14 00 00,5265
Oogie Boogie (Boss from Manor),xa_nm_3010.mdls,0,259338,Outgoing Damage Multiplier,00 00 80 3F,1
Oogie Boogie (Boss from Manor),xa_nm_3010.mdls,0,25933C,Resist 00 Unknown,32 00 00 00,50
Oogie Boogie (Boss from Manor),xa_nm_3010.mdls,0,259340,Resist 01 Physical,64 00 00 00,100
Oogie Boogie (Boss from Manor),xa_nm_3010.mdls,0,259344,Resist 02 Fire,31 00 00 00,49
Oogie Boogie (Boss from Manor),xa_nm_3010.mdls,0,259348,Resist 03 Blizzard,32 00 00 00,50
Oogie Boogie (Boss from Manor),xa_nm_3010.mdls,0,25934C,Resist 04 Thunder,64 00 00 00,100
Oogie Boogie (Boss from Manor),xa_nm_3010.mdls,0,259350,Resist 05 Unknown,64 00 00 00,100
Oogie Boogie (Boss from Manor),xa_nm_3010.mdls,0,259354,Resist 06 Unknown,64 00 00 00,100
Oogie Boogie (Boss from Manor),xa_nm_3010.mdls,0,259358,Resist 07 Unknown,64 00 00 00,100
Oogie Boogie (Boss from Manor),xa_nm_3010.mdls,0,25935C,Resist 08 Percent HP,00 00 00 00,0
Oogie Boogie (Boss from Manor),xa_nm_3010.mdls,0,259360,Resist 09 Stop,00 00 00 00,0
Oogie Boogie (Boss from Manor),xa_nm_3010.mdls,0,259364,Resist 0A Stun,32 00 00 00,50
Oogie Boogie (Boss from Manor),xa_nm_3010.mdls,0,259368,Resist 0B Heal,64 00 00 00,100
Oogie Boogie (Boss from Manor),xa_nm_3010.mdls,0,25936C,Resist 0C Unknown,64 00 00 00,100
Oogie Boogie (Boss from Manor),xa_nm_3010.mdls,0,259370,Resist 0D Unknown,64 00 00 00,100
Oogie Boogie (Boss from Manor),xa_nm_3010.mdls,0,259374,Resist 0E Unknown,64 00 00 00,100
Oogie Boogie (Boss from Manor),xa_nm_3010.mdls,0,259378,Resist 0F Unknown,64 00 00 00,100
Oogie Boogie (Boss from Manor),xa_nm_3010.mdls,0,25937C,??? (+68),10 03 00 00,784
Oogie Boogie (Boss from Manor),xa_nm_3010.mdls,1,259380,HP,96 00 00 00,150
Oogie Boogie (Boss from Manor),xa_nm_3010.mdls,1,259384,ATK Level,11 00 00 00,17
Oogie Boogie (Boss from Manor),xa_nm_3010.mdls,1,259388,DEF Level,11 00 00 00,17
Oogie Boogie (Boss from Manor),xa_nm_3010.mdls,1,25938C,Min Damage Taken,02 00 00 00,2
Oogie Boogie (Boss from Manor),xa_nm_3010.mdls,1,259390,Max Damage Taken,1E 00 00 00,30
Oogie Boogie (Boss from Manor),xa_nm_3010.mdls,1,259394,MP Recovery On Hit,35 00 00 00,53
Oogie Boogie (Boss from Manor),xa_nm_3010.mdls,1,259398,Knockback Weight,00 00 00 00,0
Oogie Boogie (Boss from Manor),xa_nm_3010.mdls,1,25939C,EXP,C4 09 00 00,2500
Oogie Boogie (Boss from Manor),xa_nm_3010.mdls,1,2593A0,??? (+20),91 14 00 00,5265
Oogie Boogie (Boss from Manor),xa_nm_3010.mdls,1,2593A4,Outgoing Damage Multiplier,00 00 C0 3F,1.5
Oogie Boogie (Boss from Manor),xa_nm_3010.mdls,1,2593A8,Resist 00 Unknown,32 00 00 00,50
Oogie Boogie (Boss from Manor),xa_nm_3010.mdls,1,2593AC,Resist 01 Physical,64 00 00 00,100
Oogie Boogie (Boss from Manor),xa_nm_3010.mdls,1,2593B0,Resist 02 Fire,31 00 00 00,49
Oogie Boogie (Boss from Manor),xa_nm_3010.mdls,1,2593B4,Resist 03 Blizzard,32 00 00 00,50
Oogie Boogie (Boss from Manor),xa_nm_3010.mdls,1,2593B8,Resist 04 Thunder,64 00 00 00,100
Oogie Boogie (Boss from Manor),xa_nm_3010.mdls,1,2593BC,Resist 05 Unknown,64 00 00 00,100
Oogie Boogie (Boss from Manor),xa_nm_3010.mdls,1,2593C0,Resist 06 Unknown,64 00 00 00,100
Oogie Boogie (Boss from Manor),xa_nm_3010.mdls,1,2593C4,Resist 07 Unknown,64 00 00 00,100
Oogie Boogie (Boss from Manor),xa_nm_3010.mdls,1,2593C8,Resist 08 Percent HP,00 00 00 00,0
Oogie Boogie (Boss from Manor),xa_nm_3010.mdls,1,2593CC,Resist 09 Stop,00 00 00 00,0
Oogie Boogie (Boss from Manor),xa_nm_3010.mdls,1,2593D0,Resist 0A Stun,32 00 00 00,50
Oogie Boogie (Boss from Manor),xa_nm_3010.mdls,1,2593D4,Resist 0B Heal,64 00 00 00,100
Oogie Boogie (Boss from Manor),xa_nm_3010.mdls,1,2593D8,Resist 0C Unknown,64 00 00 00,100
Oogie Boogie (Boss from Manor),xa_nm_3010.mdls,1,2593DC,Resist 0D Unknown,64 00 00 00,100
Oogie Boogie (Boss from Manor),xa_nm_3010.mdls,1,2593E0,Resist 0E Unknown,64 00 00 00,100
Oogie Boogie (Boss from Manor),xa_nm_3010.mdls,1,2593E4,Resist 0F Unknown,64 00 00 00,100
Oogie Boogie (Boss from Manor),xa_nm_3010.mdls,1,2593E8,??? (+68),10 03 00 00,784
Oogie Boogie Piece (Boss from Manor?),xa_nm_3020.mdls,0,19314,HP,00 00 00 00,0
Oogie Boogie Piece (Boss from Manor?),xa_nm_3020.mdls,0,19318,ATK Level,00 00 00 00,0
Oogie Boogie Piece (Boss from Manor?),xa_nm_3020.mdls,0,1931C,DEF Level,00 00 00 00,0
Oogie Boogie Piece (Boss from Manor?),xa_nm_3020.mdls,0,19320,Min Damage Taken,00 00 00 00,0
Oogie Boogie Piece (Boss from Manor?),xa_nm_3020.mdls,0,19324,Max Damage Taken,00 00 00 00,0
Oogie Boogie Piece (Boss from Manor?),xa_nm_3020.mdls,0,19328,MP Recovery On Hit,00 00 00 00,0
Oogie Boogie Piece (Boss from Manor?),xa_nm_3020.mdls,0,1932C,Knockback Weight,00 00 00 00,0
Oogie Boogie Piece (Boss from Manor?),xa_nm_3020.mdls,0,19330,EXP,00 00 00 00,0
Oogie Boogie Piece (Boss from Manor?),xa_nm_3020.mdls,0,19334,??? (+20),95 14 00 00,5269
Oogie Boogie Piece (Boss from Manor?),xa_nm_3020.mdls,0,19338,Outgoing Damage Multiplier,00 00 80 3F,1
Oogie Boogie Piece (Boss from Manor?),xa_nm_3020.mdls,0,1933C,Resist 00 Unknown,00 00 00 00,0
Oogie Boogie Piece (Boss from Manor?),xa_nm_3020.mdls,0,19340,Resist 01 Physical,00 00 00 00,0
Oogie Boogie Piece (Boss from Manor?),xa_nm_3020.mdls,0,19344,Resist 02 Fire,00 00 00 00,0
Oogie Boogie Piece (Boss from Manor?),xa_nm_3020.mdls,0,19348,Resist 03 Blizzard,00 00 00 00,0
Oogie Boogie Piece (Boss from Manor?),xa_nm_3020.mdls,0,1934C,Resist 04 Thunder,00 00 00 00,0
Oogie Boogie Piece (Boss from Manor?),xa_nm_3020.mdls,0,19350,Resist 05 Unknown,00 00 00 00,0
Oogie Boogie Piece (Boss from Manor?),xa_nm_3020.mdls,0,19354,Resist 06 Unknown,64 00 00 00,100
Oogie Boogie Piece (Boss from Manor?),xa_nm_3020.mdls,0,19358,Resist 07 Unknown,64 00 00 00,100
Oogie Boogie Piece (Boss from Manor?),xa_nm_3020.mdls,0,1935C,Resist 08 Percent HP,00 00 00 00,0
Oogie Boogie Piece (Boss from Manor?),xa_nm_3020.mdls,0,19360,Resist 09 Stop,00 00 00 00,0
Oogie Boogie Piece (Boss from Manor?),xa_nm_3020.mdls,0,19364,Resist 0A Stun,00 00 00 00,0
Oogie Boogie Piece (Boss from Manor?),xa_nm_3020.mdls,0,19368,Resist 0B Heal,00 00 00 00,0
Oogie Boogie Piece (Boss from Manor?),xa_nm_3020.mdls,0,1936C,Resist 0C Unknown,64 00 00 00,100
Oogie Boogie Piece (Boss from Manor?),xa_nm_3020.mdls,0,19370,Resist 0D Unknown,64 00 00 00,100
Oogie Boogie Piece (Boss from Manor?),xa_nm_3020.mdls,0,19374,Resist 0E Unknown,64 00 00 00,100
Oogie Boogie Piece (Boss from Manor?),xa_nm_3020.mdls,0,19378,Resist 0F Unknown,64 00 00 00,100
Oogie Boogie Piece (Boss from Manor?),xa_nm_3020.mdls,0,1937C,??? (+68),00 00 00 00,0
Oogie Boogie Piece (Boss from Manor?),xa_nm_3030.mdls,0,19314,HP,00 00 00 00,0
Oogie Boogie Piece (Boss from Manor?),xa_nm_3030.mdls,0,19318,ATK Level,0D 00 00 00,13
Oogie Boogie Piece (Boss from Manor?),xa_nm_3030.mdls,0,1931C,DEF Level,0D 00 00 00,13
Oogie Boogie Piece (Boss from Manor?),xa_nm_3030.mdls,0,19320,Min Damage Taken,00 00 00 00,0
Oogie Boogie Piece (Boss from Manor?),xa_nm_3030.mdls,0,19324,Max Damage Taken,00 00 00 00,0
Oogie Boogie Piece (Boss from Manor?),xa_nm_3030.mdls,0,19328,MP Recovery On Hit,00 00 00 00,0
Oogie Boogie Piece (Boss from Manor?),xa_nm_3030.mdls,0,1932C,Knockback Weight,00 00 00 00,0
Oogie Boogie Piece (Boss from Manor?),xa_nm_3030.mdls,0,19330,EXP,00 00 00 00,0
Oogie Boogie Piece (Boss from Manor?),xa_nm_3030.mdls,0,19334,??? (+20),99 14 00 00,5273
Oogie Boogie Piece (Boss from Manor?),xa_nm_3030.mdls,0,19338,Outgoing Damage Multiplier,00 00 80 3F,1
Oogie Boogie Piece (Boss from Manor?),xa_nm_3030.mdls,0,1933C,Resist 00 Unknown,00 00 00 00,0
Oogie Boogie Piece (Boss from Manor?),xa_nm_3030.mdls,0,19340,Resist 01 Physical,00 00 00 00,0
Oogie Boogie Piece (Boss from Manor?),xa_nm_3030.mdls,0,19344,Resist 02 Fire,00 00 00 00,0
Oogie Boogie Piece (Boss from Manor?),xa_nm_3030.mdls,0,19348,Resist 03 Blizzard,00 00 00 00,0
Oogie Boogie Piece (Boss from Manor?),xa_nm_3030.mdls,0,1934C,Resist 04 Thunder,00 00 00 00,0
Oogie Boogie Piece (Boss from Manor?),xa_nm_3030.mdls,0,19350,Resist 05 Unknown,00 00 00 00,0
Oogie Boogie Piece (Boss from Manor?),xa_nm_3030.mdls,0,19354,Resist 06 Unknown,64 00 00 00,100
Oogie Boogie Piece (Boss from Manor?),xa_nm_3030.mdls,0,19358,Resist 07 Unknown,64 00 00 00,100
Oogie Boogie Piece (Boss from Manor?),xa_nm_3030.mdls,0,1935C,Resist 08 Percent HP,00 00 00 00,0
Oogie Boogie Piece (Boss from Manor?),xa_nm_3030.mdls,0,19360,Resist 09 Stop,00 00 00 00,0
Oogie Boogie Piece (Boss from Manor?),xa_nm_3030.mdls,0,19364,Resist 0A Stun,00 00 00 00,0
Oogie Boogie Piece (Boss from Manor?),xa_nm_3030.mdls,0,19368,Resist 0B Heal,00 00 00 00,0
Oogie Boogie Piece (Boss from Manor?),xa_nm_3030.mdls,0,1936C,Resist 0C Unknown,64 00 00 00,100
Oogie Boogie Piece (Boss from Manor?),xa_nm_3030.mdls,0,19370,Resist 0D Unknown,64 00 00 00,100
Oogie Boogie Piece (Boss from Manor?),xa_nm_3030.mdls,0,19374,Resist 0E Unknown,64 00 00 00,100
Oogie Boogie Piece (Boss from Manor?),xa_nm_3030.mdls,0,19378,Resist 0F Unknown,64 00 00 00,100
Oogie Boogie Piece (Boss from Manor?),xa_nm_3030.mdls,0,1937C,??? (+68),00 00 00 00,0
Oogie Boogie Piece (Boss from Manor?),xa_nm_3030.mdls,1,19380,HP,00 00 00 00,0
Oogie Boogie Piece (Boss from Manor?),xa_nm_3030.mdls,1,19384,ATK Level,11 00 00 00,17
Oogie Boogie Piece (Boss from Manor?),xa_nm_3030.mdls,1,19388,DEF Level,11 00 00 00,17
Oogie Boogie Piece (Boss from Manor?),xa_nm_3030.mdls,1,1938C,Min Damage Taken,00 00 00 00,0
Oogie Boogie Piece (Boss from Manor?),xa_nm_3030.mdls,1,19390,Max Damage Taken,00 00 00 00,0
Oogie Boogie Piece (Boss from Manor?),xa_nm_3030.mdls,1,19394,MP Recovery On Hit,00 00 00 00,0
Oogie Boogie Piece (Boss from Manor?),xa_nm_3030.mdls,1,19398,Knockback Weight,00 00 00 00,0
Oogie Boogie Piece (Boss from Manor?),xa_nm_3030.mdls,1,1939C,EXP,00 00 00 00,0
Oogie Boogie Piece (Boss from Manor?),xa_nm_3030.mdls,1,193A0,??? (+20),99 14 00 00,5273
Oogie Boogie Piece (Boss from Manor?),xa_nm_3030.mdls,1,193A4,Outgoing Damage Multiplier,00 00 C0 3F,1.5
Oogie Boogie Piece (Boss from Manor?),xa_nm_3030.mdls,1,193A8,Resist 00 Unknown,00 00 00 00,0
Oogie Boogie Piece (Boss from Manor?),xa_nm_3030.mdls,1,193AC,Resist 01 Physical,00 00 00 00,0
Oogie Boogie Piece (Boss from Manor?),xa_nm_3030.mdls,1,193B0,Resist 02 Fire,00 00 00 00,0
Oogie Boogie Piece (Boss from Manor?),xa_nm_3030.mdls,1,193B4,Resist 03 Blizzard,00 00 00 00,0
Oogie Boogie Piece (Boss from Manor?),xa_nm_3030.mdls,1,193B8,Resist 04 Thunder,00 00 00 00,0
Oogie Boogie Piece (Boss from Manor?),xa_nm_3030.mdls,1,193BC,Resist 05 Unknown,00 00 00 00,0
Oogie Boogie Piece (Boss from Manor?),xa_nm_3030.mdls,1,193C0,Resist 06 Unknown,64 00 00 00,100
Oogie Boogie Piece (Boss from Manor?),xa_nm_3030.mdls,1,193C4,Resist 07 Unknown,64 00 00 00,100
Oogie Boogie Piece (Boss from Manor?),xa_nm_3030.mdls,1,193C8,Resist 08 Percent HP,00 00 00 00,0
Oogie Boogie Piece (Boss from Manor?),xa_nm_3030.mdls,1,193CC,Resist 09 Stop,00 00 00 00,0
Oogie Boogie Piece (Boss from Manor?),xa_nm_3030.mdls,1,193D0,Resist 0A Stun,00 00 00 00,0
Oogie Boogie Piece (Boss from Manor?),xa_nm_3030.mdls,1,193D4,Resist 0B Heal,00 00 00 00,0
Oogie Boogie Piece (Boss from Manor?),xa_nm_3030.mdls,1,193D8,Resist 0C Unknown,64 00 00 00,100
Oogie Boogie Piece (Boss from Manor?),xa_nm_3030.mdls,1,193DC,Resist 0D Unknown,64 00 00 00,100
Oogie Boogie Piece (Boss from Manor?),xa_nm_3030.mdls,1,193E0,Resist 0E Unknown,64 00 00 00,100
Oogie Boogie Piece (Boss from Manor?),xa_nm_3030.mdls,1,193E4,Resist 0F Unknown,64 00 00 00,100
Oogie Boogie Piece (Boss from Manor?),xa_nm_3030.mdls,1,193E8,??? (+68),00 00 00 00,0
Maleficent (Dragon),xa_pc_3000.mdls,0,19E894,HP,B0 04 00 00,1200
Maleficent (Dragon),xa_pc_3000.mdls,0,19E898,ATK Level,10 00 00 00,16
Maleficent (Dragon),xa_pc_3000.mdls,0,19E89C,DEF Level,10 00 00 00,16
Maleficent (Dragon),xa_pc_3000.mdls,0,19E8A0,Min Damage Taken,02 00 00 00,2
Maleficent (Dragon),xa_pc_3000.mdls,0,19E8A4,Max Damage Taken,14 00 00 00,20
Maleficent (Dragon),xa_pc_3000.mdls,0,19E8A8,MP Recovery On Hit,30 00 00 00,48
Maleficent (Dragon),xa_pc_3000.mdls,0,19E8AC,Knockback Weight,00 00 80 3F,1
Maleficent (Dragon),xa_pc_3000.mdls,0,19E8B0,EXP,70 17 00 00,6000
Maleficent (Dragon),xa_pc_3000.mdls,0,19E8B4,??? (+20),00 00 00 00,0
Maleficent (Dragon),xa_pc_3000.mdls,0,19E8B8,Outgoing Damage Multiplier,00 00 80 3F,1
Maleficent (Dragon),xa_pc_3000.mdls,0,19E8BC,Resist 00 Unknown,32 00 00 00,50
Maleficent (Dragon),xa_pc_3000.mdls,0,19E8C0,Resist 01 Physical,64 00 00 00,100
Maleficent (Dragon),xa_pc_3000.mdls,0,19E8C4,Resist 02 Fire,31 00 00 00,49
Maleficent (Dragon),xa_pc_3000.mdls,0,19E8C8,Resist 03 Blizzard,32 00 00 00,50
Maleficent (Dragon),xa_pc_3000.mdls,0,19E8CC,Resist 04 Thunder,64 00 00 00,100
Maleficent (Dragon),xa_pc_3000.mdls,0,19E8D0,Resist 05 Unknown,64 00 00 00,100
Maleficent (Dragon),xa_pc_3000.mdls,0,19E8D4,Resist 06 Unknown,64 00 00 00,100
Maleficent (Dragon),xa_pc_3000.mdls,0,19E8D8,Resist 07 Unknown,64 00 00 00,100
Maleficent (Dragon),xa_pc_3000.mdls,0,19E8DC,Resist 08 Percent HP,04 00 00 00,4
Maleficent (Dragon),xa_pc_3000.mdls,0,19E8E0,Resist 09 Stop,1E 00 00 00,30
Maleficent (Dragon),xa_pc_3000.mdls,0,19E8E4,Resist 0A Stun,32 00 00 00,50
Maleficent (Dragon),xa_pc_3000.mdls,0,19E8E8,Resist 0B Heal,64 00 00 00,100
Maleficent (Dragon),xa_pc_3000.mdls,0,19E8EC,Resist 0C Unknown,64 00 00 00,100
Maleficent (Dragon),xa_pc_3000.mdls,0,19E8F0,Resist 0D Unknown,64 00 00 00,100
Maleficent (Dragon),xa_pc_3000.mdls,0,19E8F4,Resist 0E Unknown,64 00 00 00,100
Maleficent (Dragon),xa_pc_3000.mdls,0,19E8F8,Resist 0F Unknown,64 00 00 00,100
Maleficent (Dragon),xa_pc_3000.mdls,0,19E8FC,??? (+68),00 00 00 00,0
Chernabog,xa_pc_3020.mdls,0,1D2994,HP,DC 05 00 00,1500
Chernabog,xa_pc_3020.mdls,0,1D2998,ATK Level,12 00 00 00,18
Chernabog,xa_pc_3020.mdls,0,1D299C,DEF Level,12 00 00 00,18
Chernabog,xa_pc_3020.mdls,0,1D29A0,Min Damage Taken,02 00 00 00,2
Chernabog,xa_pc_3020.mdls,0,1D29A4,Max Damage Taken,14 00 00 00,20
Chernabog,xa_pc_3020.mdls,0,1D29A8,MP Recovery On Hit,3A 00 00 00,58
Chernabog,xa_pc_3020.mdls,0,1D29AC,Knockback Weight,00 00 80 3F,1
Chernabog,xa_pc_3020.mdls,0,1D29B0,EXP,28 23 00 00,9000
Chernabog,xa_pc_3020.mdls,0,1D29B4,??? (+20),00 00 00 00,0
Chernabog,xa_pc_3020.mdls,0,1D29B8,Outgoing Damage Multiplier,00 00 80 3F,1
Chernabog,xa_pc_3020.mdls,0,1D29BC,Resist 00 Unknown,32 00 00 00,50
Chernabog,xa_pc_3020.mdls,0,1D29C0,Resist 01 Physical,64 00 00 00,100
Chernabog,xa_pc_3020.mdls,0,1D29C4,Resist 02 Fire,31 00 00 00,49
Chernabog,xa_pc_3020.mdls,0,1D29C8,Resist 03 Blizzard,32 00 00 00,50
Chernabog,xa_pc_3020.mdls,0,1D29CC,Resist 04 Thunder,19 00 00 00,25
Chernabog,xa_pc_3020.mdls,0,1D29D0,Resist 05 Unknown,64 00 00 00,100
Chernabog,xa_pc_3020.mdls,0,1D29D4,Resist 06 Unknown,64 00 00 00,100
Chernabog,xa_pc_3020.mdls,0,1D29D8,Resist 07 Unknown,64 00 00 00,100
Chernabog,xa_pc_3020.mdls,0,1D29DC,Resist 08 Percent HP,01 00 00 00,1
Chernabog,xa_pc_3020.mdls,0,1D29E0,Resist 09 Stop,0A 00 00 00,10
Chernabog,xa_pc_3020.mdls,0,1D29E4,Resist 0A Stun,32 00 00 00,50
Chernabog,xa_pc_3020.mdls,0,1D29E8,Resist 0B Heal,64 00 00 00,100
Chernabog,xa_pc_3020.mdls,0,1D29EC,Resist 0C Unknown,64 00 00 00,100
Chernabog,xa_pc_3020.mdls,0,1D29F0,Resist 0D Unknown,64 00 00 00,100
Chernabog,xa_pc_3020.mdls,0,1D29F4,Resist 0E Unknown,64 00 00 00,100
Chernabog,xa_pc_3020.mdls,0,1D29F8,Resist 0F Unknown,64 00 00 00,100
Chernabog,xa_pc_3020.mdls,0,1D29FC,??? (+68),00 00 00 00,0
Parasite Cage,xa_pi_3000.mdls,0,10E814,HP,C2 01 00 00,450
Parasite Cage,xa_pi_3000.mdls,0,10E818,ATK Level,0A 00 00 00,10
Parasite Cage,xa_pi_3000.mdls,0,10E81C,DEF Level,0A 00 00 00,10
Parasite Cage,xa_pi_3000.mdls,0,10E820,Min Damage Taken,02 00 00 00,2
Parasite Cage,xa_pi_3000.mdls,0,10E824,Max Damage Taken,0F 00 00 00,15
Parasite Cage,xa_pi_3000.mdls,0,10E828,MP Recovery On Hit,1E 00 00 00,30
Parasite Cage,xa_pi_3000.mdls,0,10E82C,Knockback Weight,00 00 00 00,0
Parasite Cage,xa_pi_3000.mdls,0,10E830,EXP,F4 01 00 00,500
Parasite Cage,xa_pi_3000.mdls,0,10E834,??? (+20),1D 14 00 00,5149
Parasite Cage,xa_pi_3000.mdls,0,10E838,Outgoing Damage Multiplier,00 00 80 3F,1
Parasite Cage,xa_pi_3000.mdls,0,10E83C,Resist 00 Unknown,32 00 00 00,50
Parasite Cage,xa_pi_3000.mdls,0,10E840,Resist 01 Physical,64 00 00 00,100
Parasite Cage,xa_pi_3000.mdls,0,10E844,Resist 02 Fire,31 00 00 00,49
Parasite Cage,xa_pi_3000.mdls,0,10E848,Resist 03 Blizzard,32 00 00 00,50
Parasite Cage,xa_pi_3000.mdls,0,10E84C,Resist 04 Thunder,64 00 00 00,100
Parasite Cage,xa_pi_3000.mdls,0,10E850,Resist 05 Unknown,64 00 00 00,100
Parasite Cage,xa_pi_3000.mdls,0,10E854,Resist 06 Unknown,64 00 00 00,100
Parasite Cage,xa_pi_3000.mdls,0,10E858,Resist 07 Unknown,64 00 00 00,100
Parasite Cage,xa_pi_3000.mdls,0,10E85C,Resist 08 Percent HP,04 00 00 00,4
Parasite Cage,xa_pi_3000.mdls,0,10E860,Resist 09 Stop,1E 00 00 00,30
Parasite Cage,xa_pi_3000.mdls,0,10E864,Resist 0A Stun,32 00 00 00,50
Parasite Cage,xa_pi_3000.mdls,0,10E868,Resist 0B Heal,64 00 00 00,100
Parasite Cage,xa_pi_3000.mdls,0,10E86C,Resist 0C Unknown,64 00 00 00,100
Parasite Cage,xa_pi_3000.mdls,0,10E870,Resist 0D Unknown,64 00 00 00,100
Parasite Cage,xa_pi_3000.mdls,0,10E874,Resist 0E Unknown,64 00 00 00,100
Parasite Cage,xa_pi_3000.mdls,0,10E878,Resist 0F Unknown,64 00 00 00,100
Parasite Cage,xa_pi_3000.mdls,0,10E87C,??? (+68),00 00 00 00,0
Parasite Cage,xa_pi_3000.mdls,1,10E880,HP,84 03 00 00,900
Parasite Cage,xa_pi_3000.mdls,1,10E884,ATK Level,0A 00 00 00,10
Parasite Cage,xa_pi_3000.mdls,1,10E888,DEF Level,0A 00 00 00,10
Parasite Cage,xa_pi_3000.mdls,1,10E88C,Min Damage Taken,02 00 00 00,2
Parasite Cage,xa_pi_3000.mdls,1,10E890,Max Damage Taken,14 00 00 00,20
Parasite Cage,xa_pi_3000.mdls,1,10E894,MP Recovery On Hit,20 00 00 00,32
Parasite Cage,xa_pi_3000.mdls,1,10E898,Knockback Weight,00 00 00 00,0
Parasite Cage,xa_pi_3000.mdls,1,10E89C,EXP,E8 03 00 00,1000
Parasite Cage,xa_pi_3000.mdls,1,10E8A0,??? (+20),1D 14 00 00,5149
Parasite Cage,xa_pi_3000.mdls,1,10E8A4,Outgoing Damage Multiplier,00 00 80 3F,1
Parasite Cage,xa_pi_3000.mdls,1,10E8A8,Resist 00 Unknown,32 00 00 00,50
Parasite Cage,xa_pi_3000.mdls,1,10E8AC,Resist 01 Physical,64 00 00 00,100
Parasite Cage,xa_pi_3000.mdls,1,10E8B0,Resist 02 Fire,31 00 00 00,49
Parasite Cage,xa_pi_3000.mdls,1,10E8B4,Resist 03 Blizzard,32 00 00 00,50
Parasite Cage,xa_pi_3000.mdls,1,10E8B8,Resist 04 Thunder,64 00 00 00,100
Parasite Cage,xa_pi_3000.mdls,1,10E8BC,Resist 05 Unknown,64 00 00 00,100
Parasite Cage,xa_pi_3000.mdls,1,10E8C0,Resist 06 Unknown,64 00 00 00,100
Parasite Cage,xa_pi_3000.mdls,1,10E8C4,Resist 07 Unknown,64 00 00 00,100
Parasite Cage,xa_pi_3000.mdls,1,10E8C8,Resist 08 Percent HP,04 00 00 00,4
Parasite Cage,xa_pi_3000.mdls,1,10E8CC,Resist 09 Stop,1E 00 00 00,30
Parasite Cage,xa_pi_3000.mdls,1,10E8D0,Resist 0A Stun,32 00 00 00,50
Parasite Cage,xa_pi_3000.mdls,1,10E8D4,Resist 0B Heal,64 00 00 00,100
Parasite Cage,xa_pi_3000.mdls,1,10E8D8,Resist 0C Unknown,64 00 00 00,100
Parasite Cage,xa_pi_3000.mdls,1,10E8DC,Resist 0D Unknown,64 00 00 00,100
Parasite Cage,xa_pi_3000.mdls,1,10E8E0,Resist 0E Unknown,64 00 00 00,100
Parasite Cage,xa_pi_3000.mdls,1,10E8E4,Resist 0F Unknown,64 00 00 00,100
Parasite Cage,xa_pi_3000.mdls,1,10E8E8,??? (+68),00 00 00 00,0
Parasite Cage,xa_pi_3000.mdls,2,10E8EC,HP,EE 02 00 00,750
Parasite Cage,xa_pi_3000.mdls,2,10E8F0,ATK Level,11 00 00 00,17
Parasite Cage,xa_pi_3000.mdls,2,10E8F4,DEF Level,11 00 00 00,17
Parasite Cage,xa_pi_3000.mdls,2,10E8F8,Min Damage Taken,02 00 00 00,2
Parasite Cage,xa_pi_3000.mdls,2,10E8FC,Max Damage Taken,14 00 00 00,20
Parasite Cage,xa_pi_3000.mdls,2,10E900,MP Recovery On Hit,33 00 00 00,51
Parasite Cage,xa_pi_3000.mdls,2,10E904,Knockback Weight,00 00 00 00,0
Parasite Cage,xa_pi_3000.mdls,2,10E908,EXP,20 03 00 00,800
Parasite Cage,xa_pi_3000.mdls,2,10E90C,??? (+20),1D 14 00 00,5149
Parasite Cage,xa_pi_3000.mdls,2,10E910,Outgoing Damage Multiplier,00 00 00 40,2
Parasite Cage,xa_pi_3000.mdls,2,10E914,Resist 00 Unknown,32 00 00 00,50
Parasite Cage,xa_pi_3000.mdls,2,10E918,Resist 01 Physical,64 00 00 00,100
Parasite Cage,xa_pi_3000.mdls,2,10E91C,Resist 02 Fire,31 00 00 00,49
Parasite Cage,xa_pi_3000.mdls,2,10E920,Resist 03 Blizzard,32 00 00 00,50
Parasite Cage,xa_pi_3000.mdls,2,10E924,Resist 04 Thunder,64 00 00 00,100
Parasite Cage,xa_pi_3000.mdls,2,10E928,Resist 05 Unknown,64 00 00 00,100
Parasite Cage,xa_pi_3000.mdls,2,10E92C,Resist 06 Unknown,64 00 00 00,100
Parasite Cage,xa_pi_3000.mdls,2,10E930,Resist 07 Unknown,64 00 00 00,100
Parasite Cage,xa_pi_3000.mdls,2,10E934,Resist 08 Percent HP,03 00 00 00,3
Parasite Cage,xa_pi_3000.mdls,2,10E938,Resist 09 Stop,14 00 00 00,20
Parasite Cage,xa_pi_3000.mdls,2,10E93C,Resist 0A Stun,32 00 00 00,50
Parasite Cage,xa_pi_3000.mdls,2,10E940,Resist 0B Heal,64 00 00 00,100
Parasite Cage,xa_pi_3000.mdls,2,10E944,Resist 0C Unknown,64 00 00 00,100
Parasite Cage,xa_pi_3000.mdls,2,10E948,Resist 0D Unknown,64 00 00 00,100
Parasite Cage,xa_pi_3000.mdls,2,10E94C,Resist 0E Unknown,64 00 00 00,100
Parasite Cage,xa_pi_3000.mdls,2,10E950,Resist 0F Unknown,64 00 00 00,100
Parasite Cage,xa_pi_3000.mdls,2,10E954,??? (+68),00 00 00 00,0
Parasite Cage,xa_pi_3000.mdls,3,10E958,HP,DC 05 00 00,1500
Parasite Cage,xa_pi_3000.mdls,3,10E95C,ATK Level,11 00 00 00,17
Parasite Cage,xa_pi_3000.mdls,3,10E960,DEF Level,11 00 00 00,17
Parasite Cage,xa_pi_3000.mdls,3,10E964,Min Damage Taken,02 00 00 00,2
Parasite Cage,xa_pi_3000.mdls,3,10E968,Max Damage Taken,14 00 00 00,20
Parasite Cage,xa_pi_3000.mdls,3,10E96C,MP Recovery On Hit,35 00 00 00,53
Parasite Cage,xa_pi_3000.mdls,3,10E970,Knockback Weight,00 00 00 00,0
Parasite Cage,xa_pi_3000.mdls,3,10E974,EXP,D0 07 00 00,2000
Parasite Cage,xa_pi_3000.mdls,3,10E978,??? (+20),1D 14 00 00,5149
Parasite Cage,xa_pi_3000.mdls,3,10E97C,Outgoing Damage Multiplier,00 00 00 40,2
Parasite Cage,xa_pi_3000.mdls,3,10E980,Resist 00 Unknown,32 00 00 00,50
Parasite Cage,xa_pi_3000.mdls,3,10E984,Resist 01 Physical,64 00 00 00,100
Parasite Cage,xa_pi_3000.mdls,3,10E988,Resist 02 Fire,31 00 00 00,49
Parasite Cage,xa_pi_3000.mdls,3,10E98C,Resist 03 Blizzard,32 00 00 00,50
Parasite Cage,xa_pi_3000.mdls,3,10E990,Resist 04 Thunder,64 00 00 00,100
Parasite Cage,xa_pi_3000.mdls,3,10E994,Resist 05 Unknown,64 00 00 00,100
Parasite Cage,xa_pi_3000.mdls,3,10E998,Resist 06 Unknown,64 00 00 00,100
Parasite Cage,xa_pi_3000.mdls,3,10E99C,Resist 07 Unknown,64 00 00 00,100
Parasite Cage,xa_pi_3000.mdls,3,10E9A0,Resist 08 Percent HP,03 00 00 00,3
Parasite Cage,xa_pi_3000.mdls,3,10E9A4,Resist 09 Stop,14 00 00 00,20
Parasite Cage,xa_pi_3000.mdls,3,10E9A8,Resist 0A Stun,32 00 00 00,50
Parasite Cage,xa_pi_3000.mdls,3,10E9AC,Resist 0B Heal,64 00 00 00,100
Parasite Cage,xa_pi_3000.mdls,3,10E9B0,Resist 0C Unknown,64 00 00 00,100
Parasite Cage,xa_pi_3000.mdls,3,10E9B4,Resist 0D Unknown,64 00 00 00,100
Parasite Cage,xa_pi_3000.mdls,3,10E9B8,Resist 0E Unknown,64 00 00 00,100
Parasite Cage,xa_pi_3000.mdls,3,10E9BC,Resist 0F Unknown,64 00 00 00,100
Parasite Cage,xa_pi_3000.mdls,3,10E9C0,??? (+68),00 00 00 00,0
Captain Hook,xa_pp_3000.mdls,0,101A94,HP,84 03 00 00,900
Captain Hook,xa_pp_3000.mdls,0,101A98,ATK Level,0E 00 00 00,14
Captain Hook,xa_pp_3000.mdls,0,101A9C,DEF Level,0E 00 00 00,14
Captain Hook,xa_pp_3000.mdls,0,101AA0,Min Damage Taken,02 00 00 00,2
Captain Hook,xa_pp_3000.mdls,0,101AA4,Max Damage Taken,14 00 00 00,20
Captain Hook,xa_pp_3000.mdls,0,101AA8,MP Recovery On Hit,2A 00 00 00,42
Captain Hook,xa_pp_3000.mdls,0,101AAC,Knockback Weight,00 00 80 3F,1
Captain Hook,xa_pp_3000.mdls,0,101AB0,EXP,48 0D 00 00,3400
Captain Hook,xa_pp_3000.mdls,0,101AB4,??? (+20),35 14 00 00,5173
Captain Hook,xa_pp_3000.mdls,0,101AB8,Outgoing Damage Multiplier,00 00 80 3F,1
Captain Hook,xa_pp_3000.mdls,0,101ABC,Resist 00 Unknown,32 00 00 00,50
Captain Hook,xa_pp_3000.mdls,0,101AC0,Resist 01 Physical,64 00 00 00,100
Captain Hook,xa_pp_3000.mdls,0,101AC4,Resist 02 Fire,31 00 00 00,49
Captain Hook,xa_pp_3000.mdls,0,101AC8,Resist 03 Blizzard,32 00 00 00,50
Captain Hook,xa_pp_3000.mdls,0,101ACC,Resist 04 Thunder,00 00 00 00,0
Captain Hook,xa_pp_3000.mdls,0,101AD0,Resist 05 Unknown,64 00 00 00,100
Captain Hook,xa_pp_3000.mdls,0,101AD4,Resist 06 Unknown,64 00 00 00,100
Captain Hook,xa_pp_3000.mdls,0,101AD8,Resist 07 Unknown,64 00 00 00,100
Captain Hook,xa_pp_3000.mdls,0,101ADC,Resist 08 Percent HP,04 00 00 00,4
Captain Hook,xa_pp_3000.mdls,0,101AE0,Resist 09 Stop,1E 00 00 00,30
Captain Hook,xa_pp_3000.mdls,0,101AE4,Resist 0A Stun,19 00 00 00,25
Captain Hook,xa_pp_3000.mdls,0,101AE8,Resist 0B Heal,64 00 00 00,100
Captain Hook,xa_pp_3000.mdls,0,101AEC,Resist 0C Unknown,64 00 00 00,100
Captain Hook,xa_pp_3000.mdls,0,101AF0,Resist 0D Unknown,64 00 00 00,100
Captain Hook,xa_pp_3000.mdls,0,101AF4,Resist 0E Unknown,64 00 00 00,100
Captain Hook,xa_pp_3000.mdls,0,101AF8,Resist 0F Unknown,64 00 00 00,100
Captain Hook,xa_pp_3000.mdls,0,101AFC,??? (+68),10 00 00 00,16
Phantom,xa_pp_3010.mdls,0,155114,HP,B0 04 00 00,1200
Phantom,xa_pp_3010.mdls,0,155118,ATK Level,13 00 00 00,19
Phantom,xa_pp_3010.mdls,0,15511C,DEF Level,13 00 00 00,19
Phantom,xa_pp_3010.mdls,0,155120,Min Damage Taken,02 00 00 00,2
Phantom,xa_pp_3010.mdls,0,155124,Max Damage Taken,14 00 00 00,20
Phantom,xa_pp_3010.mdls,0,155128,MP Recovery On Hit,64 00 00 00,100
Phantom,xa_pp_3010.mdls,0,15512C,Knockback Weight,00 00 80 3F,1
Phantom,xa_pp_3010.mdls,0,155130,EXP,0F 27 00 00,9999
Phantom,xa_pp_3010.mdls,0,155134,??? (+20),19 14 00 00,5145
Phantom,xa_pp_3010.mdls,0,155138,Outgoing Damage Multiplier,00 00 80 3F,1
Phantom,xa_pp_3010.mdls,0,15513C,Resist 00 Unknown,64 00 00 00,100
Phantom,xa_pp_3010.mdls,0,155140,Resist 01 Physical,64 00 00 00,100
Phantom,xa_pp_3010.mdls,0,155144,Resist 02 Fire,64 00 00 00,100
Phantom,xa_pp_3010.mdls,0,155148,Resist 03 Blizzard,64 00 00 00,100
Phantom,xa_pp_3010.mdls,0,15514C,Resist 04 Thunder,64 00 00 00,100
Phantom,xa_pp_3010.mdls,0,155150,Resist 05 Unknown,64 00 00 00,100
Phantom,xa_pp_3010.mdls,0,155154,Resist 06 Unknown,64 00 00 00,100
Phantom,xa_pp_3010.mdls,0,155158,Resist 07 Unknown,64 00 00 00,100
Phantom,xa_pp_3010.mdls,0,15515C,Resist 08 Percent HP,64 00 00 00,100
Phantom,xa_pp_3010.mdls,0,155160,Resist 09 Stop,64 00 00 00,100
Phantom,xa_pp_3010.mdls,0,155164,Resist 0A Stun,64 00 00 00,100
Phantom,xa_pp_3010.mdls,0,155168,Resist 0B Heal,64 00 00 00,100
Phantom,xa_pp_3010.mdls,0,15516C,Resist 0C Unknown,64 00 00 00,100
Phantom,xa_pp_3010.mdls,0,155170,Resist 0D Unknown,64 00 00 00,100
Phantom,xa_pp_3010.mdls,0,155174,Resist 0E Unknown,64 00 00 00,100
Phantom,xa_pp_3010.mdls,0,155178,Resist 0F Unknown,64 00 00 00,100
Phantom,xa_pp_3010.mdls,0,15517C,??? (+68),00 03 00 00,768
Shadow Sora,xa_pp_3020.mdls,0,C0914,HP,78 00 00 00,120
Shadow Sora,xa_pp_3020.mdls,0,C0918,ATK Level,0E 00 00 00,14
Shadow Sora,xa_pp_3020.mdls,0,C091C,DEF Level,0E 00 00 00,14
Shadow Sora,xa_pp_3020.mdls,0,C0920,Min Damage Taken,02 00 00 00,2
Shadow Sora,xa_pp_3020.mdls,0,C0924,Max Damage Taken,0A 00 00 00,10
Shadow Sora,xa_pp_3020.mdls,0,C0928,MP Recovery On Hit,26 00 00 00,38
Shadow Sora,xa_pp_3020.mdls,0,C092C,Knockback Weight,00 00 80 3F,1
Shadow Sora,xa_pp_3020.mdls,0,C0930,EXP,96 00 00 00,150
Shadow Sora,xa_pp_3020.mdls,0,C0934,??? (+20),6D 14 00 00,5229
Shadow Sora,xa_pp_3020.mdls,0,C0938,Outgoing Damage Multiplier,00 00 80 3F,1
Shadow Sora,xa_pp_3020.mdls,0,C093C,Resist 00 Unknown,32 00 00 00,50
Shadow Sora,xa_pp_3020.mdls,0,C0940,Resist 01 Physical,64 00 00 00,100
Shadow Sora,xa_pp_3020.mdls,0,C0944,Resist 02 Fire,31 00 00 00,49
Shadow Sora,xa_pp_3020.mdls,0,C0948,Resist 03 Blizzard,32 00 00 00,50
Shadow Sora,xa_pp_3020.mdls,0,C094C,Resist 04 Thunder,64 00 00 00,100
Shadow Sora,xa_pp_3020.mdls,0,C0950,Resist 05 Unknown,64 00 00 00,100
Shadow Sora,xa_pp_3020.mdls,0,C0954,Resist 06 Unknown,64 00 00 00,100
Shadow Sora,xa_pp_3020.mdls,0,C0958,Resist 07 Unknown,64 00 00 00,100
Shadow Sora,xa_pp_3020.mdls,0,C095C,Resist 08 Percent HP,04 00 00 00,4
Shadow Sora,xa_pp_3020.mdls,0,C0960,Resist 09 Stop,1E 00 00 00,30
Shadow Sora,xa_pp_3020.mdls,0,C0964,Resist 0A Stun,32 00 00 00,50
Shadow Sora,xa_pp_3020.mdls,0,C0968,Resist 0B Heal,64 00 00 00,100
Shadow Sora,xa_pp_3020.mdls,0,C096C,Resist 0C Unknown,64 00 00 00,100
Shadow Sora,xa_pp_3020.mdls,0,C0970,Resist 0D Unknown,64 00 00 00,100
Shadow Sora,xa_pp_3020.mdls,0,C0974,Resist 0E Unknown,64 00 00 00,100
Shadow Sora,xa_pp_3020.mdls,0,C0978,Resist 0F Unknown,64 00 00 00,100
Shadow Sora,xa_pp_3020.mdls,0,C097C,??? (+68),00 00 00 00,0
Shadow Sora (With Keyblade),xa_pp_3030.mdls,0,D2594,HP,EE 02 00 00,750
Shadow Sora (With Keyblade),xa_pp_3030.mdls,0,D2598,ATK Level,0E 00 00 00,14
Shadow Sora (With Keyblade),xa_pp_3030.mdls,0,D259C,DEF Level,0E 00 00 00,14
Shadow Sora (With Keyblade),xa_pp_3030.mdls,0,D25A0,Min Damage Taken,02 00 00 00,2
Shadow Sora (With Keyblade),xa_pp_3030.mdls,0,D25A4,Max Damage Taken,14 00 00 00,20
Shadow Sora (With Keyblade),xa_pp_3030.mdls,0,D25A8,MP Recovery On Hit,28 00 00 00,40
Shadow Sora (With Keyblade),xa_pp_3030.mdls,0,D25AC,Knockback Weight,00 00 80 3F,1
Shadow Sora (With Keyblade),xa_pp_3030.mdls,0,D25B0,EXP,D0 07 00 00,2000
Shadow Sora (With Keyblade),xa_pp_3030.mdls,0,D25B4,??? (+20),71 14 00 00,5233
Shadow Sora (With Keyblade),xa_pp_3030.mdls,0,D25B8,Outgoing Damage Multiplier,00 00 80 3F,1
Shadow Sora (With Keyblade),xa_pp_3030.mdls,0,D25BC,Resist 00 Unknown,32 00 00 00,50
Shadow Sora (With Keyblade),xa_pp_3030.mdls,0,D25C0,Resist 01 Physical,64 00 00 00,100
Shadow Sora (With Keyblade),xa_pp_3030.mdls,0,D25C4,Resist 02 Fire,31 00 00 00,49
Shadow Sora (With Keyblade),xa_pp_3030.mdls,0,D25C8,Resist 03 Blizzard,32 00 00 00,50
Shadow Sora (With Keyblade),xa_pp_3030.mdls,0,D25CC,Resist 04 Thunder,64 00 00 00,100
Shadow Sora (With Keyblade),xa_pp_3030.mdls,0,D25D0,Resist 05 Unknown,64 00 00 00,100
Shadow Sora (With Keyblade),xa_pp_3030.mdls,0,D25D4,Resist 06 Unknown,64 00 00 00,100
Shadow Sora (With Keyblade),xa_pp_3030.mdls,0,D25D8,Resist 07 Unknown,64 00 00 00,100
Shadow Sora (With Keyblade),xa_pp_3030.mdls,0,D25DC,Resist 08 Percent HP,04 00 00 00,4
Shadow Sora (With Keyblade),xa_pp_3030.mdls,0,D25E0,Resist 09 Stop,1E 00 00 00,30
Shadow Sora (With Keyblade),xa_pp_3030.mdls,0,D25E4,Resist 0A Stun,32 00 00 00,50
Shadow Sora (With Keyblade),xa_pp_3030.mdls,0,D25E8,Resist 0B Heal,64 00 00 00,100
Shadow Sora (With Keyblade),xa_pp_3030.mdls,0,D25EC,Resist 0C Unknown,64 00 00 00,100
Shadow Sora (With Keyblade),xa_pp_3030.mdls,0,D25F0,Resist 0D Unknown,64 00 00 00,100
Shadow Sora (With Keyblade),xa_pp_3030.mdls,0,D25F4,Resist 0E Unknown,64 00 00 00,100
Shadow Sora (With Keyblade),xa_pp_3030.mdls,0,D25F8,Resist 0F Unknown,64 00 00 00,100
Shadow Sora (With Keyblade),xa_pp_3030.mdls,0,D25FC,??? (+68),00 00 00 00,0
Magic Chair,xa_tw_2010.mdls,0,28B94,HP,14 00 00 00,20
Magic Chair,xa_tw_2010.mdls,0,28B98,ATK Level,03 00 00 00,3
Magic Chair,xa_tw_2010.mdls,0,28B9C,DEF Level,03 00 00 00,3
Magic Chair,xa_tw_2010.mdls,0,28BA0,Min Damage Taken,0A 00 00 00,10
Magic Chair,xa_tw_2010.mdls,0,28BA4,Max Damage Taken,0A 00 00 00,10
Magic Chair,xa_tw_2010.mdls,0,28BA8,MP Recovery On Hit,63 00 00 00,99
Magic Chair,xa_tw_2010.mdls,0,28BAC,Knockback Weight,00 00 80 3F,1
Magic Chair,xa_tw_2010.mdls,0,28BB0,EXP,00 00 00 00,0
Magic Chair,xa_tw_2010.mdls,0,28BB4,??? (+20),00 00 00 00,0
Magic Chair,xa_tw_2010.mdls,0,28BB8,Outgoing Damage Multiplier,00 00 80 3F,1
Magic Chair,xa_tw_2010.mdls,0,28BBC,Resist 00 Unknown,64 00 00 00,100
Magic Chair,xa_tw_2010.mdls,0,28BC0,Resist 01 Physical,64 00 00 00,100
Magic Chair,xa_tw_2010.mdls,0,28BC4,Resist 02 Fire,64 00 00 00,100
Magic Chair,xa_tw_2010.mdls,0,28BC8,Resist 03 Blizzard,64 00 00 00,100
Magic Chair,xa_tw_2010.mdls,0,28BCC,Resist 04 Thunder,64 00 00 00,100
Magic Chair,xa_tw_2010.mdls,0,28BD0,Resist 05 Unknown,64 00 00 00,100
Magic Chair,xa_tw_2010.mdls,0,28BD4,Resist 06 Unknown,64 00 00 00,100
Magic Chair,xa_tw_2010.mdls,0,28BD8,Resist 07 Unknown,64 00 00 00,100
Magic Chair,xa_tw_2010.mdls,0,28BDC,Resist 08 Percent HP,64 00 00 00,100
Magic Chair,xa_tw_2010.mdls,0,28BE0,Resist 09 Stop,64 00 00 00,100
Magic Chair,xa_tw_2010.mdls,0,28BE4,Resist 0A Stun,64 00 00 00,100
Magic Chair,xa_tw_2010.mdls,0,28BE8,Resist 0B Heal,64 00 00 00,100
Magic Chair,xa_tw_2010.mdls,0,28BEC,Resist 0C Unknown,64 00 00 00,100
Magic Chair,xa_tw_2010.mdls,0,28BF0,Resist 0D Unknown,64 00 00 00,100
Magic Chair,xa_tw_2010.mdls,0,28BF4,Resist 0E Unknown,64 00 00 00,100
Magic Chair,xa_tw_2010.mdls,0,28BF8,Resist 0F Unknown,64 00 00 00,100
Magic Chair,xa_tw_2010.mdls,0,28BFC,??? (+68),00 00 00 00,0
Magic Table,xa_tw_2020.mdls,0,25114,HP,1E 00 00 00,30
Magic Table,xa_tw_2020.mdls,0,25118,ATK Level,03 00 00 00,3
Magic Table,xa_tw_2020.mdls,0,2511C,DEF Level,03 00 00 00,3
Magic Table,xa_tw_2020.mdls,0,25120,Min Damage Taken,0A 00 00 00,10
Magic Table,xa_tw_2020.mdls,0,25124,Max Damage Taken,0A 00 00 00,10
Magic Table,xa_tw_2020.mdls,0,25128,MP Recovery On Hit,63 00 00 00,99
Magic Table,xa_tw_2020.mdls,0,2512C,Knockback Weight,00 00 80 3F,1
Magic Table,xa_tw_2020.mdls,0,25130,EXP,00 00 00 00,0
Magic Table,xa_tw_2020.mdls,0,25134,??? (+20),00 00 00 00,0
Magic Table,xa_tw_2020.mdls,0,25138,Outgoing Damage Multiplier,00 00 80 3F,1
Magic Table,xa_tw_2020.mdls,0,2513C,Resist 00 Unknown,64 00 00 00,100
Magic Table,xa_tw_2020.mdls,0,25140,Resist 01 Physical,64 00 00 00,100
Magic Table,xa_tw_2020.mdls,0,25144,Resist 02 Fire,64 00 00 00,100
Magic Table,xa_tw_2020.mdls,0,25148,Resist 03 Blizzard,64 00 00 00,100
Magic Table,xa_tw_2020.mdls,0,2514C,Resist 04 Thunder,64 00 00 00,100
Magic Table,xa_tw_2020.mdls,0,25150,Resist 05 Unknown,64 00 00 00,100
Magic Table,xa_tw_2020.mdls,0,25154,Resist 06 Unknown,64 00 00 00,100
Magic Table,xa_tw_2020.mdls,0,25158,Resist 07 Unknown,64 00 00 00,100
Magic Table,xa_tw_2020.mdls,0,2515C,Resist 08 Percent HP,64 00 00 00,100
Magic Table,xa_tw_2020.mdls,0,25160,Resist 09 Stop,64 00 00 00,100
Magic Table,xa_tw_2020.mdls,0,25164,Resist 0A Stun,64 00 00 00,100
Magic Table,xa_tw_2020.mdls,0,25168,Resist 0B Heal,64 00 00 00,100
Magic Table,xa_tw_2020.mdls,0,2516C,Resist 0C Unknown,64 00 00 00,100
Magic Table,xa_tw_2020.mdls,0,25170,Resist 0D Unknown,64 00 00 00,100
Magic Table,xa_tw_2020.mdls,0,25174,Resist 0E Unknown,64 00 00 00,100
Magic Table,xa_tw_2020.mdls,0,25178,Resist 0F Unknown,64 00 00 00,100
Magic Table,xa_tw_2020.mdls,0,2517C,??? (+68),00 00 00 00,0
Magic Dresser,xa_tw_2030.mdls,0,21E14,HP,28 00 00 00,40
Magic Dresser,xa_tw_2030.mdls,0,21E18,ATK Level,03 00 00 00,3
Magic Dresser,xa_tw_2030.mdls,0,21E1C,DEF Level,03 00 00 00,3
Magic Dresser,xa_tw_2030.mdls,0,21E20,Min Damage Taken,0A 00 00 00,10
Magic Dresser,xa_tw_2030.mdls,0,21E24,Max Damage Taken,0A 00 00 00,10
Magic Dresser,xa_tw_2030.mdls,0,21E28,MP Recovery On Hit,63 00 00 00,99
Magic Dresser,xa_tw_2030.mdls,0,21E2C,Knockback Weight,00 00 80 3F,1
Magic Dresser,xa_tw_2030.mdls,0,21E30,EXP,00 00 00 00,0
Magic Dresser,xa_tw_2030.mdls,0,21E34,??? (+20),00 00 00 00,0
Magic Dresser,xa_tw_2030.mdls,0,21E38,Outgoing Damage Multiplier,00 00 80 3F,1
Magic Dresser,xa_tw_2030.mdls,0,21E3C,Resist 00 Unknown,64 00 00 00,100
Magic Dresser,xa_tw_2030.mdls,0,21E40,Resist 01 Physical,64 00 00 00,100
Magic Dresser,xa_tw_2030.mdls,0,21E44,Resist 02 Fire,64 00 00 00,100
Magic Dresser,xa_tw_2030.mdls,0,21E48,Resist 03 Blizzard,64 00 00 00,100
Magic Dresser,xa_tw_2030.mdls,0,21E4C,Resist 04 Thunder,64 00 00 00,100
Magic Dresser,xa_tw_2030.mdls,0,21E50,Resist 05 Unknown,64 00 00 00,100
Magic Dresser,xa_tw_2030.mdls,0,21E54,Resist 06 Unknown,64 00 00 00,100
Magic Dresser,xa_tw_2030.mdls,0,21E58,Resist 07 Unknown,64 00 00 00,100
Magic Dresser,xa_tw_2030.mdls,0,21E5C,Resist 08 Percent HP,64 00 00 00,100
Magic Dresser,xa_tw_2030.mdls,0,21E60,Resist 09 Stop,64 00 00 00,100
Magic Dresser,xa_tw_2030.mdls,0,21E64,Resist 0A Stun,64 00 00 00,100
Magic Dresser,xa_tw_2030.mdls,0,21E68,Resist 0B Heal,64 00 00 00,100
Magic Dresser,xa_tw_2030.mdls,0,21E6C,Resist 0C Unknown,64 00 00 00,100
Magic Dresser,xa_tw_2030.mdls,0,21E70,Resist 0D Unknown,64 00 00 00,100
Magic Dresser,xa_tw_2030.mdls,0,21E74,Resist 0E Unknown,64 00 00 00,100
Magic Dresser,xa_tw_2030.mdls,0,21E78,Resist 0F Unknown,64 00 00 00,100
Magic Dresser,xa_tw_2030.mdls,0,21E7C,??? (+68),00 00 00 00,0
Magic Teapot,xa_tw_2040.mdls,0,28714,HP,0A 00 00 00,10
Magic Teapot,xa_tw_2040.mdls,0,28718,ATK Level,03 00 00 00,3
Magic Teapot,xa_tw_2040.mdls,0,2871C,DEF Level,03 00 00 00,3
Magic Teapot,xa_tw_2040.mdls,0,28720,Min Damage Taken,0A 00 00 00,10
Magic Teapot,xa_tw_2040.mdls,0,28724,Max Damage Taken,0A 00 00 00,10
Magic Teapot,xa_tw_2040.mdls,0,28728,MP Recovery On Hit,63 00 00 00,99
Magic Teapot,xa_tw_2040.mdls,0,2872C,Knockback Weight,00 00 80 3F,1
Magic Teapot,xa_tw_2040.mdls,0,28730,EXP,00 00 00 00,0
Magic Teapot,xa_tw_2040.mdls,0,28734,??? (+20),00 00 00 00,0
Magic Teapot,xa_tw_2040.mdls,0,28738,Outgoing Damage Multiplier,00 00 80 3F,1
Magic Teapot,xa_tw_2040.mdls,0,2873C,Resist 00 Unknown,64 00 00 00,100
Magic Teapot,xa_tw_2040.mdls,0,28740,Resist 01 Physical,64 00 00 00,100
Magic Teapot,xa_tw_2040.mdls,0,28744,Resist 02 Fire,64 00 00 00,100
Magic Teapot,xa_tw_2040.mdls,0,28748,Resist 03 Blizzard,64 00 00 00,100
Magic Teapot,xa_tw_2040.mdls,0,2874C,Resist 04 Thunder,64 00 00 00,100
Magic Teapot,xa_tw_2040.mdls,0,28750,Resist 05 Unknown,64 00 00 00,100
Magic Teapot,xa_tw_2040.mdls,0,28754,Resist 06 Unknown,64 00 00 00,100
Magic Teapot,xa_tw_2040.mdls,0,28758,Resist 07 Unknown,64 00 00 00,100
Magic Teapot,xa_tw_2040.mdls,0,2875C,Resist 08 Percent HP,64 00 00 00,100
Magic Teapot,xa_tw_2040.mdls,0,28760,Resist 09 Stop,64 00 00 00,100
Magic Teapot,xa_tw_2040.mdls,0,28764,Resist 0A Stun,64 00 00 00,100
Magic Teapot,xa_tw_2040.mdls,0,28768,Resist 0B Heal,64 00 00 00,100
Magic Teapot,xa_tw_2040.mdls,0,2876C,Resist 0C Unknown,64 00 00 00,100
Magic Teapot,xa_tw_2040.mdls,0,28770,Resist 0D Unknown,64 00 00 00,100
Magic Teapot,xa_tw_2040.mdls,0,28774,Resist 0E Unknown,64 00 00 00,100
Magic Teapot,xa_tw_2040.mdls,0,28778,Resist 0F Unknown,64 00 00 00,100
Magic Teapot,xa_tw_2040.mdls,0,2877C,??? (+68),00 00 00 00,0
Heartless Guard Armor,xa_tw_3000.mdls,0,11A014,HP,BC 02 00 00,700
Heartless Guard Armor,xa_tw_3000.mdls,0,11A018,ATK Level,03 00 00 00,3
Heartless Guard Armor,xa_tw_3000.mdls,0,11A01C,DEF Level,03 00 00 00,3
Heartless Guard Armor,xa_tw_3000.mdls,0,11A020,Min Damage Taken,02 00 00 00,2
Heartless Guard Armor,xa_tw_3000.mdls,0,11A024,Max Damage Taken,1E 00 00 00,30
Heartless Guard Armor,xa_tw_3000.mdls,0,11A028,MP Recovery On Hit,0C 00 00 00,12
Heartless Guard Armor,xa_tw_3000.mdls,0,11A02C,Knockback Weight,00 00 80 3F,1
Heartless Guard Armor,xa_tw_3000.mdls,0,11A030,EXP,6E 00 00 00,110
Heartless Guard Armor,xa_tw_3000.mdls,0,11A034,??? (+20),DD 13 00 00,5085
Heartless Guard Armor,xa_tw_3000.mdls,0,11A038,Outgoing Damage Multiplier,00 00 80 3F,1
Heartless Guard Armor,xa_tw_3000.mdls,0,11A03C,Resist 00 Unknown,32 00 00 00,50
Heartless Guard Armor,xa_tw_3000.mdls,0,11A040,Resist 01 Physical,64 00 00 00,100
Heartless Guard Armor,xa_tw_3000.mdls,0,11A044,Resist 02 Fire,31 00 00 00,49
Heartless Guard Armor,xa_tw_3000.mdls,0,11A048,Resist 03 Blizzard,32 00 00 00,50
Heartless Guard Armor,xa_tw_3000.mdls,0,11A04C,Resist 04 Thunder,64 00 00 00,100
Heartless Guard Armor,xa_tw_3000.mdls,0,11A050,Resist 05 Unknown,64 00 00 00,100
Heartless Guard Armor,xa_tw_3000.mdls,0,11A054,Resist 06 Unknown,64 00 00 00,100
Heartless Guard Armor,xa_tw_3000.mdls,0,11A058,Resist 07 Unknown,64 00 00 00,100
Heartless Guard Armor,xa_tw_3000.mdls,0,11A05C,Resist 08 Percent HP,04 00 00 00,4
Heartless Guard Armor,xa_tw_3000.mdls,0,11A060,Resist 09 Stop,64 00 00 00,100
Heartless Guard Armor,xa_tw_3000.mdls,0,11A064,Resist 0A Stun,32 00 00 00,50
Heartless Guard Armor,xa_tw_3000.mdls,0,11A068,Resist 0B Heal,64 00 00 00,100
Heartless Guard Armor,xa_tw_3000.mdls,0,11A06C,Resist 0C Unknown,64 00 00 00,100
Heartless Guard Armor,xa_tw_3000.mdls,0,11A070,Resist 0D Unknown,64 00 00 00,100
Heartless Guard Armor,xa_tw_3000.mdls,0,11A074,Resist 0E Unknown,64 00 00 00,100
Heartless Guard Armor,xa_tw_3000.mdls,0,11A078,Resist 0F Unknown,64 00 00 00,100
Heartless Guard Armor,xa_tw_3000.mdls,0,11A07C,??? (+68),00 02 00 00,512
Heartless Guard Armor,xa_tw_3000.mdls,1,11A080,HP,BC 02 00 00,700
Heartless Guard Armor,xa_tw_3000.mdls,1,11A084,ATK Level,03 00 00 00,3
Heartless Guard Armor,xa_tw_3000.mdls,1,11A088,DEF Level,03 00 00 00,3
Heartless Guard Armor,xa_tw_3000.mdls,1,11A08C,Min Damage Taken,02 00 00 00,2
Heartless Guard Armor,xa_tw_3000.mdls,1,11A090,Max Damage Taken,1E 00 00 00,30
Heartless Guard Armor,xa_tw_3000.mdls,1,11A094,MP Recovery On Hit,0C 00 00 00,12
Heartless Guard Armor,xa_tw_3000.mdls,1,11A098,Knockback Weight,00 00 80 3F,1
Heartless Guard Armor,xa_tw_3000.mdls,1,11A09C,EXP,00 00 00 00,0
Heartless Guard Armor,xa_tw_3000.mdls,1,11A0A0,??? (+20),DD 13 00 00,5085
Heartless Guard Armor,xa_tw_3000.mdls,1,11A0A4,Outgoing Damage Multiplier,00 00 80 3F,1
Heartless Guard Armor,xa_tw_3000.mdls,1,11A0A8,Resist 00 Unknown,32 00 00 00,50
Heartless Guard Armor,xa_tw_3000.mdls,1,11A0AC,Resist 01 Physical,64 00 00 00,100
Heartless Guard Armor,xa_tw_3000.mdls,1,11A0B0,Resist 02 Fire,31 00 00 00,49
Heartless Guard Armor,xa_tw_3000.mdls,1,11A0B4,Resist 03 Blizzard,32 00 00 00,50
Heartless Guard Armor,xa_tw_3000.mdls,1,11A0B8,Resist 04 Thunder,64 00 00 00,100
Heartless Guard Armor,xa_tw_3000.mdls,1,11A0BC,Resist 05 Unknown,64 00 00 00,100
Heartless Guard Armor,xa_tw_3000.mdls,1,11A0C0,Resist 06 Unknown,64 00 00 00,100
Heartless Guard Armor,xa_tw_3000.mdls,1,11A0C4,Resist 07 Unknown,64 00 00 00,100
Heartless Guard Armor,xa_tw_3000.mdls,1,11A0C8,Resist 08 Percent HP,04 00 00 00,4
Heartless Guard Armor,xa_tw_3000.mdls,1,11A0CC,Resist 09 Stop,64 00 00 00,100
Heartless Guard Armor,xa_tw_3000.mdls,1,11A0D0,Resist 0A Stun,32 00 00 00,50
Heartless Guard Armor,xa_tw_3000.mdls,1,11A0D4,Resist 0B Heal,64 00 00 00,100
Heartless Guard Armor,xa_tw_3000.mdls,1,11A0D8,Resist 0C Unknown,64 00 00 00,100
Heartless Guard Armor,xa_tw_3000.mdls,1,11A0DC,Resist 0D Unknown,64 00 00 00,100
Heartless Guard Armor,xa_tw_3000.mdls,1,11A0E0,Resist 0E Unknown,64 00 00 00,100
Heartless Guard Armor,xa_tw_3000.mdls,1,11A0E4,Resist 0F Unknown,64 00 00 00,100
Heartless Guard Armor,xa_tw_3000.mdls,1,11A0E8,??? (+68),00 02 00 00,512
Heartless Guard Armor,xa_tw_3000.mdls,2,11A0EC,HP,F0 00 00 00,240
Heartless Guard Armor,xa_tw_3000.mdls,2,11A0F0,ATK Level,08 00 00 00,8
Heartless Guard Armor,xa_tw_3000.mdls,2,11A0F4,DEF Level,08 00 00 00,8
Heartless Guard Armor,xa_tw_3000.mdls,2,11A0F8,Min Damage Taken,02 00 00 00,2
Heartless Guard Armor,xa_tw_3000.mdls,2,11A0FC,Max Damage Taken,1E 00 00 00,30
Heartless Guard Armor,xa_tw_3000.mdls,2,11A100,MP Recovery On Hit,14 00 00 00,20
Heartless Guard Armor,xa_tw_3000.mdls,2,11A104,Knockback Weight,00 00 80 3F,1
Heartless Guard Armor,xa_tw_3000.mdls,2,11A108,EXP,28 00 00 00,40
Heartless Guard Armor,xa_tw_3000.mdls,2,11A10C,??? (+20),DD 13 00 00,5085
Heartless Guard Armor,xa_tw_3000.mdls,2,11A110,Outgoing Damage Multiplier,00 00 C0 3F,1.5
Heartless Guard Armor,xa_tw_3000.mdls,2,11A114,Resist 00 Unknown,32 00 00 00,50
Heartless Guard Armor,xa_tw_3000.mdls,2,11A118,Resist 01 Physical,64 00 00 00,100
Heartless Guard Armor,xa_tw_3000.mdls,2,11A11C,Resist 02 Fire,31 00 00 00,49
Heartless Guard Armor,xa_tw_3000.mdls,2,11A120,Resist 03 Blizzard,32 00 00 00,50
Heartless Guard Armor,xa_tw_3000.mdls,2,11A124,Resist 04 Thunder,64 00 00 00,100
Heartless Guard Armor,xa_tw_3000.mdls,2,11A128,Resist 05 Unknown,64 00 00 00,100
Heartless Guard Armor,xa_tw_3000.mdls,2,11A12C,Resist 06 Unknown,64 00 00 00,100
Heartless Guard Armor,xa_tw_3000.mdls,2,11A130,Resist 07 Unknown,64 00 00 00,100
Heartless Guard Armor,xa_tw_3000.mdls,2,11A134,Resist 08 Percent HP,04 00 00 00,4
Heartless Guard Armor,xa_tw_3000.mdls,2,11A138,Resist 09 Stop,64 00 00 00,100
Heartless Guard Armor,xa_tw_3000.mdls,2,11A13C,Resist 0A Stun,32 00 00 00,50
Heartless Guard Armor,xa_tw_3000.mdls,2,11A140,Resist 0B Heal,64 00 00 00,100
Heartless Guard Armor,xa_tw_3000.mdls,2,11A144,Resist 0C Unknown,64 00 00 00,100
Heartless Guard Armor,xa_tw_3000.mdls,2,11A148,Resist 0D Unknown,64 00 00 00,100
Heartless Guard Armor,xa_tw_3000.mdls,2,11A14C,Resist 0E Unknown,64 00 00 00,100
Heartless Guard Armor,xa_tw_3000.mdls,2,11A150,Resist 0F Unknown,64 00 00 00,100
Heartless Guard Armor,xa_tw_3000.mdls,2,11A154,??? (+68),00 02 00 00,512
Heartless Guard Armor,xa_tw_3000.mdls,3,11A158,HP,C2 01 00 00,450
Heartless Guard Armor,xa_tw_3000.mdls,3,11A15C,ATK Level,11 00 00 00,17
Heartless Guard Armor,xa_tw_3000.mdls,3,11A160,DEF Level,11 00 00 00,17
Heartless Guard Armor,xa_tw_3000.mdls,3,11A164,Min Damage Taken,02 00 00 00,2
Heartless Guard Armor,xa_tw_3000.mdls,3,11A168,Max Damage Taken,1E 00 00 00,30
Heartless Guard Armor,xa_tw_3000.mdls,3,11A16C,MP Recovery On Hit,35 00 00 00,53
Heartless Guard Armor,xa_tw_3000.mdls,3,11A170,Knockback Weight,00 00 80 3F,1
Heartless Guard Armor,xa_tw_3000.mdls,3,11A174,EXP,F4 01 00 00,500
Heartless Guard Armor,xa_tw_3000.mdls,3,11A178,??? (+20),DD 13 00 00,5085
Heartless Guard Armor,xa_tw_3000.mdls,3,11A17C,Outgoing Damage Multiplier,00 00 40 40,3
Heartless Guard Armor,xa_tw_3000.mdls,3,11A180,Resist 00 Unknown,32 00 00 00,50
Heartless Guard Armor,xa_tw_3000.mdls,3,11A184,Resist 01 Physical,64 00 00 00,100
Heartless Guard Armor,xa_tw_3000.mdls,3,11A188,Resist 02 Fire,31 00 00 00,49
Heartless Guard Armor,xa_tw_3000.mdls,3,11A18C,Resist 03 Blizzard,32 00 00 00,50
Heartless Guard Armor,xa_tw_3000.mdls,3,11A190,Resist 04 Thunder,64 00 00 00,100
Heartless Guard Armor,xa_tw_3000.mdls,3,11A194,Resist 05 Unknown,64 00 00 00,100
Heartless Guard Armor,xa_tw_3000.mdls,3,11A198,Resist 06 Unknown,64 00 00 00,100
Heartless Guard Armor,xa_tw_3000.mdls,3,11A19C,Resist 07 Unknown,64 00 00 00,100
Heartless Guard Armor,xa_tw_3000.mdls,3,11A1A0,Resist 08 Percent HP,03 00 00 00,3
Heartless Guard Armor,xa_tw_3000.mdls,3,11A1A4,Resist 09 Stop,64 00 00 00,100
Heartless Guard Armor,xa_tw_3000.mdls,3,11A1A8,Resist 0A Stun,32 00 00 00,50
Heartless Guard Armor,xa_tw_3000.mdls,3,11A1AC,Resist 0B Heal,64 00 00 00,100
Heartless Guard Armor,xa_tw_3000.mdls,3,11A1B0,Resist 0C Unknown,64 00 00 00,100
Heartless Guard Armor,xa_tw_3000.mdls,3,11A1B4,Resist 0D Unknown,64 00 00 00,100
Heartless Guard Armor,xa_tw_3000.mdls,3,11A1B8,Resist 0E Unknown,64 00 00 00,100
Heartless Guard Armor,xa_tw_3000.mdls,3,11A1BC,Resist 0F Unknown,64 00 00 00,100
Heartless Guard Armor,xa_tw_3000.mdls,3,11A1C0,??? (+68),00 02 00 00,512
Heartless Guard Armor,xa_tw_3000.mdls,4,11A1C4,HP,C2 01 00 00,450
Heartless Guard Armor,xa_tw_3000.mdls,4,11A1C8,ATK Level,12 00 00 00,18
Heartless Guard Armor,xa_tw_3000.mdls,4,11A1CC,DEF Level,12 00 00 00,18
Heartless Guard Armor,xa_tw_3000.mdls,4,11A1D0,Min Damage Taken,02 00 00 00,2
Heartless Guard Armor,xa_tw_3000.mdls,4,11A1D4,Max Damage Taken,1E 00 00 00,30
Heartless Guard Armor,xa_tw_3000.mdls,4,11A1D8,MP Recovery On Hit,35 00 00 00,53
Heartless Guard Armor,xa_tw_3000.mdls,4,11A1DC,Knockback Weight,00 00 80 3F,1
Heartless Guard Armor,xa_tw_3000.mdls,4,11A1E0,EXP,F4 01 00 00,500
Heartless Guard Armor,xa_tw_3000.mdls,4,11A1E4,??? (+20),DD 13 00 00,5085
Heartless Guard Armor,xa_tw_3000.mdls,4,11A1E8,Outgoing Damage Multiplier,00 00 40 40,3
Heartless Guard Armor,xa_tw_3000.mdls,4,11A1EC,Resist 00 Unknown,32 00 00 00,50
Heartless Guard Armor,xa_tw_3000.mdls,4,11A1F0,Resist 01 Physical,64 00 00 00,100
Heartless Guard Armor,xa_tw_3000.mdls,4,11A1F4,Resist 02 Fire,31 00 00 00,49
Heartless Guard Armor,xa_tw_3000.mdls,4,11A1F8,Resist 03 Blizzard,32 00 00 00,50
Heartless Guard Armor,xa_tw_3000.mdls,4,11A1FC,Resist 04 Thunder,64 00 00 00,100
Heartless Guard Armor,xa_tw_3000.mdls,4,11A200,Resist 05 Unknown,64 00 00 00,100
Heartless Guard Armor,xa_tw_3000.mdls,4,11A204,Resist 06 Unknown,64 00 00 00,100
Heartless Guard Armor,xa_tw_3000.mdls,4,11A208,Resist 07 Unknown,64 00 00 00,100
Heartless Guard Armor,xa_tw_3000.mdls,4,11A20C,Resist 08 Percent HP,03 00 00 00,3
Heartless Guard Armor,xa_tw_3000.mdls,4,11A210,Resist 09 Stop,64 00 00 00,100
Heartless Guard Armor,xa_tw_3000.mdls,4,11A214,Resist 0A Stun,32 00 00 00,50
Heartless Guard Armor,xa_tw_3000.mdls,4,11A218,Resist 0B Heal,64 00 00 00,100
Heartless Guard Armor,xa_tw_3000.mdls,4,11A21C,Resist 0C Unknown,64 00 00 00,100
Heartless Guard Armor,xa_tw_3000.mdls,4,11A220,Resist 0D Unknown,64 00 00 00,100
Heartless Guard Armor,xa_tw_3000.mdls,4,11A224,Resist 0E Unknown,64 00 00 00,100
Heartless Guard Armor,xa_tw_3000.mdls,4,11A228,Resist 0F Unknown,64 00 00 00,100
Heartless Guard Armor,xa_tw_3000.mdls,4,11A22C,??? (+68),00 02 00 00,512
Heartless Guard Armor,xa_tw_3010.mdls,0,106C14,HP,84 03 00 00,900
Heartless Guard Armor,xa_tw_3010.mdls,0,106C18,ATK Level,07 00 00 00,7
Heartless Guard Armor,xa_tw_3010.mdls,0,106C1C,DEF Level,07 00 00 00,7
Heartless Guard Armor,xa_tw_3010.mdls,0,106C20,Min Damage Taken,02 00 00 00,2
Heartless Guard Armor,xa_tw_3010.mdls,0,106C24,Max Damage Taken,14 00 00 00,20
Heartless Guard Armor,xa_tw_3010.mdls,0,106C28,MP Recovery On Hit,17 00 00 00,23
Heartless Guard Armor,xa_tw_3010.mdls,0,106C2C,Knockback Weight,00 00 80 3F,1
Heartless Guard Armor,xa_tw_3010.mdls,0,106C30,EXP,86 01 00 00,390
Heartless Guard Armor,xa_tw_3010.mdls,0,106C34,??? (+20),00 00 00 00,0
Heartless Guard Armor,xa_tw_3010.mdls,0,106C38,Outgoing Damage Multiplier,00 00 80 3F,1
Heartless Guard Armor,xa_tw_3010.mdls,0,106C3C,Resist 00 Unknown,32 00 00 00,50
Heartless Guard Armor,xa_tw_3010.mdls,0,106C40,Resist 01 Physical,64 00 00 00,100
Heartless Guard Armor,xa_tw_3010.mdls,0,106C44,Resist 02 Fire,31 00 00 00,49
Heartless Guard Armor,xa_tw_3010.mdls,0,106C48,Resist 03 Blizzard,32 00 00 00,50
Heartless Guard Armor,xa_tw_3010.mdls,0,106C4C,Resist 04 Thunder,64 00 00 00,100
Heartless Guard Armor,xa_tw_3010.mdls,0,106C50,Resist 05 Unknown,64 00 00 00,100
Heartless Guard Armor,xa_tw_3010.mdls,0,106C54,Resist 06 Unknown,64 00 00 00,100
Heartless Guard Armor,xa_tw_3010.mdls,0,106C58,Resist 07 Unknown,64 00 00 00,100
Heartless Guard Armor,xa_tw_3010.mdls,0,106C5C,Resist 08 Percent HP,04 00 00 00,4
Heartless Guard Armor,xa_tw_3010.mdls,0,106C60,Resist 09 Stop,64 00 00 00,100
Heartless Guard Armor,xa_tw_3010.mdls,0,106C64,Resist 0A Stun,32 00 00 00,50
Heartless Guard Armor,xa_tw_3010.mdls,0,106C68,Resist 0B Heal,64 00 00 00,100
Heartless Guard Armor,xa_tw_3010.mdls,0,106C6C,Resist 0C Unknown,64 00 00 00,100
Heartless Guard Armor,xa_tw_3010.mdls,0,106C70,Resist 0D Unknown,64 00 00 00,100
Heartless Guard Armor,xa_tw_3010.mdls,0,106C74,Resist 0E Unknown,64 00 00 00,100
Heartless Guard Armor,xa_tw_3010.mdls,0,106C78,Resist 0F Unknown,64 00 00 00,100
Heartless Guard Armor,xa_tw_3010.mdls,0,106C7C,??? (+68),00 02 00 00,512
Heartless Guard Armor,xa_tw_3010.mdls,1,106C80,HP,84 03 00 00,900
Heartless Guard Armor,xa_tw_3010.mdls,1,106C84,ATK Level,12 00 00 00,18
Heartless Guard Armor,xa_tw_3010.mdls,1,106C88,DEF Level,12 00 00 00,18
Heartless Guard Armor,xa_tw_3010.mdls,1,106C8C,Min Damage Taken,02 00 00 00,2
Heartless Guard Armor,xa_tw_3010.mdls,1,106C90,Max Damage Taken,19 00 00 00,25
Heartless Guard Armor,xa_tw_3010.mdls,1,106C94,MP Recovery On Hit,35 00 00 00,53
Heartless Guard Armor,xa_tw_3010.mdls,1,106C98,Knockback Weight,00 00 80 3F,1
Heartless Guard Armor,xa_tw_3010.mdls,1,106C9C,EXP,58 02 00 00,600
Heartless Guard Armor,xa_tw_3010.mdls,1,106CA0,??? (+20),00 00 00 00,0
Heartless Guard Armor,xa_tw_3010.mdls,1,106CA4,Outgoing Damage Multiplier,00 00 00 40,2
Heartless Guard Armor,xa_tw_3010.mdls,1,106CA8,Resist 00 Unknown,32 00 00 00,50
Heartless Guard Armor,xa_tw_3010.mdls,1,106CAC,Resist 01 Physical,64 00 00 00,100
Heartless Guard Armor,xa_tw_3010.mdls,1,106CB0,Resist 02 Fire,31 00 00 00,49
Heartless Guard Armor,xa_tw_3010.mdls,1,106CB4,Resist 03 Blizzard,32 00 00 00,50
Heartless Guard Armor,xa_tw_3010.mdls,1,106CB8,Resist 04 Thunder,64 00 00 00,100
Heartless Guard Armor,xa_tw_3010.mdls,1,106CBC,Resist 05 Unknown,64 00 00 00,100
Heartless Guard Armor,xa_tw_3010.mdls,1,106CC0,Resist 06 Unknown,64 00 00 00,100
Heartless Guard Armor,xa_tw_3010.mdls,1,106CC4,Resist 07 Unknown,64 00 00 00,100
Heartless Guard Armor,xa_tw_3010.mdls,1,106CC8,Resist 08 Percent HP,03 00 00 00,3
Heartless Guard Armor,xa_tw_3010.mdls,1,106CCC,Resist 09 Stop,64 00 00 00,100
Heartless Guard Armor,xa_tw_3010.mdls,1,106CD0,Resist 0A Stun,32 00 00 00,50
Heartless Guard Armor,xa_tw_3010.mdls,1,106CD4,Resist 0B Heal,64 00 00 00,100
Heartless Guard Armor,xa_tw_3010.mdls,1,106CD8,Resist 0C Unknown,64 00 00 00,100
Heartless Guard Armor,xa_tw_3010.mdls,1,106CDC,Resist 0D Unknown,64 00 00 00,100
Heartless Guard Armor,xa_tw_3010.mdls,1,106CE0,Resist 0E Unknown,64 00 00 00,100
Heartless Guard Armor,xa_tw_3010.mdls,1,106CE4,Resist 0F Unknown,64 00 00 00,100
Heartless Guard Armor,xa_tw_3010.mdls,1,106CE8,??? (+68),00 02 00 00,512
Heartless Guard Armor (Pink),xa_tw_3020.mdls,0,11AF94,HP,BC 02 00 00,700
Heartless Guard Armor (Pink),xa_tw_3020.mdls,0,11AF98,ATK Level,03 00 00 00,3
Heartless Guard Armor (Pink),xa_tw_3020.mdls,0,11AF9C,DEF Level,03 00 00 00,3
Heartless Guard Armor (Pink),xa_tw_3020.mdls,0,11AFA0,Min Damage Taken,02 00 00 00,2
Heartless Guard Armor (Pink),xa_tw_3020.mdls,0,11AFA4,Max Damage Taken,1E 00 00 00,30
Heartless Guard Armor (Pink),xa_tw_3020.mdls,0,11AFA8,MP Recovery On Hit,0C 00 00 00,12
Heartless Guard Armor (Pink),xa_tw_3020.mdls,0,11AFAC,Knockback Weight,00 00 80 3F,1
Heartless Guard Armor (Pink),xa_tw_3020.mdls,0,11AFB0,EXP,6E 00 00 00,110
Heartless Guard Armor (Pink),xa_tw_3020.mdls,0,11AFB4,??? (+20),DD 13 00 00,5085
Heartless Guard Armor (Pink),xa_tw_3020.mdls,0,11AFB8,Outgoing Damage Multiplier,00 00 80 3F,1
Heartless Guard Armor (Pink),xa_tw_3020.mdls,0,11AFBC,Resist 00 Unknown,32 00 00 00,50
Heartless Guard Armor (Pink),xa_tw_3020.mdls,0,11AFC0,Resist 01 Physical,64 00 00 00,100
Heartless Guard Armor (Pink),xa_tw_3020.mdls,0,11AFC4,Resist 02 Fire,31 00 00 00,49
Heartless Guard Armor (Pink),xa_tw_3020.mdls,0,11AFC8,Resist 03 Blizzard,32 00 00 00,50
Heartless Guard Armor (Pink),xa_tw_3020.mdls,0,11AFCC,Resist 04 Thunder,64 00 00 00,100
Heartless Guard Armor (Pink),xa_tw_3020.mdls,0,11AFD0,Resist 05 Unknown,64 00 00 00,100
Heartless Guard Armor (Pink),xa_tw_3020.mdls,0,11AFD4,Resist 06 Unknown,64 00 00 00,100
Heartless Guard Armor (Pink),xa_tw_3020.mdls,0,11AFD8,Resist 07 Unknown,64 00 00 00,100
Heartless Guard Armor (Pink),xa_tw_3020.mdls,0,11AFDC,Resist 08 Percent HP,04 00 00 00,4
Heartless Guard Armor (Pink),xa_tw_3020.mdls,0,11AFE0,Resist 09 Stop,64 00 00 00,100
Heartless Guard Armor (Pink),xa_tw_3020.mdls,0,11AFE4,Resist 0A Stun,32 00 00 00,50
Heartless Guard Armor (Pink),xa_tw_3020.mdls,0,11AFE8,Resist 0B Heal,64 00 00 00,100
Heartless Guard Armor (Pink),xa_tw_3020.mdls,0,11AFEC,Resist 0C Unknown,64 00 00 00,100
Heartless Guard Armor (Pink),xa_tw_3020.mdls,0,11AFF0,Resist 0D Unknown,64 00 00 00,100
Heartless Guard Armor (Pink),xa_tw_3020.mdls,0,11AFF4,Resist 0E Unknown,64 00 00 00,100
Heartless Guard Armor (Pink),xa_tw_3020.mdls,0,11AFF8,Resist 0F Unknown,64 00 00 00,100
Heartless Guard Armor (Pink),xa_tw_3020.mdls,0,11AFFC,??? (+68),00 02 00 00,512
Heartless Guard Armor (Pink),xa_tw_3020.mdls,1,11B000,HP,BC 02 00 00,700
Heartless Guard Armor (Pink),xa_tw_3020.mdls,1,11B004,ATK Level,03 00 00 00,3
Heartless Guard Armor (Pink),xa_tw_3020.mdls,1,11B008,DEF Level,03 00 00 00,3
Heartless Guard Armor (Pink),xa_tw_3020.mdls,1,11B00C,Min Damage Taken,02 00 00 00,2
Heartless Guard Armor (Pink),xa_tw_3020.mdls,1,11B010,Max Damage Taken,1E 00 00 00,30
Heartless Guard Armor (Pink),xa_tw_3020.mdls,1,11B014,MP Recovery On Hit,0C 00 00 00,12
Heartless Guard Armor (Pink),xa_tw_3020.mdls,1,11B018,Knockback Weight,00 00 80 3F,1
Heartless Guard Armor (Pink),xa_tw_3020.mdls,1,11B01C,EXP,00 00 00 00,0
Heartless Guard Armor (Pink),xa_tw_3020.mdls,1,11B020,??? (+20),DD 13 00 00,5085
Heartless Guard Armor (Pink),xa_tw_3020.mdls,1,11B024,Outgoing Damage Multiplier,00 00 80 3F,1
Heartless Guard Armor (Pink),xa_tw_3020.mdls,1,11B028,Resist 00 Unknown,32 00 00 00,50
Heartless Guard Armor (Pink),xa_tw_3020.mdls,1,11B02C,Resist 01 Physical,64 00 00 00,100
Heartless Guard Armor (Pink),xa_tw_3020.mdls,1,11B030,Resist 02 Fire,31 00 00 00,49
Heartless Guard Armor (Pink),xa_tw_3020.mdls,1,11B034,Resist 03 Blizzard,32 00 00 00,50
Heartless Guard Armor (Pink),xa_tw_3020.mdls,1,11B038,Resist 04 Thunder,64 00 00 00,100
Heartless Guard Armor (Pink),xa_tw_3020.mdls,1,11B03C,Resist 05 Unknown,64 00 00 00,100
Heartless Guard Armor (Pink),xa_tw_3020.mdls,1,11B040,Resist 06 Unknown,64 00 00 00,100
Heartless Guard Armor (Pink),xa_tw_3020.mdls,1,11B044,Resist 07 Unknown,64 00 00 00,100
Heartless Guard Armor (Pink),xa_tw_3020.mdls,1,11B048,Resist 08 Percent HP,04 00 00 00,4
Heartless Guard Armor (Pink),xa_tw_3020.mdls,1,11B04C,Resist 09 Stop,64 00 00 00,100
Heartless Guard Armor (Pink),xa_tw_3020.mdls,1,11B050,Resist 0A Stun,32 00 00 00,50
Heartless Guard Armor (Pink),xa_tw_3020.mdls,1,11B054,Resist 0B Heal,64 00 00 00,100
Heartless Guard Armor (Pink),xa_tw_3020.mdls,1,11B058,Resist 0C Unknown,64 00 00 00,100
Heartless Guard Armor (Pink),xa_tw_3020.mdls,1,11B05C,Resist 0D Unknown,64 00 00 00,100
Heartless Guard Armor (Pink),xa_tw_3020.mdls,1,11B060,Resist 0E Unknown,64 00 00 00,100
Heartless Guard Armor (Pink),xa_tw_3020.mdls,1,11B064,Resist 0F Unknown,64 00 00 00,100
Heartless Guard Armor (Pink),xa_tw_3020.mdls,1,11B068,??? (+68),00 02 00 00,512
Heartless Guard Armor (Pink),xa_tw_3020.mdls,2,11B06C,HP,F0 00 00 00,240
Heartless Guard Armor (Pink),xa_tw_3020.mdls,2,11B070,ATK Level,08 00 00 00,8
Heartless Guard Armor (Pink),xa_tw_3020.mdls,2,11B074,DEF Level,08 00 00 00,8
Heartless Guard Armor (Pink),xa_tw_3020.mdls,2,11B078,Min Damage Taken,02 00 00 00,2
Heartless Guard Armor (Pink),xa_tw_3020.mdls,2,11B07C,Max Damage Taken,1E 00 00 00,30
Heartless Guard Armor (Pink),xa_tw_3020.mdls,2,11B080,MP Recovery On Hit,14 00 00 00,20
Heartless Guard Armor (Pink),xa_tw_3020.mdls,2,11B084,Knockback Weight,00 00 80 3F,1
Heartless Guard Armor (Pink),xa_tw_3020.mdls,2,11B088,EXP,28 00 00 00,40
Heartless Guard Armor (Pink),xa_tw_3020.mdls,2,11B08C,??? (+20),DD 13 00 00,5085
Heartless Guard Armor (Pink),xa_tw_3020.mdls,2,11B090,Outgoing Damage Multiplier,00 00 C0 3F,1.5
Heartless Guard Armor (Pink),xa_tw_3020.mdls,2,11B094,Resist 00 Unknown,32 00 00 00,50
Heartless Guard Armor (Pink),xa_tw_3020.mdls,2,11B098,Resist 01 Physical,64 00 00 00,100
Heartless Guard Armor (Pink),xa_tw_3020.mdls,2,11B09C,Resist 02 Fire,31 00 00 00,49
Heartless Guard Armor (Pink),xa_tw_3020.mdls,2,11B0A0,Resist 03 Blizzard,32 00 00 00,50
Heartless Guard Armor (Pink),xa_tw_3020.mdls,2,11B0A4,Resist 04 Thunder,64 00 00 00,100
Heartless Guard Armor (Pink),xa_tw_3020.mdls,2,11B0A8,Resist 05 Unknown,64 00 00 00,100
Heartless Guard Armor (Pink),xa_tw_3020.mdls,2,11B0AC,Resist 06 Unknown,64 00 00 00,100
Heartless Guard Armor (Pink),xa_tw_3020.mdls,2,11B0B0,Resist 07 Unknown,64 00 00 00,100
Heartless Guard Armor (Pink),xa_tw_3020.mdls,2,11B0B4,Resist 08 Percent HP,04 00 00 00,4
Heartless Guard Armor (Pink),xa_tw_3020.mdls,2,11B0B8,Resist 09 Stop,64 00 00 00,100
Heartless Guard Armor (Pink),xa_tw_3020.mdls,2,11B0BC,Resist 0A Stun,32 00 00 00,50
Heartless Guard Armor (Pink),xa_tw_3020.mdls,2,11B0C0,Resist 0B Heal,64 00 00 00,100
Heartless Guard Armor (Pink),xa_tw_3020.mdls,2,11B0C4,Resist 0C Unknown,64 00 00 00,100
Heartless Guard Armor (Pink),xa_tw_3020.mdls,2,11B0C8,Resist 0D Unknown,64 00 00 00,100
Heartless Guard Armor (Pink),xa_tw_3020.mdls,2,11B0CC,Resist 0E Unknown,64 00 00 00,100
Heartless Guard Armor (Pink),xa_tw_3020.mdls,2,11B0D0,Resist 0F Unknown,64 00 00 00,100
Heartless Guard Armor (Pink),xa_tw_3020.mdls,2,11B0D4,??? (+68),00 02 00 00,512
Heartless Guard Armor (Pink),xa_tw_3020.mdls,3,11B0D8,HP,C2 01 00 00,450
Heartless Guard Armor (Pink),xa_tw_3020.mdls,3,11B0DC,ATK Level,11 00 00 00,17
Heartless Guard Armor (Pink),xa_tw_3020.mdls,3,11B0E0,DEF Level,11 00 00 00,17
Heartless Guard Armor (Pink),xa_tw_3020.mdls,3,11B0E4,Min Damage Taken,02 00 00 00,2
Heartless Guard Armor (Pink),xa_tw_3020.mdls,3,11B0E8,Max Damage Taken,1E 00 00 00,30
Heartless Guard Armor (Pink),xa_tw_3020.mdls,3,11B0EC,MP Recovery On Hit,35 00 00 00,53
Heartless Guard Armor (Pink),xa_tw_3020.mdls,3,11B0F0,Knockback Weight,00 00 80 3F,1
Heartless Guard Armor (Pink),xa_tw_3020.mdls,3,11B0F4,EXP,F4 01 00 00,500
Heartless Guard Armor (Pink),xa_tw_3020.mdls,3,11B0F8,??? (+20),DD 13 00 00,5085
Heartless Guard Armor (Pink),xa_tw_3020.mdls,3,11B0FC,Outgoing Damage Multiplier,00 00 40 40,3
Heartless Guard Armor (Pink),xa_tw_3020.mdls,3,11B100,Resist 00 Unknown,32 00 00 00,50
Heartless Guard Armor (Pink),xa_tw_3020.mdls,3,11B104,Resist 01 Physical,64 00 00 00,100
Heartless Guard Armor (Pink),xa_tw_3020.mdls,3,11B108,Resist 02 Fire,31 00 00 00,49
Heartless Guard Armor (Pink),xa_tw_3020.mdls,3,11B10C,Resist 03 Blizzard,32 00 00 00,50
Heartless Guard Armor (Pink),xa_tw_3020.mdls,3,11B110,Resist 04 Thunder,64 00 00 00,100
Heartless Guard Armor (Pink),xa_tw_3020.mdls,3,11B114,Resist 05 Unknown,64 00 00 00,100
Heartless Guard Armor (Pink),xa_tw_3020.mdls,3,11B118,Resist 06 Unknown,64 00 00 00,100
Heartless Guard Armor (Pink),xa_tw_3020.mdls,3,11B11C,Resist 07 Unknown,64 00 00 00,100
Heartless Guard Armor (Pink),xa_tw_3020.mdls,3,11B120,Resist 08 Percent HP,03 00 00 00,3
Heartless Guard Armor (Pink),xa_tw_3020.mdls,3,11B124,Resist 09 Stop,64 00 00 00,100
Heartless Guard Armor (Pink),xa_tw_3020.mdls,3,11B128,Resist 0A Stun,32 00 00 00,50
Heartless Guard Armor (Pink),xa_tw_3020.mdls,3,11B12C,Resist 0B Heal,64 00 00 00,100
Heartless Guard Armor (Pink),xa_tw_3020.mdls,3,11B130,Resist 0C Unknown,64 00 00 00,100
Heartless Guard Armor (Pink),xa_tw_3020.mdls,3,11B134,Resist 0D Unknown,64 00 00 00,100
Heartless Guard Armor (Pink),xa_tw_3020.mdls,3,11B138,Resist 0E Unknown,64 00 00 00,100
Heartless Guard Armor (Pink),xa_tw_3020.mdls,3,11B13C,Resist 0F Unknown,64 00 00 00,100
Heartless Guard Armor (Pink),xa_tw_3020.mdls,3,11B140,??? (+68),00 02 00 00,512
Heartless Guard Armor (Pink),xa_tw_3020.mdls,4,11B144,HP,C2 01 00 00,450
Heartless Guard Armor (Pink),xa_tw_3020.mdls,4,11B148,ATK Level,12 00 00 00,18
Heartless Guard Armor (Pink),xa_tw_3020.mdls,4,11B14C,DEF Level,12 00 00 00,18
Heartless Guard Armor (Pink),xa_tw_3020.mdls,4,11B150,Min Damage Taken,02 00 00 00,2
Heartless Guard Armor (Pink),xa_tw_3020.mdls,4,11B154,Max Damage Taken,1E 00 00 00,30
Heartless Guard Armor (Pink),xa_tw_3020.mdls,4,11B158,MP Recovery On Hit,35 00 00 00,53
Heartless Guard Armor (Pink),xa_tw_3020.mdls,4,11B15C,Knockback Weight,00 00 80 3F,1
Heartless Guard Armor (Pink),xa_tw_3020.mdls,4,11B160,EXP,F4 01 00 00,500
Heartless Guard Armor (Pink),xa_tw_3020.mdls,4,11B164,??? (+20),DD 13 00 00,5085
Heartless Guard Armor (Pink),xa_tw_3020.mdls,4,11B168,Outgoing Damage Multiplier,00 00 40 40,3
Heartless Guard Armor (Pink),xa_tw_3020.mdls,4,11B16C,Resist 00 Unknown,32 00 00 00,50
Heartless Guard Armor (Pink),xa_tw_3020.mdls,4,11B170,Resist 01 Physical,64 00 00 00,100
Heartless Guard Armor (Pink),xa_tw_3020.mdls,4,11B174,Resist 02 Fire,31 00 00 00,49
Heartless Guard Armor (Pink),xa_tw_3020.mdls,4,11B178,Resist 03 Blizzard,32 00 00 00,50
Heartless Guard Armor (Pink),xa_tw_3020.mdls,4,11B17C,Resist 04 Thunder,64 00 00 00,100
Heartless Guard Armor (Pink),xa_tw_3020.mdls,4,11B180,Resist 05 Unknown,64 00 00 00,100
Heartless Guard Armor (Pink),xa_tw_3020.mdls,4,11B184,Resist 06 Unknown,64 00 00 00,100
Heartless Guard Armor (Pink),xa_tw_3020.mdls,4,11B188,Resist 07 Unknown,64 00 00 00,100
Heartless Guard Armor (Pink),xa_tw_3020.mdls,4,11B18C,Resist 08 Percent HP,03 00 00 00,3
Heartless Guard Armor (Pink),xa_tw_3020.mdls,4,11B190,Resist 09 Stop,64 00 00 00,100
Heartless Guard Armor (Pink),xa_tw_3020.mdls,4,11B194,Resist 0A Stun,32 00 00 00,50
Heartless Guard Armor (Pink),xa_tw_3020.mdls,4,11B198,Resist 0B Heal,64 00 00 00,100
Heartless Guard Armor (Pink),xa_tw_3020.mdls,4,11B19C,Resist 0C Unknown,64 00 00 00,100
Heartless Guard Armor (Pink),xa_tw_3020.mdls,4,11B1A0,Resist 0D Unknown,64 00 00 00,100
Heartless Guard Armor (Pink),xa_tw_3020.mdls,4,11B1A4,Resist 0E Unknown,64 00 00 00,100
Heartless Guard Armor (Pink),xa_tw_3020.mdls,4,11B1A8,Resist 0F Unknown,64 00 00 00,100
Heartless Guard Armor (Pink),xa_tw_3020.mdls,4,11B1AC,??? (+68),00 02 00 00,512
Sabor,xa_tz_3000.mdls,0,CA014,HP,5A 00 00 00,90
Sabor,xa_tz_3000.mdls,0,CA018,ATK Level,06 00 00 00,6
Sabor,xa_tz_3000.mdls,0,CA01C,DEF Level,06 00 00 00,6
Sabor,xa_tz_3000.mdls,0,CA020,Min Damage Taken,02 00 00 00,2
Sabor,xa_tz_3000.mdls,0,CA024,Max Damage Taken,14 00 00 00,20
Sabor,xa_tz_3000.mdls,0,CA028,MP Recovery On Hit,10 00 00 00,16
Sabor,xa_tz_3000.mdls,0,CA02C,Knockback Weight,00 00 80 3F,1
Sabor,xa_tz_3000.mdls,0,CA030,EXP,0F 00 00 00,15
Sabor,xa_tz_3000.mdls,0,CA034,??? (+20),11 14 00 00,5137
Sabor,xa_tz_3000.mdls,0,CA038,Outgoing Damage Multiplier,00 00 80 3F,1
Sabor,xa_tz_3000.mdls,0,CA03C,Resist 00 Unknown,32 00 00 00,50
Sabor,xa_tz_3000.mdls,0,CA040,Resist 01 Physical,64 00 00 00,100
Sabor,xa_tz_3000.mdls,0,CA044,Resist 02 Fire,31 00 00 00,49
Sabor,xa_tz_3000.mdls,0,CA048,Resist 03 Blizzard,32 00 00 00,50
Sabor,xa_tz_3000.mdls,0,CA04C,Resist 04 Thunder,64 00 00 00,100
Sabor,xa_tz_3000.mdls,0,CA050,Resist 05 Unknown,64 00 00 00,100
Sabor,xa_tz_3000.mdls,0,CA054,Resist 06 Unknown,64 00 00 00,100
Sabor,xa_tz_3000.mdls,0,CA058,Resist 07 Unknown,64 00 00 00,100
Sabor,xa_tz_3000.mdls,0,CA05C,Resist 08 Percent HP,04 00 00 00,4
Sabor,xa_tz_3000.mdls,0,CA060,Resist 09 Stop,1E 00 00 00,30
Sabor,xa_tz_3000.mdls,0,CA064,Resist 0A Stun,32 00 00 00,50
Sabor,xa_tz_3000.mdls,0,CA068,Resist 0B Heal,64 00 00 00,100
Sabor,xa_tz_3000.mdls,0,CA06C,Resist 0C Unknown,64 00 00 00,100
Sabor,xa_tz_3000.mdls,0,CA070,Resist 0D Unknown,64 00 00 00,100
Sabor,xa_tz_3000.mdls,0,CA074,Resist 0E Unknown,64 00 00 00,100
Sabor,xa_tz_3000.mdls,0,CA078,Resist 0F Unknown,64 00 00 00,100
Sabor,xa_tz_3000.mdls,0,CA07C,??? (+68),00 00 00 00,0
Sabor,xa_tz_3000.mdls,1,CA080,HP,B4 00 00 00,180
Sabor,xa_tz_3000.mdls,1,CA084,ATK Level,06 00 00 00,6
Sabor,xa_tz_3000.mdls,1,CA088,DEF Level,06 00 00 00,6
Sabor,xa_tz_3000.mdls,1,CA08C,Min Damage Taken,02 00 00 00,2
Sabor,xa_tz_3000.mdls,1,CA090,Max Damage Taken,14 00 00 00,20
Sabor,xa_tz_3000.mdls,1,CA094,MP Recovery On Hit,10 00 00 00,16
Sabor,xa_tz_3000.mdls,1,CA098,Knockback Weight,00 00 80 3F,1
Sabor,xa_tz_3000.mdls,1,CA09C,EXP,96 00 00 00,150
Sabor,xa_tz_3000.mdls,1,CA0A0,??? (+20),11 14 00 00,5137
Sabor,xa_tz_3000.mdls,1,CA0A4,Outgoing Damage Multiplier,00 00 80 3F,1
Sabor,xa_tz_3000.mdls,1,CA0A8,Resist 00 Unknown,32 00 00 00,50
Sabor,xa_tz_3000.mdls,1,CA0AC,Resist 01 Physical,64 00 00 00,100
Sabor,xa_tz_3000.mdls,1,CA0B0,Resist 02 Fire,31 00 00 00,49
Sabor,xa_tz_3000.mdls,1,CA0B4,Resist 03 Blizzard,32 00 00 00,50
Sabor,xa_tz_3000.mdls,1,CA0B8,Resist 04 Thunder,64 00 00 00,100
Sabor,xa_tz_3000.mdls,1,CA0BC,Resist 05 Unknown,64 00 00 00,100
Sabor,xa_tz_3000.mdls,1,CA0C0,Resist 06 Unknown,64 00 00 00,100
Sabor,xa_tz_3000.mdls,1,CA0C4,Resist 07 Unknown,64 00 00 00,100
Sabor,xa_tz_3000.mdls,1,CA0C8,Resist 08 Percent HP,04 00 00 00,4
Sabor,xa_tz_3000.mdls,1,CA0CC,Resist 09 Stop,1E 00 00 00,30
Sabor,xa_tz_3000.mdls,1,CA0D0,Resist 0A Stun,32 00 00 00,50
Sabor,xa_tz_3000.mdls,1,CA0D4,Resist 0B Heal,64 00 00 00,100
Sabor,xa_tz_3000.mdls,1,CA0D8,Resist 0C Unknown,64 00 00 00,100
Sabor,xa_tz_3000.mdls,1,CA0DC,Resist 0D Unknown,64 00 00 00,100
Sabor,xa_tz_3000.mdls,1,CA0E0,Resist 0E Unknown,64 00 00 00,100
Sabor,xa_tz_3000.mdls,1,CA0E4,Resist 0F Unknown,64 00 00 00,100
Sabor,xa_tz_3000.mdls,1,CA0E8,??? (+68),00 00 00 00,0
Sabor,xa_tz_3000.mdls,2,CA0EC,HP,5A 00 00 00,90
Sabor,xa_tz_3000.mdls,2,CA0F0,ATK Level,06 00 00 00,6
Sabor,xa_tz_3000.mdls,2,CA0F4,DEF Level,06 00 00 00,6
Sabor,xa_tz_3000.mdls,2,CA0F8,Min Damage Taken,02 00 00 00,2
Sabor,xa_tz_3000.mdls,2,CA0FC,Max Damage Taken,14 00 00 00,20
Sabor,xa_tz_3000.mdls,2,CA100,MP Recovery On Hit,10 00 00 00,16
Sabor,xa_tz_3000.mdls,2,CA104,Knockback Weight,00 00 80 3F,1
Sabor,xa_tz_3000.mdls,2,CA108,EXP,0F 00 00 00,15
Sabor,xa_tz_3000.mdls,2,CA10C,??? (+20),11 14 00 00,5137
Sabor,xa_tz_3000.mdls,2,CA110,Outgoing Damage Multiplier,00 00 00 3F,0.5
Sabor,xa_tz_3000.mdls,2,CA114,Resist 00 Unknown,32 00 00 00,50
Sabor,xa_tz_3000.mdls,2,CA118,Resist 01 Physical,64 00 00 00,100
Sabor,xa_tz_3000.mdls,2,CA11C,Resist 02 Fire,31 00 00 00,49
Sabor,xa_tz_3000.mdls,2,CA120,Resist 03 Blizzard,32 00 00 00,50
Sabor,xa_tz_3000.mdls,2,CA124,Resist 04 Thunder,64 00 00 00,100
Sabor,xa_tz_3000.mdls,2,CA128,Resist 05 Unknown,64 00 00 00,100
Sabor,xa_tz_3000.mdls,2,CA12C,Resist 06 Unknown,64 00 00 00,100
Sabor,xa_tz_3000.mdls,2,CA130,Resist 07 Unknown,64 00 00 00,100
Sabor,xa_tz_3000.mdls,2,CA134,Resist 08 Percent HP,04 00 00 00,4
Sabor,xa_tz_3000.mdls,2,CA138,Resist 09 Stop,1E 00 00 00,30
Sabor,xa_tz_3000.mdls,2,CA13C,Resist 0A Stun,32 00 00 00,50
Sabor,xa_tz_3000.mdls,2,CA140,Resist 0B Heal,64 00 00 00,100
Sabor,xa_tz_3000.mdls,2,CA144,Resist 0C Unknown,64 00 00 00,100
Sabor,xa_tz_3000.mdls,2,CA148,Resist 0D Unknown,64 00 00 00,100
Sabor,xa_tz_3000.mdls,2,CA14C,Resist 0E Unknown,64 00 00 00,100
Sabor,xa_tz_3000.mdls,2,CA150,Resist 0F Unknown,64 00 00 00,100
Sabor,xa_tz_3000.mdls,2,CA154,??? (+68),00 00 00 00,0
Clayton,xa_tz_3010.mdls,0,CF614,HP,FA 00 00 00,250
Clayton,xa_tz_3010.mdls,0,CF618,ATK Level,06 00 00 00,6
Clayton,xa_tz_3010.mdls,0,CF61C,DEF Level,06 00 00 00,6
Clayton,xa_tz_3010.mdls,0,CF620,Min Damage Taken,02 00 00 00,2
Clayton,xa_tz_3010.mdls,0,CF624,Max Damage Taken,0F 00 00 00,15
Clayton,xa_tz_3010.mdls,0,CF628,MP Recovery On Hit,14 00 00 00,20
Clayton,xa_tz_3010.mdls,0,CF62C,Knockback Weight,00 00 80 3F,1
Clayton,xa_tz_3010.mdls,0,CF630,EXP,F0 00 00 00,240
Clayton,xa_tz_3010.mdls,0,CF634,??? (+20),E1 13 00 00,5089
Clayton,xa_tz_3010.mdls,0,CF638,Outgoing Damage Multiplier,00 00 80 3F,1
Clayton,xa_tz_3010.mdls,0,CF63C,Resist 00 Unknown,32 00 00 00,50
Clayton,xa_tz_3010.mdls,0,CF640,Resist 01 Physical,64 00 00 00,100
Clayton,xa_tz_3010.mdls,0,CF644,Resist 02 Fire,31 00 00 00,49
Clayton,xa_tz_3010.mdls,0,CF648,Resist 03 Blizzard,32 00 00 00,50
Clayton,xa_tz_3010.mdls,0,CF64C,Resist 04 Thunder,64 00 00 00,100
Clayton,xa_tz_3010.mdls,0,CF650,Resist 05 Unknown,64 00 00 00,100
Clayton,xa_tz_3010.mdls,0,CF654,Resist 06 Unknown,64 00 00 00,100
Clayton,xa_tz_3010.mdls,0,CF658,Resist 07 Unknown,64 00 00 00,100
Clayton,xa_tz_3010.mdls,0,CF65C,Resist 08 Percent HP,04 00 00 00,4
Clayton,xa_tz_3010.mdls,0,CF660,Resist 09 Stop,64 00 00 00,100
Clayton,xa_tz_3010.mdls,0,CF664,Resist 0A Stun,32 00 00 00,50
Clayton,xa_tz_3010.mdls,0,CF668,Resist 0B Heal,64 00 00 00,100
Clayton,xa_tz_3010.mdls,0,CF66C,Resist 0C Unknown,64 00 00 00,100
Clayton,xa_tz_3010.mdls,0,CF670,Resist 0D Unknown,64 00 00 00,100
Clayton,xa_tz_3010.mdls,0,CF674,Resist 0E Unknown,64 00 00 00,100
Clayton,xa_tz_3010.mdls,0,CF678,Resist 0F Unknown,64 00 00 00,100
Clayton,xa_tz_3010.mdls,0,CF67C,??? (+68),00 02 00 00,512
Clayton and Stealth Sneak (Chameleon),xa_tz_3020.mdls,0,213D94,HP,EE 02 00 00,750
Clayton and Stealth Sneak (Chameleon),xa_tz_3020.mdls,0,213D98,ATK Level,06 00 00 00,6
Clayton and Stealth Sneak (Chameleon),xa_tz_3020.mdls,0,213D9C,DEF Level,06 00 00 00,6
Clayton and Stealth Sneak (Chameleon),xa_tz_3020.mdls,0,213DA0,Min Damage Taken,02 00 00 00,2
Clayton and Stealth Sneak (Chameleon),xa_tz_3020.mdls,0,213DA4,Max Damage Taken,14 00 00 00,20
Clayton and Stealth Sneak (Chameleon),xa_tz_3020.mdls,0,213DA8,MP Recovery On Hit,14 00 00 00,20
Clayton and Stealth Sneak (Chameleon),xa_tz_3020.mdls,0,213DAC,Knockback Weight,00 00 80 3F,1
Clayton and Stealth Sneak (Chameleon),xa_tz_3020.mdls,0,213DB0,EXP,1E 00 00 00,30
Clayton and Stealth Sneak (Chameleon),xa_tz_3020.mdls,0,213DB4,??? (+20),E5 13 00 00,5093
Clayton and Stealth Sneak (Chameleon),xa_tz_3020.mdls,0,213DB8,Outgoing Damage Multiplier,00 00 80 3F,1
Clayton and Stealth Sneak (Chameleon),xa_tz_3020.mdls,0,213DBC,Resist 00 Unknown,32 00 00 00,50
Clayton and Stealth Sneak (Chameleon),xa_tz_3020.mdls,0,213DC0,Resist 01 Physical,64 00 00 00,100
Clayton and Stealth Sneak (Chameleon),xa_tz_3020.mdls,0,213DC4,Resist 02 Fire,31 00 00 00,49
Clayton and Stealth Sneak (Chameleon),xa_tz_3020.mdls,0,213DC8,Resist 03 Blizzard,32 00 00 00,50
Clayton and Stealth Sneak (Chameleon),xa_tz_3020.mdls,0,213DCC,Resist 04 Thunder,64 00 00 00,100
Clayton and Stealth Sneak (Chameleon),xa_tz_3020.mdls,0,213DD0,Resist 05 Unknown,64 00 00 00,100
Clayton and Stealth Sneak (Chameleon),xa_tz_3020.mdls,0,213DD4,Resist 06 Unknown,64 00 00 00,100
Clayton and Stealth Sneak (Chameleon),xa_tz_3020.mdls,0,213DD8,Resist 07 Unknown,64 00 00 00,100
Clayton and Stealth Sneak (Chameleon),xa_tz_3020.mdls,0,213DDC,Resist 08 Percent HP,04 00 00 00,4
Clayton and Stealth Sneak (Chameleon),xa_tz_3020.mdls,0,213DE0,Resist 09 Stop,64 00 00 00,100
Clayton and Stealth Sneak (Chameleon),xa_tz_3020.mdls,0,213DE4,Resist 0A Stun,32 00 00 00,50
Clayton and Stealth Sneak (Chameleon),xa_tz_3020.mdls,0,213DE8,Resist 0B Heal,64 00 00 00,100
Clayton and Stealth Sneak (Chameleon),xa_tz_3020.mdls,0,213DEC,Resist 0C Unknown,64 00 00 00,100
Clayton and Stealth Sneak (Chameleon),xa_tz_3020.mdls,0,213DF0,Resist 0D Unknown,64 00 00 00,100
Clayton and Stealth Sneak (Chameleon),xa_tz_3020.mdls,0,213DF4,Resist 0E Unknown,64 00 00 00,100
Clayton and Stealth Sneak (Chameleon),xa_tz_3020.mdls,0,213DF8,Resist 0F Unknown,64 00 00 00,100
Clayton and Stealth Sneak (Chameleon),xa_tz_3020.mdls,0,213DFC,??? (+68),00 02 00 00,512
Clayton and Stealth Sneak (Chameleon),xa_tz_3020.mdls,1,213E00,HP,58 02 00 00,600
Clayton and Stealth Sneak (Chameleon),xa_tz_3020.mdls,1,213E04,ATK Level,12 00 00 00,18
Clayton and Stealth Sneak (Chameleon),xa_tz_3020.mdls,1,213E08,DEF Level,12 00 00 00,18
Clayton and Stealth Sneak (Chameleon),xa_tz_3020.mdls,1,213E0C,Min Damage Taken,02 00 00 00,2
Clayton and Stealth Sneak (Chameleon),xa_tz_3020.mdls,1,213E10,Max Damage Taken,14 00 00 00,20
Clayton and Stealth Sneak (Chameleon),xa_tz_3020.mdls,1,213E14,MP Recovery On Hit,35 00 00 00,53
Clayton and Stealth Sneak (Chameleon),xa_tz_3020.mdls,1,213E18,Knockback Weight,00 00 80 3F,1
Clayton and Stealth Sneak (Chameleon),xa_tz_3020.mdls,1,213E1C,EXP,2C 01 00 00,300
Clayton and Stealth Sneak (Chameleon),xa_tz_3020.mdls,1,213E20,??? (+20),E5 13 00 00,5093
Clayton and Stealth Sneak (Chameleon),xa_tz_3020.mdls,1,213E24,Outgoing Damage Multiplier,00 00 00 40,2
Clayton and Stealth Sneak (Chameleon),xa_tz_3020.mdls,1,213E28,Resist 00 Unknown,32 00 00 00,50
Clayton and Stealth Sneak (Chameleon),xa_tz_3020.mdls,1,213E2C,Resist 01 Physical,64 00 00 00,100
Clayton and Stealth Sneak (Chameleon),xa_tz_3020.mdls,1,213E30,Resist 02 Fire,31 00 00 00,49
Clayton and Stealth Sneak (Chameleon),xa_tz_3020.mdls,1,213E34,Resist 03 Blizzard,32 00 00 00,50
Clayton and Stealth Sneak (Chameleon),xa_tz_3020.mdls,1,213E38,Resist 04 Thunder,64 00 00 00,100
Clayton and Stealth Sneak (Chameleon),xa_tz_3020.mdls,1,213E3C,Resist 05 Unknown,64 00 00 00,100
Clayton and Stealth Sneak (Chameleon),xa_tz_3020.mdls,1,213E40,Resist 06 Unknown,64 00 00 00,100
Clayton and Stealth Sneak (Chameleon),xa_tz_3020.mdls,1,213E44,Resist 07 Unknown,64 00 00 00,100
Clayton and Stealth Sneak (Chameleon),xa_tz_3020.mdls,1,213E48,Resist 08 Percent HP,03 00 00 00,3
Clayton and Stealth Sneak (Chameleon),xa_tz_3020.mdls,1,213E4C,Resist 09 Stop,64 00 00 00,100
Clayton and Stealth Sneak (Chameleon),xa_tz_3020.mdls,1,213E50,Resist 0A Stun,32 00 00 00,50
Clayton and Stealth Sneak (Chameleon),xa_tz_3020.mdls,1,213E54,Resist 0B Heal,64 00 00 00,100
Clayton and Stealth Sneak (Chameleon),xa_tz_3020.mdls,1,213E58,Resist 0C Unknown,64 00 00 00,100
Clayton and Stealth Sneak (Chameleon),xa_tz_3020.mdls,1,213E5C,Resist 0D Unknown,64 00 00 00,100
Clayton and Stealth Sneak (Chameleon),xa_tz_3020.mdls,1,213E60,Resist 0E Unknown,64 00 00 00,100
Clayton and Stealth Sneak (Chameleon),xa_tz_3020.mdls,1,213E64,Resist 0F Unknown,64 00 00 00,100
Clayton and Stealth Sneak (Chameleon),xa_tz_3020.mdls,1,213E68,??? (+68),00 02 00 00,512
Clayton and Stealth Sneak (Chameleon) (Black),xa_tz_3040.mdls,0,213D94,HP,EE 02 00 00,750
Clayton and Stealth Sneak (Chameleon) (Black),xa_tz_3040.mdls,0,213D98,ATK Level,06 00 00 00,6
Clayton and Stealth Sneak (Chameleon) (Black),xa_tz_3040.mdls,0,213D9C,DEF Level,06 00 00 00,6
Clayton and Stealth Sneak (Chameleon) (Black),xa_tz_3040.mdls,0,213DA0,Min Damage Taken,02 00 00 00,2
Clayton and Stealth Sneak (Chameleon) (Black),xa_tz_3040.mdls,0,213DA4,Max Damage Taken,14 00 00 00,20
Clayton and Stealth Sneak (Chameleon) (Black),xa_tz_3040.mdls,0,213DA8,MP Recovery On Hit,14 00 00 00,20
Clayton and Stealth Sneak (Chameleon) (Black),xa_tz_3040.mdls,0,213DAC,Knockback Weight,00 00 80 3F,1
Clayton and Stealth Sneak (Chameleon) (Black),xa_tz_3040.mdls,0,213DB0,EXP,1E 00 00 00,30
Clayton and Stealth Sneak (Chameleon) (Black),xa_tz_3040.mdls,0,213DB4,??? (+20),E5 13 00 00,5093
Clayton and Stealth Sneak (Chameleon) (Black),xa_tz_3040.mdls,0,213DB8,Outgoing Damage Multiplier,00 00 80 3F,1
Clayton and Stealth Sneak (Chameleon) (Black),xa_tz_3040.mdls,0,213DBC,Resist 00 Unknown,32 00 00 00,50
Clayton and Stealth Sneak (Chameleon) (Black),xa_tz_3040.mdls,0,213DC0,Resist 01 Physical,64 00 00 00,100
Clayton and Stealth Sneak (Chameleon) (Black),xa_tz_3040.mdls,0,213DC4,Resist 02 Fire,31 00 00 00,49
Clayton and Stealth Sneak (Chameleon) (Black),xa_tz_3040.mdls,0,213DC8,Resist 03 Blizzard,32 00 00 00,50
Clayton and Stealth Sneak (Chameleon) (Black),xa_tz_3040.mdls,0,213DCC,Resist 04 Thunder,64 00 00 00,100
Clayton and Stealth Sneak (Chameleon) (Black),xa_tz_3040.mdls,0,213DD0,Resist 05 Unknown,64 00 00 00,100
Clayton and Stealth Sneak (Chameleon) (Black),xa_tz_3040.mdls,0,213DD4,Resist 06 Unknown,64 00 00 00,100
Clayton and Stealth Sneak (Chameleon) (Black),xa_tz_3040.mdls,0,213DD8,Resist 07 Unknown,64 00 00 00,100
Clayton and Stealth Sneak (Chameleon) (Black),xa_tz_3040.mdls,0,213DDC,Resist 08 Percent HP,04 00 00 00,4
Clayton and Stealth Sneak (Chameleon) (Black),xa_tz_3040.mdls,0,213DE0,Resist 09 Stop,64 00 00 00,100
Clayton and Stealth Sneak (Chameleon) (Black),xa_tz_3040.mdls,0,213DE4,Resist 0A Stun,32 00 00 00,50
Clayton and Stealth Sneak (Chameleon) (Black),xa_tz_3040.mdls,0,213DE8,Resist 0B Heal,64 00 00 00,100
Clayton and Stealth Sneak (Chameleon) (Black),xa_tz_3040.mdls,0,213DEC,Resist 0C Unknown,64 00 00 00,100
Clayton and Stealth Sneak (Chameleon) (Black),xa_tz_3040.mdls,0,213DF0,Resist 0D Unknown,64 00 00 00,100
Clayton and Stealth Sneak (Chameleon) (Black),xa_tz_3040.mdls,0,213DF4,Resist 0E Unknown,64 00 00 00,100
Clayton and Stealth Sneak (Chameleon) (Black),xa_tz_3040.mdls,0,213DF8,Resist 0F Unknown,64 00 00 00,100
Clayton and Stealth Sneak (Chameleon) (Black),xa_tz_3040.mdls,0,213DFC,??? (+68),00 02 00 00,512
Clayton and Stealth Sneak (Chameleon) (Black),xa_tz_3040.mdls,1,213E00,HP,58 02 00 00,600
Clayton and Stealth Sneak (Chameleon) (Black),xa_tz_3040.mdls,1,213E04,ATK Level,12 00 00 00,18
Clayton and Stealth Sneak (Chameleon) (Black),xa_tz_3040.mdls,1,213E08,DEF Level,12 00 00 00,18
Clayton and Stealth Sneak (Chameleon) (Black),xa_tz_3040.mdls,1,213E0C,Min Damage Taken,02 00 00 00,2
Clayton and Stealth Sneak (Chameleon) (Black),xa_tz_3040.mdls,1,213E10,Max Damage Taken,14 00 00 00,20
Clayton and Stealth Sneak (Chameleon) (Black),xa_tz_3040.mdls,1,213E14,MP Recovery On Hit,35 00 00 00,53
Clayton and Stealth Sneak (Chameleon) (Black),xa_tz_3040.mdls,1,213E18,Knockback Weight,00 00 80 3F,1
Clayton and Stealth Sneak (Chameleon) (Black),xa_tz_3040.mdls,1,213E1C,EXP,2C 01 00 00,300
Clayton and Stealth Sneak (Chameleon) (Black),xa_tz_3040.mdls,1,213E20,??? (+20),E5 13 00 00,5093
Clayton and Stealth Sneak (Chameleon) (Black),xa_tz_3040.mdls,1,213E24,Outgoing Damage Multiplier,00 00 00 40,2
Clayton and Stealth Sneak (Chameleon) (Black),xa_tz_3040.mdls,1,213E28,Resist 00 Unknown,32 00 00 00,50
Clayton and Stealth Sneak (Chameleon) (Black),xa_tz_3040.mdls,1,213E2C,Resist 01 Physical,64 00 00 00,100
Clayton and Stealth Sneak (Chameleon) (Black),xa_tz_3040.mdls,1,213E30,Resist 02 Fire,31 00 00 00,49
Clayton and Stealth Sneak (Chameleon) (Black),xa_tz_3040.mdls,1,213E34,Resist 03 Blizzard,32 00 00 00,50
Clayton and Stealth Sneak (Chameleon) (Black),xa_tz_3040.mdls,1,213E38,Resist 04 Thunder,64 00 00 00,100
Clayton and Stealth Sneak (Chameleon) (Black),xa_tz_3040.mdls,1,213E3C,Resist 05 Unknown,64 00 00 00,100
Clayton and Stealth Sneak (Chameleon) (Black),xa_tz_3040.mdls,1,213E40,Resist 06 Unknown,64 00 00 00,100
Clayton and Stealth Sneak (Chameleon) (Black),xa_tz_3040.mdls,1,213E44,Resist 07 Unknown,64 00 00 00,100
Clayton and Stealth Sneak (Chameleon) (Black),xa_tz_3040.mdls,1,213E48,Resist 08 Percent HP,03 00 00 00,3
Clayton and Stealth Sneak (Chameleon) (Black),xa_tz_3040.mdls,1,213E4C,Resist 09 Stop,64 00 00 00,100
Clayton and Stealth Sneak (Chameleon) (Black),xa_tz_3040.mdls,1,213E50,Resist 0A Stun,32 00 00 00,50
Clayton and Stealth Sneak (Chameleon) (Black),xa_tz_3040.mdls,1,213E54,Resist 0B Heal,64 00 00 00,100
Clayton and Stealth Sneak (Chameleon) (Black),xa_tz_3040.mdls,1,213E58,Resist 0C Unknown,64 00 00 00,100
Clayton and Stealth Sneak (Chameleon) (Black),xa_tz_3040.mdls,1,213E5C,Resist 0D Unknown,64 00 00 00,100
Clayton and Stealth Sneak (Chameleon) (Black),xa_tz_3040.mdls,1,213E60,Resist 0E Unknown,64 00 00 00,100
Clayton and Stealth Sneak (Chameleon) (Black),xa_tz_3040.mdls,1,213E64,Resist 0F Unknown,64 00 00 00,100
Clayton and Stealth Sneak (Chameleon) (Black),xa_tz_3040.mdls,1,213E68,??? (+68),00 02 00 00,512
